100644 blob eacc5077cf3e01d4213ad78fa2b680495a119790	.github/workflows/ci.yml
100644 blob 6c0ca10fce865ac0509ae6d4cb9afaceeb88a887	AGENTS.md
100644 blob e434d4640c40e4abbd1762e48f962b3cbdb4bed8	apps/desktop/electron.vite.config.ts
100644 blob 234bf0a0ef30981dab9e85d19b2828bc58647d09	apps/desktop/package.json
100644 blob e563c909c3f4fbb49a7cfd83898c9d247b6f37d9	apps/desktop/playwright.config.ts
100644 blob c6ffdb0aa85c5a7954386b04538291724d83dd28	apps/desktop/reference-capture.mjs
100644 blob 1addd0c5d80715747a816058416da0f9ae46d857	apps/desktop/src/main/drawio-bridge.ts
100644 blob fc21794ccc629deb55fcb02374661ae24d488026	apps/desktop/src/main/drawio-flow-bridge.ts
100644 blob 06a523caa384fb7e8fbc60a8e3c80d14b4edbdb1	apps/desktop/src/main/drawio-theme-bridge.ts
100644 blob a54a0dbb0606fb1cbab23a234034b83d098b06d1	apps/desktop/src/main/index.ts
100644 blob 3ef86288ca341e3d1adfc8e93811ce1cf389eccb	apps/desktop/src/main/presentation-settings.ts
100644 blob a7ae5a9f130f22842aff046d350bb05099a6a149	apps/desktop/src/main/repository.ts
100644 blob c36caa6ba363c176c65f3861c18adc495b09f9e2	apps/desktop/src/main/security.ts
100644 blob 440642c3df4dd70243e1f0231a7a777e65044ccd	apps/desktop/src/main/workbench.ts
100644 blob 947e6c9b04fa420db31686bc6daec69b8d40327f	apps/desktop/src/preload/bridge.ts
100644 blob c34b093fd766ad6afd8125baecf2a0cd9d8fc9ac	apps/desktop/src/preload/index.ts
100644 blob 63183c802beadc02af02bd2d99344ee45dccc597	apps/desktop/src/preload/presentation-bridge.ts
100644 blob 1080a7d464cc20d5114bff7598f4f1a918aa3a0b	apps/desktop/src/renderer/index.html
100644 blob 1c4beb06cc1a7c0ce39bf3bc7602aab268c871a7	apps/desktop/src/renderer/main.tsx
100644 blob a2e3b9f6dc0bea1d456afa8a0aa699011d22c7c9	apps/desktop/src/renderer/presentation-bootstrap.ts
100644 blob 081a4874d4627a3c08d0e4d318aad0fdff623d3c	apps/desktop/src/renderer/style.css
100644 blob dcbc867f886ee4983260e67f609804950a552030	apps/desktop/src/utility/index.ts
100644 blob 6439123a32d48ba4393c9b04539683181b7e8654	apps/desktop/tests/e2e/bundle-flows.spec.ts
100644 blob ab400c2ef65368129c1ecf67a5face02bb7679d4	apps/desktop/tests/e2e/desktop.spec.ts
100644 blob 024465721e46b73751d625233c65edc821b13e97	apps/desktop/tests/e2e/development.spec.ts
100644 blob e584fde8464ff2c5f35bd9d5853a12cff60f76f6	apps/desktop/tests/e2e/diagrams.spec.ts
100644 blob c344c502b44e80c8d7e679af72517dde8b9e50d8	apps/desktop/tests/e2e/repository.spec.ts
100644 blob e1085abcc954c8e855ccf496d5f8852fa203b356	apps/desktop/tests/e2e/ui-contract-theme-performance.spec.ts
100644 blob 12ad76e78240aa256c9b3190735e193bba46f168	apps/desktop/tests/e2e/ui-contract-theme.spec.ts
100644 blob 1a5bd0cec67dba6af45b59d156df62d541588ca8	apps/desktop/tests/e2e/ui-contract-token-cascade.spec.ts
100644 blob 1a163ee89842f71e8be3ca16b3a6cc1780b79f66	apps/desktop/tests/e2e/workbench-editing.spec.ts
100644 blob 03424fe8eb78a2365ae30896a98f2a61ad6f812c	apps/desktop/tests/e2e/workbench-multiroot.spec.ts
100644 blob bb97c665e48debf616ea689614c7ddf8eb3cbae5	apps/desktop/tests/e2e/workbench-paths.spec.ts
100644 blob d6993a7515fe49cbb91a3326676bf796343a4bed	apps/desktop/tests/e2e/workbench.spec.ts
100644 blob 03e6520d422a45fd7a84701773e45df136d98a95	apps/desktop/tests/unit/bridge.test.ts
100644 blob 25eb7b9957c691796f53fa6b36d817b869dd3bbb	apps/desktop/tests/unit/drawio-appearance.test.ts
100644 blob 5840bbdcd46cc986ee4f8ea974d6c26fe76c1d4a	apps/desktop/tests/unit/drawio-theme.test.ts
100644 blob 0fa5328a65ffaf29cca79f3b82ab2f6414f737fa	apps/desktop/tests/unit/presentation-bridge.test.ts
100644 blob 1345adc0874479b9c99de39b08e71475185818c3	apps/desktop/tests/unit/presentation-settings.test.ts
100644 blob ba21e061187d99755ae2e331ed2092a4fcc70f58	apps/desktop/tests/unit/security.test.ts
100644 blob 2410c48db6a903226b2d61ed1aa4282d8ec284a3	apps/desktop/tests/unit/workbench.test.ts
100644 blob 91115ed3c1f4667f618bbef6db8ef8d67b41d34d	apps/desktop/tsconfig.json
100644 blob e25b21cd47f1ecd45ffd31a722d157cf77ca893d	apps/desktop/vendor/README.md
100644 blob 41c7ac46ca745313873e1ec37e948d3e094fee17	apps/desktop/vendor/drawio-manifest.json
100644 blob f49a4e16e68b128803cc2dcea614603632b04eac	apps/desktop/vendor/drawio/LICENSE
100644 blob 40120ad675b7421bcc9a24d7f4a8e5d1979e4c7d	apps/desktop/vendor/drawio/favicon.ico
100644 blob 91a99b94e23a00cc8133f22e3fe2a0b48a015808	apps/desktop/vendor/drawio/images/1x1.png
100644 blob 91a99b94e23a00cc8133f22e3fe2a0b48a015808	apps/desktop/vendor/drawio/images/2x2.png
100644 blob 91a99b94e23a00cc8133f22e3fe2a0b48a015808	apps/desktop/vendor/drawio/images/3x3.png
100644 blob 47adbf03dafbdabb57e1c1dbf8633d0347f66956	apps/desktop/vendor/drawio/images/ajax-loader.gif
100644 blob 182d5391928400109a7c13abc184009d44e30947	apps/desktop/vendor/drawio/images/android-chrome-512x512.png
100644 blob 3de2c08510a1d42a55ea8865e5249f4115ad8e28	apps/desktop/vendor/drawio/images/apple-touch-icon.png
100644 blob 084ecb879b9900663322beff5d735b8d225022b4	apps/desktop/vendor/drawio/images/aui-wait.gif
100644 blob cf37dd910a054cfa7ca3b7d0542d99b81499baff	apps/desktop/vendor/drawio/images/broken.png
100644 blob e60ba769d18cddb1a1062abf19c6da6a8b0ccf08	apps/desktop/vendor/drawio/images/browserconfig.xml
100644 blob f68c89915c1e2dcc06f3169aee283375da754b48	apps/desktop/vendor/drawio/images/close.png
100644 blob 7e3146f97baca9552dbc55a15f9de7f9ba731598	apps/desktop/vendor/drawio/images/cloud-connector-atlas.png
100644 blob ce977743d5a8711558dbb0ded3efbedd6027187e	apps/desktop/vendor/drawio/images/collapsed.gif
100644 blob e49a97d6f5cd964966869890ddcae03cc83764bd	apps/desktop/vendor/drawio/images/delete.png
100644 blob ab07cb62836ff8b5074f69562afac2a928671e5a	apps/desktop/vendor/drawio/images/document-google-drive-icon-80.png
100644 blob b8e35a1cdbd08dc4e2d584a33c6d728059d627a8	apps/desktop/vendor/drawio/images/draw-search.png
100644 blob 99c42949d8ee985cc466ff782830ed8091b2deb8	apps/desktop/vendor/drawio/images/drawio.svg
100644 blob 30a5088818a3e41dc86f136cd5a7f0eaf73ee24a	apps/desktop/vendor/drawio/images/drawlogo-color.svg
100644 blob b335577841f3717c3ea29fcb63f44bdf76cce051	apps/desktop/vendor/drawio/images/drawlogo-gray.svg
100644 blob 8bb3ecc6bf671809361185fa064776810357daa6	apps/desktop/vendor/drawio/images/drawlogo-text-bottom.svg
100644 blob 3479f543bd5ade45afa9ec5edd1109a7e927d647	apps/desktop/vendor/drawio/images/drawlogo.svg
100644 blob fc940d2c483396093daeda4bb58505b6d93fcb1c	apps/desktop/vendor/drawio/images/drawlogo128.png
100644 blob 28462e829ee115e6728ee3433cb48d55ccea85ec	apps/desktop/vendor/drawio/images/drawlogo144.png
100644 blob 0988847608cb71555a96e15be7431c1f9336465b	apps/desktop/vendor/drawio/images/drawlogo256.png
100644 blob a32903f4f7b4e338d512155d898e104a057317dd	apps/desktop/vendor/drawio/images/drawlogo48-gray.png
100644 blob 8d64c292dc881e2efc066827c8870b7bad9d3205	apps/desktop/vendor/drawio/images/drawlogo48.png
100644 blob df13d730e384ceac3ba638f58ae153c5e18a0378	apps/desktop/vendor/drawio/images/drawlogo80.png
100644 blob 49d2573d1739867e94322df978a63f9e2e3c31a8	apps/desktop/vendor/drawio/images/dropbox-logo-white.svg
100644 blob f2382fc5db95bf1b832da5c056f3dbde4210a4c9	apps/desktop/vendor/drawio/images/dropbox-logo.svg
100644 blob f5abd68fdeb193100b0abac55aff38fb6de5a9f6	apps/desktop/vendor/drawio/images/droptarget.png
100644 blob 3c07607352ff29f679e2e6b3383857f5f5b5cb03	apps/desktop/vendor/drawio/images/edit.gif
100644 blob bdc19111f4faa93c47179f453438910183702c11	apps/desktop/vendor/drawio/images/edit16.png
100644 blob 8fbf2f827dce3834f3f740d86aa093f73a158dcd	apps/desktop/vendor/drawio/images/edit32.png
100644 blob 530d520bd2829463797adf6e827773c9be23141a	apps/desktop/vendor/drawio/images/edit80.png
100644 blob a9131ac9aadea031347359bf3cf87fdf6cef3715	apps/desktop/vendor/drawio/images/embed-icon.png
100644 blob 461297fc8057218ebfc0d47455bcca8864421635	apps/desktop/vendor/drawio/images/expanded.gif
100644 blob b29439cfbaafb80cd2a215b67e9420eb3017ea80	apps/desktop/vendor/drawio/images/facebook.png
100644 blob 66cd733887f01168a08fd6915a8daff6dd591044	apps/desktop/vendor/drawio/images/favicon-16x16.png
100644 blob 32345d95a797799750b73e9832164ceeac7ca3c0	apps/desktop/vendor/drawio/images/favicon-32x32.png
100644 blob 2b3a037857bc3a8b1409dc64047979bb2872c49a	apps/desktop/vendor/drawio/images/file.png
100644 blob 720ddc33a27771d78f6a61b01846a8f210ecb012	apps/desktop/vendor/drawio/images/folder.png
100644 blob e066df73beebb0c3739d98c5ab6d5540ee2c0ba6	apps/desktop/vendor/drawio/images/gadget-screenshot.png
100644 blob ee0fce1985e20f471aa5d98ca2d3cb277d4ec50b	apps/desktop/vendor/drawio/images/gadget-thumb.png
100644 blob bdc2dd9c04296f264823d29633d1e4070daf55be	apps/desktop/vendor/drawio/images/github-logo-white.svg
100644 blob 1f883261b243111b00d932d6033a8b538b1ecae7	apps/desktop/vendor/drawio/images/github-logo.svg
100644 blob 03838329d45e5d3c97a52f5009baeddccf1a8677	apps/desktop/vendor/drawio/images/gitlab-logo-white.svg
100644 blob fd2bdb83b5eb8da556e217cae3ff38b481d80b81	apps/desktop/vendor/drawio/images/gitlab-logo.svg
100644 blob 1a79f643d50c36519907be1891f564ec1bfc2974	apps/desktop/vendor/drawio/images/glyphicons_blogger.png
100644 blob c979a07611c595955aaf78cc07b095cb019392ec	apps/desktop/vendor/drawio/images/glyphicons_facebook.png
100644 blob 5a5e6a08ef04d62c3b4e7d7857a0a38e9bbe38c4	apps/desktop/vendor/drawio/images/glyphicons_github.png
100644 blob bca4422bf022895fac94b481368852f0ecfa67ad	apps/desktop/vendor/drawio/images/glyphicons_google.png
100644 blob ac65144947f28ea0fa547daad86e505eb07764fd	apps/desktop/vendor/drawio/images/glyphicons_star.png
100644 blob a0b598f15de86cd7c71387eea5b1c1190b682bff	apps/desktop/vendor/drawio/images/glyphicons_twitter.png
100644 blob c7dd5be5f42ea174dccc4146bbc3e32d4a8f9e37	apps/desktop/vendor/drawio/images/glyphicons_youtube.png
100644 blob 09574bc6154668ce8800208f34455a1ec5e81cd9	apps/desktop/vendor/drawio/images/google-drive-connector-atlas.png
100644 blob d58593073a115e3b0922d9a83c2a728e93d1ae20	apps/desktop/vendor/drawio/images/google-drive-connector-atlas.svg
100644 blob cbaa19c92945cd27f8c7a0e7b9ee7cbfacfd79a9	apps/desktop/vendor/drawio/images/google-drive-logo-white.svg
100644 blob 136fa50ec8eae623fef58ec9f8c721a32697833f	apps/desktop/vendor/drawio/images/google-drive-logo.svg
100644 blob d1b2fa0519f6fec7a1a8b138f7199e7a2db3bf0d	apps/desktop/vendor/drawio/images/google-share.png
100644 blob 7c7d26e5759aaffd75b80060b96ce4e82db4f73b	apps/desktop/vendor/drawio/images/icon-192-maskable.png
100644 blob dda2a2ea715ad04c63e63bb96461d1bb6668ecd1	apps/desktop/vendor/drawio/images/icon-192.png
100644 blob 489a6fe9cac0605561b880d5e158dfb82cf29b3d	apps/desktop/vendor/drawio/images/icon-512-maskable.png
100644 blob ac6aedcc63fced529abd7cda084cdff4b7201bcd	apps/desktop/vendor/drawio/images/icon-512.png
100644 blob e56ccef2db09ee187212951d3492078274cf0ab6	apps/desktop/vendor/drawio/images/icon-search.svg
100644 blob c374d3b1bc4468968eaeb4f1dbb3d0aa5487e954	apps/desktop/vendor/drawio/images/img-hi-res.png
100644 blob b8371f98c5dbe73b4279d0c6ada738e35eccfe5d	apps/desktop/vendor/drawio/images/img-lo-res.png
100644 blob 3a0ba41fd339e22180d13278d952b78e0942bc0f	apps/desktop/vendor/drawio/images/list.svg
100644 blob 49aad58db20d21ffde3a2db9d3749cdf09c093ac	apps/desktop/vendor/drawio/images/locked.png
100644 blob 91a99b94e23a00cc8133f22e3fe2a0b48a015808	apps/desktop/vendor/drawio/images/log.png
100644 blob fdf0a689e2ff27ee75fb7f6e4eb01b2b3588f29f	apps/desktop/vendor/drawio/images/logo-confluence.png
100644 blob c8d87ff05f246c0a2a6a73038038dce49e58c1b0	apps/desktop/vendor/drawio/images/logo-flat-small.png
100644 blob dda6ff348e9fb11692168351634f34a7e5240613	apps/desktop/vendor/drawio/images/logo-flat.png
100644 blob 764a3f8dc6558c478ed7fa19b3df880eb9a82652	apps/desktop/vendor/drawio/images/logo-jira.png
100644 blob 9b428fdc9610a2d6ab9495f5f4a9073ee769669f	apps/desktop/vendor/drawio/images/logo-small.gif
100644 blob 827b7e0b312c1e79b87bf4d7951f69c4b1cac890	apps/desktop/vendor/drawio/images/logo-white.png
100644 blob 3b72c762f7f5c028e2fadeaaea54e2155761d8c6	apps/desktop/vendor/drawio/images/logo.png
100644 blob d8d46181f0ef3dd739b755fa4d28255bed60008d	apps/desktop/vendor/drawio/images/manifest.json
100644 blob 9f4bc916a35de7d16a8815b31aaf9def3a5b7ac0	apps/desktop/vendor/drawio/images/move.png
100644 blob 3f51c6ad780e52fff5da902e242813685f93e71f	apps/desktop/vendor/drawio/images/notion-logo-white.svg
100644 blob 2fd319930d12478f02b22375d0bc66060b5782b1	apps/desktop/vendor/drawio/images/notion-logo.svg
100644 blob 7e3146f97baca9552dbc55a15f9de7f9ba731598	apps/desktop/vendor/drawio/images/onedrive-connector-atlas.png
100644 blob c0ef1fa0bf8e4e6126b6814106cd5d3e3f3f673b	apps/desktop/vendor/drawio/images/onedrive-connector-atlas.svg
100644 blob 50fce658d9a2f25c059bb724d37f8da66e9bce91	apps/desktop/vendor/drawio/images/onedrive-logo-white.svg
100644 blob 8ae5c04ce8379b3c8684c6d4307a36cbefda5177	apps/desktop/vendor/drawio/images/onedrive-logo.svg
100644 blob de4c19ae86cdd1cd6ae65c84901788fe50b0d5fa	apps/desktop/vendor/drawio/images/osa_database.png
100644 blob aaa9f644cc07aa8307ccfc3d6bb42e10b229f547	apps/desktop/vendor/drawio/images/osa_drive-harddisk.png
100644 blob e231e87088389dfa48fa8a909874c0cfd5de9057	apps/desktop/vendor/drawio/images/plant-uml-atlas.png
100644 blob 692f151f18cef51f42b6465113b5ac56a0d77a23	apps/desktop/vendor/drawio/images/samepage-icon-color.svg
100644 blob 1c56ae9e61afa2ad3bdfe404e309f89fe61af7e1	apps/desktop/vendor/drawio/images/save.png
100644 blob b6e315c91e84ab3ff51d723208696b895032ac1b	apps/desktop/vendor/drawio/images/sidebar-active_directory.png
100644 blob 20103b77f207c0fc98a4580e3de7d9d7f692a7ea	apps/desktop/vendor/drawio/images/sidebar-alibaba_cloud.png
100644 blob be89a87ce333ac9cf04b61c6b5651493c93ce942	apps/desktop/vendor/drawio/images/sidebar-allied_telesis.png
100644 blob 32eb3fb253dd6d22b002248f0313b2b88cd42151	apps/desktop/vendor/drawio/images/sidebar-android.png
100644 blob 0cd65632b303979ea305cf01c68c70633200172d	apps/desktop/vendor/drawio/images/sidebar-archimate.png
100644 blob 18cd05dce83de4c876c57cbe59b210ac625b5bad	apps/desktop/vendor/drawio/images/sidebar-archimate3.png
100644 blob 9500e2fb26966c539a4923605f82fd3289cef71b	apps/desktop/vendor/drawio/images/sidebar-archimate4.png
100644 blob 0468a9f08ee5a92470e454c9f63ef273961aa862	apps/desktop/vendor/drawio/images/sidebar-arrows.png
100644 blob 06ebbbef14dda153ad716d537cf453ed752ddb08	apps/desktop/vendor/drawio/images/sidebar-arrows2.png
100644 blob 91aecd760d363001935ce4baa40ec3269ab5ce19	apps/desktop/vendor/drawio/images/sidebar-atlassian.png
100644 blob 6a63ac3e4c6374f1953863d2f273298e996afc0e	apps/desktop/vendor/drawio/images/sidebar-atlassian2.png
100644 blob afd190a5ff6250812a3960aa9ece16b8713a0f7f	apps/desktop/vendor/drawio/images/sidebar-aws.png
100644 blob 1fe164faf713b7642c68eec5b977ad8d5dfa6769	apps/desktop/vendor/drawio/images/sidebar-aws3.png
100644 blob e8b426fb0e73bd82812b1203f4e7e96107d4b4e0	apps/desktop/vendor/drawio/images/sidebar-aws3d.png
100644 blob 74866f30f4aae3d402b72c678562b4767f3f5c91	apps/desktop/vendor/drawio/images/sidebar-aws4.png
100644 blob e36dbc98965ac647ade4a8e4552aa1481407f9e6	apps/desktop/vendor/drawio/images/sidebar-aws4b.png
100644 blob 049227a2630a697ded5a1a5cbfbf8665c6b62cbc	apps/desktop/vendor/drawio/images/sidebar-aws4r.png
100644 blob cbcaaec2e02674ccde063870906c7e71eb22af60	apps/desktop/vendor/drawio/images/sidebar-azure.png
100644 blob 88e922493336283e7fbb330dfb51921f377baeb5	apps/desktop/vendor/drawio/images/sidebar-basic.png
100644 blob 8c8fd1480490e5ddb25795e11d27ceaadfe0c8ce	apps/desktop/vendor/drawio/images/sidebar-bootstrap.png
100644 blob 12f6d3b490bffc400407f4dad05260835acb3888	apps/desktop/vendor/drawio/images/sidebar-bpmn.png
100644 blob da25bca69921290ebcd4a4ca1472353f259cf7a7	apps/desktop/vendor/drawio/images/sidebar-c4.png
100644 blob 0c24ce3010fde2653749956ba0b8a6d2470e2d82	apps/desktop/vendor/drawio/images/sidebar-cabinets.png
100644 blob c189f0bb9fc7d9492a7256629739defe334aa08f	apps/desktop/vendor/drawio/images/sidebar-cisco.png
100644 blob 5eb0f4e77ce8e8b3b90b14b5ba1c52041becfdbd	apps/desktop/vendor/drawio/images/sidebar-cisco19.png
100644 blob 962d30d9369dd19a1008b6e79d5c2cce8b9a5925	apps/desktop/vendor/drawio/images/sidebar-cisco_safe.png
100644 blob 480cdf1f4ad209c2b051c8affa44175436236d4d	apps/desktop/vendor/drawio/images/sidebar-citrix.png
100644 blob 4b3480453dd78b9c19d4b110bfd4f513d0d39a96	apps/desktop/vendor/drawio/images/sidebar-citrix2.png
100644 blob 5d1ace928452f89483c6fb3874c174e808750edc	apps/desktop/vendor/drawio/images/sidebar-clipart.png
100644 blob 06f44f6b7e6721f5cdedcd146f7eff8d79e8839d	apps/desktop/vendor/drawio/images/sidebar-cumulus.png
100644 blob 75519f8d25e9cbcf0b9d8ff48a615c73525ed201	apps/desktop/vendor/drawio/images/sidebar-dfd.png
100644 blob 6158a1627978a57841381f9077a41822f32d0fa1	apps/desktop/vendor/drawio/images/sidebar-dynamics365.png
100644 blob 02a0a1cb54fd8a1fd515611c28bc57dde2f90364	apps/desktop/vendor/drawio/images/sidebar-eip.png
100644 blob c4a4617bdce4c04b5b188846aac5611c1eb4e1eb	apps/desktop/vendor/drawio/images/sidebar-electrical.png
100644 blob e213751fda1c12f381a9be68e3955261b36ee696	apps/desktop/vendor/drawio/images/sidebar-er.png
100644 blob 863e664804d11f8d4699de65c5868672283e22a3	apps/desktop/vendor/drawio/images/sidebar-floorplans.png
100644 blob 46ecf664a6339b6d5031286bfe30bb655d3aa0e5	apps/desktop/vendor/drawio/images/sidebar-flowchart.png
100644 blob d2fd0e458f514e711bb3a44fee0b17dc40fc8415	apps/desktop/vendor/drawio/images/sidebar-fluid_power.png
100644 blob dd1d17be2ed8f8fc1baad2f342248cdf80f6fe3d	apps/desktop/vendor/drawio/images/sidebar-gcp.png
100644 blob 0d7e9b17ef7d5a961f75d0c956195c4ca8b60650	apps/desktop/vendor/drawio/images/sidebar-gcp19.png
100644 blob 0563dbd3e40a2a031da4e499445856334b7e3892	apps/desktop/vendor/drawio/images/sidebar-gcp2.png
100644 blob 7c41106bdbc49fe8bd4bb42f19ada79aa95cd1de	apps/desktop/vendor/drawio/images/sidebar-gcp3.png
100644 blob 01f184aa19f3c73eef782fa47df7bace16b58b73	apps/desktop/vendor/drawio/images/sidebar-gcpicons.png
100644 blob 77da9c3465755909788b4218b51685888cdaced6	apps/desktop/vendor/drawio/images/sidebar-general.png
100644 blob 4014804b320b79b546a9a88235b2925c0d2073e0	apps/desktop/vendor/drawio/images/sidebar-gmdl.png
100644 blob 71da2c50ad0e2b093290234b9d80f6f8b1d1779b	apps/desktop/vendor/drawio/images/sidebar-ibm.png
100644 blob f0273d4df81c4fcf8a5ebbded41c3f7faed9036b	apps/desktop/vendor/drawio/images/sidebar-ibmcloud.png
100644 blob a23c7935508028d1c1ae5ec8b9f07819b64733cc	apps/desktop/vendor/drawio/images/sidebar-infographic.png
100644 blob f95e69726e475262e098feac1fdba654a2d4e79e	apps/desktop/vendor/drawio/images/sidebar-ios.png
100644 blob 5a163a21687a0125caad6ccbd7fa74f859e38ed3	apps/desktop/vendor/drawio/images/sidebar-kubernetes.png
100644 blob 7f5eb126a44408109d1d94d974ff366bbfe2ef3a	apps/desktop/vendor/drawio/images/sidebar-leanmapping.png
100644 blob 679061626d64a2ae12105b3400bd7f1fe73403ec	apps/desktop/vendor/drawio/images/sidebar-mockups.png
100644 blob 4de361bdfb4c90f584b778783a5fad49cec61414	apps/desktop/vendor/drawio/images/sidebar-mscae.png
100644 blob 43567fed09bdeac0c32bf38c1f54bf7e6ae9ffec	apps/desktop/vendor/drawio/images/sidebar-network.png
100644 blob 39e190a16b91fdfd93d0760fa88da3cf6e5025a1	apps/desktop/vendor/drawio/images/sidebar-network2.png
100644 blob 21af600f050cb744c5a12e930208827df49b4c42	apps/desktop/vendor/drawio/images/sidebar-office.png
100644 blob 92b637de7583579d38fcab078ef025f3b7e78819	apps/desktop/vendor/drawio/images/sidebar-openstack.png
100644 blob 9297329126fee7bb68821a75d5a94588210e5f2c	apps/desktop/vendor/drawio/images/sidebar-pid.png
100644 blob 086283ae89342091c9a13fac7b090b9c712aa676	apps/desktop/vendor/drawio/images/sidebar-rack.png
100644 blob d411709ba602b347b2cb7b5e1ef06d7ac5fe0fcc	apps/desktop/vendor/drawio/images/sidebar-salesforce.png
100644 blob ff1f6ca3a1a60ea7b4178d4f971ec624aad47ba7	apps/desktop/vendor/drawio/images/sidebar-sap.png
100644 blob d5e3af00d0dc6a9bf90b27c140db0da7a0b4aa09	apps/desktop/vendor/drawio/images/sidebar-signs.png
100644 blob 34bc75a92dc45d4e6f3eef13d96e2bd45edbde52	apps/desktop/vendor/drawio/images/sidebar-sitemap.png
100644 blob 9bb1a7b0ced57c16b78971b1ea770cbdab27bc56	apps/desktop/vendor/drawio/images/sidebar-sysml.png
100644 blob a67c6e175a494399fae8c6c739eae4605951b74c	apps/desktop/vendor/drawio/images/sidebar-threatmodeling.png
100644 blob 6b8011ebbbdd87a00ad993d08ccc704a6e8f4a68	apps/desktop/vendor/drawio/images/sidebar-uml.png
100644 blob 46435c2423061ead19050353705ffbdcae97abd8	apps/desktop/vendor/drawio/images/sidebar-uml25.png
100644 blob b91967b35d2a8e986a1a11add23c66cb782dbf40	apps/desktop/vendor/drawio/images/sidebar-veeam.png
100644 blob 16551689b0d2234858997c909fe07b8ef267fa15	apps/desktop/vendor/drawio/images/sidebar-vvd.png
100644 blob 0bb18a059cb5747a70c6d3218576669ace99d79d	apps/desktop/vendor/drawio/images/sidebar-webIcons.png
100644 blob 51a2fe0a6fb344d80a0b8230bc9bc4e8db7cc947	apps/desktop/vendor/drawio/images/sketch-logo128.png
100644 blob 6a4de668fb41ed6e501f69c7aab4d2d6f6f06c1d	apps/desktop/vendor/drawio/images/spin.gif
100644 blob 487caa2b09f640b7bfa1c4f3a6b8f977c2489de2	apps/desktop/vendor/drawio/images/sprites.png
100644 blob cc94622cb2ef6bc4e293291450e8262e2ff915aa	apps/desktop/vendor/drawio/images/stop-flat-icon-80.png
100644 blob ffe76176db93a40bbfcb96e60789886f68de0e49	apps/desktop/vendor/drawio/images/submenu.gif
100644 blob e5b9fca8198aa1003693df23ba481dc317b97b8a	apps/desktop/vendor/drawio/images/touch-submenu.png
100644 blob 76040f2b09d80470ad0536404ead54c3dba51d8e	apps/desktop/vendor/drawio/images/transparent.gif
100644 blob 24e1604c23f7c2783f864c9d223c9d846f1e7c5e	apps/desktop/vendor/drawio/images/trello-logo-white-orange.svg
100644 blob 89c4da999e61f8dfbaf643a3e5d1933a4a10c61a	apps/desktop/vendor/drawio/images/trello-logo-white.svg
100644 blob f8e2bd47c0b818298a0dc6f426b11fa81bb6ed9b	apps/desktop/vendor/drawio/images/trello-logo.svg
100644 blob 01c8083e19cff6419ff2deddf3ccca771ee04baf	apps/desktop/vendor/drawio/images/tweet.png
100644 blob ce060e2e19ceed84d140eb13875219bee7697ad6	apps/desktop/vendor/drawio/images/update16.png
100644 blob 08e663f131463a3d07937c532bef619286e56a81	apps/desktop/vendor/drawio/images/update32.png
100644 blob d58b36cb05575700e5db0c23b901140ff159780c	apps/desktop/vendor/drawio/images/update80.png
100644 blob 117d84c2f012a53a4046d302568dfd4c261311a5	apps/desktop/vendor/drawio/images/youtube.png
100644 blob 5359074d543648699e8c66e603149f2d6de3915f	apps/desktop/vendor/drawio/img/LICENSE
100644 blob 85e95ab90a2029fe9e56970abe28d16be5b4080e	apps/desktop/vendor/drawio/img/clipart/Battery_0_128x128.png
100644 blob d573e09b33356293e5af9c6ed61904bf64b5dceb	apps/desktop/vendor/drawio/img/clipart/Battery_100_128x128.png
100644 blob a94dff1fdac455472bf4ec9ba3955d58a2e91897	apps/desktop/vendor/drawio/img/clipart/Battery_50_128x128.png
100644 blob 0058dfc7284fcd2cc2e2798e769396ff5c75cbd2	apps/desktop/vendor/drawio/img/clipart/Battery_75_128x128.png
100644 blob 169fec38ae7aea4426980b2c21b7ef49a7b2eb9c	apps/desktop/vendor/drawio/img/clipart/Battery_allstates_128x128.png
100644 blob c59cd4eb9ec2963a138373c89de0fbdd9436fbf6	apps/desktop/vendor/drawio/img/clipart/Bluetooth_128x128.png
100644 blob b5b07aa2914f4599b0ecf7a4b80a1a9d95f35409	apps/desktop/vendor/drawio/img/clipart/Earth_globe_128x128.png
100644 blob f3c82a539c371a97dc654b58490a0ac022a5cdc9	apps/desktop/vendor/drawio/img/clipart/Empty_Folder_128x128.png
100644 blob 6ced5dfdd420deb9ce62d8cbbbed31906201b8da	apps/desktop/vendor/drawio/img/clipart/Full_Folder_128x128.png
100644 blob 6a552a97204d5b7fb6b0ea9d4a2ecbbd73c36f10	apps/desktop/vendor/drawio/img/clipart/Gear_128x128.png
100644 blob e178dd30f35f921373f4762895fc55259707e188	apps/desktop/vendor/drawio/img/clipart/Keys_128x128.png
100644 blob bfd0c077bcb986b1fb4c45bc7dc8ef7ce6d19d1e	apps/desktop/vendor/drawio/img/clipart/Lock_128x128.png
100644 blob a334a231f8e07649661e2b6a2df68371a7c35c4f	apps/desktop/vendor/drawio/img/clipart/Mouse_Pointer_128x128.png
100644 blob 8793b3e1d0297b301e83fc29687bd2c70c723517	apps/desktop/vendor/drawio/img/clipart/Plug_128x128.png
100644 blob 823ef18286e487c84214691ef5f57789d2c1f881	apps/desktop/vendor/drawio/img/clipart/Ships_Wheel_128x128.png
100644 blob 16794dd3be5f7f264ea4e5841f59d2932b75b4cc	apps/desktop/vendor/drawio/img/clipart/Star_128x128.png
100644 blob 8c6329b8f82d8c57c01f13e7bac273a2d4c5a42b	apps/desktop/vendor/drawio/img/clipart/Tire_128x128.png
100644 blob 1e596954a73a03b8a47c7aa2cad440b317f08662	apps/desktop/vendor/drawio/img/computers/Antivirus_128x128.png
100644 blob 2abd9885ac82672ab283c8fdc1bd8c5d7a7c25f5	apps/desktop/vendor/drawio/img/computers/Data_Filtering_128x128.png
100644 blob cd8608b98cdc1e19f5ec510d47e2cba5b13bad9e	apps/desktop/vendor/drawio/img/computers/Database_128x128.png
100644 blob 3722775dd1086e32f825e282c06b78e527624c69	apps/desktop/vendor/drawio/img/computers/Database_Add_128x128.png
100644 blob 0494e1fb4558268fc239d1b90aad263654112b8c	apps/desktop/vendor/drawio/img/computers/Database_Minus_128x128.png
100644 blob db5b3e91ec5c406210b031b283964791b703ca0c	apps/desktop/vendor/drawio/img/computers/Database_Move_Stack_128x128.png
100644 blob 9451103eadb2e1ec0e1c452f5dbc8bc7f979a6db	apps/desktop/vendor/drawio/img/computers/Database_Remove_128x128.png
100644 blob 43739cb9c2bbabf1a4a610d8aacbcf8b7fab6b46	apps/desktop/vendor/drawio/img/computers/Fujitsu_Tablet_128x128.png
100644 blob d2a894f6d37a70a202098f01cc91c2560aa912c9	apps/desktop/vendor/drawio/img/computers/Harddrive_128x128.png
100644 blob 1ec000e673817b247996986f24cd8289401e665c	apps/desktop/vendor/drawio/img/computers/IBM_Tablet_128x128.png
100644 blob ec08fa4aeeb51c5c39dbc3dd215a58effda9854f	apps/desktop/vendor/drawio/img/computers/Laptop_128x128.png
100644 blob e8376f6cdcff63e72d8ff2da92cd347c50502125	apps/desktop/vendor/drawio/img/computers/MacBook_128x128.png
100644 blob 49d72f5d8c73d13cbf14b629e359cfe24b3a9eff	apps/desktop/vendor/drawio/img/computers/Mainframe_128x128.png
100644 blob 8c8679bc47105f30510c993785f5d22d35d12428	apps/desktop/vendor/drawio/img/computers/Monitor_128x128.png
100644 blob d430fb2cfabc4d64a180b453ab6fb60a3d0f39fe	apps/desktop/vendor/drawio/img/computers/Monitor_Tower_128x128.png
100644 blob 00611aacba8cbad1ba8c017f36c5a8e7b686c5b3	apps/desktop/vendor/drawio/img/computers/Monitor_Tower_Behind_128x128.png
100644 blob 62c720950abda1dcd5b156e813bb767630a26ea8	apps/desktop/vendor/drawio/img/computers/Netbook_128x128.png
100644 blob f43e6dc4965dde54e0704ca4d21a553bfad2aaee	apps/desktop/vendor/drawio/img/computers/Network_128x128.png
100644 blob f043f8e0d36b9d6014bfb5320b564f00bd272b62	apps/desktop/vendor/drawio/img/computers/Network_2_128x128.png
100644 blob 1f2e85d4fb230ad6916cb4e9fd014a649a55e027	apps/desktop/vendor/drawio/img/computers/Printer_128x128.png
100644 blob 82b072f7407efabfda99968f532221b7525c7c58	apps/desktop/vendor/drawio/img/computers/Printer_Commercial_128x128.png
100644 blob a98ff6fef19b08296753a5f22525e096ac345126	apps/desktop/vendor/drawio/img/computers/Secure_System_128x128.png
100644 blob f87b966445d3615bb0113454393b063f36509cb6	apps/desktop/vendor/drawio/img/computers/Server_128x128.png
100644 blob 3afc9bfab529adae753c23b21f22261021684ad5	apps/desktop/vendor/drawio/img/computers/Server_Rack_128x128.png
100644 blob 05204cb32d7690684862274e0967c080ef1a372e	apps/desktop/vendor/drawio/img/computers/Server_Rack_Empty_128x128.png
100644 blob 07b140a143e3bb2fc55f9c4f05a6b2db941306bc	apps/desktop/vendor/drawio/img/computers/Server_Rack_Partial_128x128.png
100644 blob d259a126c1bc3249ad2ef385f9c6a66af6bf9c8d	apps/desktop/vendor/drawio/img/computers/Server_Tower_128x128.png
100644 blob 301f1de2a967e4d873ff6afb70013cfbcd7ba0a4	apps/desktop/vendor/drawio/img/computers/Software_128x128.png
100644 blob 981aa10a562d3fb912ac551cb53debe7eb6a11c6	apps/desktop/vendor/drawio/img/computers/Stylus_128x128.png
100644 blob 2b827b5e4b9297248e8150456b6fe8e8a50d2d32	apps/desktop/vendor/drawio/img/computers/Touch_128x128.png
100644 blob 9dda8a02216e4455243fdac6e3f950844c240aa1	apps/desktop/vendor/drawio/img/computers/USB_Hub_128x128.png
100644 blob 9c2b0db54c09f631b290debea1fb13cbf23f1324	apps/desktop/vendor/drawio/img/computers/Virtual_Application_128x128.png
100644 blob f4d4693d02f604497c22b02a2fae040ea6496878	apps/desktop/vendor/drawio/img/computers/Virtual_Machine_128x128.png
100644 blob 8f67b89aa144f40eed970989b7f6bf9e16b8ef43	apps/desktop/vendor/drawio/img/computers/Virus_128x128.png
100644 blob 962e4e7b76844567a694058a6274be8e87fabec7	apps/desktop/vendor/drawio/img/computers/Workstation_128x128.png
100644 blob 652d5b04dc2b087c1a374c47dc6febfaaff4f0a4	apps/desktop/vendor/drawio/img/computers/iMac_128x128.png
100644 blob 9ac45d87f1814e2cd735b10aa1e36b8f9e9f3795	apps/desktop/vendor/drawio/img/computers/iPad_128x128.png
100644 blob b61ed879cdac8bc25ae03c5a8907df098b72c9da	apps/desktop/vendor/drawio/img/finance/Arrow_Down_128x128.png
100644 blob a7cdf3737a37c3d0ed65617bc4c5f6e37842d9e2	apps/desktop/vendor/drawio/img/finance/Arrow_Up_128x128.png
100644 blob 8ad29dd5ac8d30df1a6b615eff0499c339259495	apps/desktop/vendor/drawio/img/finance/Coins_128x128.png
100644 blob 085eca39e95fee0144856da90f4353b324b554ad	apps/desktop/vendor/drawio/img/finance/Credit_Card_128x128.png
100644 blob ac00ba48ea7c22f7dcf6e86431fa5cc78a1dd175	apps/desktop/vendor/drawio/img/finance/Dollar_128x128.png
100644 blob 31a6182625fb48c50bf17e7e4337f95338ccb58b	apps/desktop/vendor/drawio/img/finance/Graph_128x128.png
100644 blob 2d7491e421cac53080abe1bcae125f78c365d4d3	apps/desktop/vendor/drawio/img/finance/Pie_Chart_128x128.png
100644 blob d74e99a45031b176a569802890da470cc12243ac	apps/desktop/vendor/drawio/img/finance/Piggy_Bank_128x128.png
100644 blob 1502f220006b5d22490de45b914efc821389e79d	apps/desktop/vendor/drawio/img/finance/Safe_128x128.png
100644 blob 5997066425a050f6c2eae681f6b012a3c514b4d5	apps/desktop/vendor/drawio/img/finance/Shopping_Cart_128x128.png
100644 blob 47160bdbf0096faf076b5d698094cc084d17e5e5	apps/desktop/vendor/drawio/img/finance/Stock_Down_128x128.png
100644 blob 50a86e62000140a8cf9a54e0cbe932b6f93bce5a	apps/desktop/vendor/drawio/img/finance/Stock_Up_128x128.png
100644 blob 63fad47d539c38b6d3d11dae29b89a1aef4c5c5f	apps/desktop/vendor/drawio/img/google-app/edit.png
100644 blob fbaa268d5866b4dec0a373c3cdc111669c96882b	apps/desktop/vendor/drawio/img/google-app/insert.png
100644 blob 1dc7289d92436f23786fcd75e84a6de6371b3876	apps/desktop/vendor/drawio/img/google-app/new.png
100644 blob cc79b3f4de816060d62833f8f17e3fbc93ae2b8c	apps/desktop/vendor/drawio/img/google-app/update-all.png
100644 blob 1cefae85f89dcd99bfe0e3210334779fc2096a81	apps/desktop/vendor/drawio/img/google-app/update-selected.png
100644 blob 933aea7e384bd017f451e49a22a360861f834516	apps/desktop/vendor/drawio/img/lib/active_directory/active_directory.svg
100644 blob 4889da31c87c6662030ee6f0523ef2b826de0e56	apps/desktop/vendor/drawio/img/lib/active_directory/cd_dvd.svg
100644 blob bde26256021c5c672d6e7293817346781a7338a9	apps/desktop/vendor/drawio/img/lib/active_directory/cell_phone.svg
100644 blob 34980d04266d1c980b245dc4070a9cac3fb17045	apps/desktop/vendor/drawio/img/lib/active_directory/cluster_server.svg
100644 blob c637889224a38fda763b249e8ba0a3bb04aacf8d	apps/desktop/vendor/drawio/img/lib/active_directory/community_discussion.svg
100644 blob db8a5a5e1d5e7866c907b50b91a43a2285546480	apps/desktop/vendor/drawio/img/lib/active_directory/data_jack.svg
100644 blob 5afcd37d789147b97a9f3dfe8da2e4af6cd41d51	apps/desktop/vendor/drawio/img/lib/active_directory/database.svg
100644 blob 354d66b4e25974cc9dc503841f7414f33406fa69	apps/desktop/vendor/drawio/img/lib/active_directory/database_cube.svg
100644 blob 8c9b5b8302f502390a01102350f73b67bf4c075c	apps/desktop/vendor/drawio/img/lib/active_directory/database_partition_2.svg
100644 blob 9652dd98f0b7cb97620b58670aedb06fd7e23539	apps/desktop/vendor/drawio/img/lib/active_directory/database_partition_3.svg
100644 blob 68948bd01aed1cf8a3682e01f460a792181bc3b4	apps/desktop/vendor/drawio/img/lib/active_directory/database_partition_4.svg
100644 blob fb1559c1f3094a9ec8bef566f55f91cdd37f131e	apps/desktop/vendor/drawio/img/lib/active_directory/database_partition_5.svg
100644 blob 9d267d8584b1da1e0e7b69fd1284bb7fdcd66cfa	apps/desktop/vendor/drawio/img/lib/active_directory/database_server.svg
100644 blob c5cfbef4fba0e07f0aed26216e428484e520e278	apps/desktop/vendor/drawio/img/lib/active_directory/databases.svg
100644 blob 830d1221c84cc413a2df85ecfafa75cdbf2dd424	apps/desktop/vendor/drawio/img/lib/active_directory/documents.svg
100644 blob b80df99af69e18e3e6ab8e9ccbb6d0baef236589	apps/desktop/vendor/drawio/img/lib/active_directory/domain_controller.svg
100644 blob ced7594ec8e77c1d8bf1725d0468ca463a700d05	apps/desktop/vendor/drawio/img/lib/active_directory/fax.svg
100644 blob 069d8cd8e38068fb2b91f278e893cd0f8f354035	apps/desktop/vendor/drawio/img/lib/active_directory/firewall.svg
100644 blob 85e0e379e2ba45185fec3c76839236c7757deb17	apps/desktop/vendor/drawio/img/lib/active_directory/folder.svg
100644 blob 5559fedb2219c2a87bdbce23b1393e6a23c3fe79	apps/desktop/vendor/drawio/img/lib/active_directory/folder_open.svg
100644 blob 090e459fac637eb8003e1f82ce0ef8dcaea6eb1b	apps/desktop/vendor/drawio/img/lib/active_directory/generic_node.svg
100644 blob d54d7f927719e806e448e8658162d62dba767f7c	apps/desktop/vendor/drawio/img/lib/active_directory/generic_server.svg
100644 blob 2eb005458da9ac3d436d36c4e15af65543fb7dcb	apps/desktop/vendor/drawio/img/lib/active_directory/hard_disk.svg
100644 blob f7dfb89bb59808831285c6a728d26f5960a77b3b	apps/desktop/vendor/drawio/img/lib/active_directory/home.svg
100644 blob 4e61a6160cda2d763cd244e24669186af6740cfd	apps/desktop/vendor/drawio/img/lib/active_directory/home_page.svg
100644 blob 73f0eb5c45c3b35ad99ae5bd3a0c472634bea467	apps/desktop/vendor/drawio/img/lib/active_directory/input_output_filter.svg
100644 blob 9ae69edc2069fed4b386e86691ccd1271e6f7de3	apps/desktop/vendor/drawio/img/lib/active_directory/interface.svg
100644 blob 9909df12e36c6ec2e717ddf64683c84af970490e	apps/desktop/vendor/drawio/img/lib/active_directory/internet_cloud.svg
100644 blob a37b3c08199496346d94418093d19269155a1d12	apps/desktop/vendor/drawio/img/lib/active_directory/internet_globe.svg
100644 blob b222976407bb87d35717e2a4db693fe70ff13008	apps/desktop/vendor/drawio/img/lib/active_directory/key.svg
100644 blob b09312ef602f1f73ece981bbe634c78b2cbe7d3a	apps/desktop/vendor/drawio/img/lib/active_directory/laptop_client.svg
100644 blob 477900167d7fa688e52526118a38e1ae750e1ca5	apps/desktop/vendor/drawio/img/lib/active_directory/list.svg
100644 blob 0b53664cf9c26a42c5a1e419998499a24576514b	apps/desktop/vendor/drawio/img/lib/active_directory/mac_client.svg
100644 blob 67feaaeab99428f52a860c2825c8c44ddb160046	apps/desktop/vendor/drawio/img/lib/active_directory/mainframe.svg
100644 blob 87c085b410d32c06668201350de201605994185f	apps/desktop/vendor/drawio/img/lib/active_directory/mainframe_host.svg
100644 blob 6bb3bb9360331d7ac519b697273636ce54ff7827	apps/desktop/vendor/drawio/img/lib/active_directory/meeting.svg
100644 blob 53c5e932113f600ae26ba24f5d9c9435be6ecfaa	apps/desktop/vendor/drawio/img/lib/active_directory/modem.svg
100644 blob 25ef3605b4cdc226c42421068a36a88dff073d99	apps/desktop/vendor/drawio/img/lib/active_directory/my_sites.svg
100644 blob 71057848f3de427541ebf48c0d9b89df1525aeab	apps/desktop/vendor/drawio/img/lib/active_directory/not_secure.svg
100644 blob bef227d01d347de87e23e718b3700002e615a80e	apps/desktop/vendor/drawio/img/lib/active_directory/pda.svg
100644 blob c4bb2d520a27c6614d18a8dec8d664f7353e8e68	apps/desktop/vendor/drawio/img/lib/active_directory/phone.svg
100644 blob 31352ad00c78f4f43572c7b20a39126a38e0dbe9	apps/desktop/vendor/drawio/img/lib/active_directory/printer.svg
100644 blob faff24f368324648838a54ea20fbb1d86ce51355	apps/desktop/vendor/drawio/img/lib/active_directory/router.svg
100644 blob 19e73a01bddbb7dd7d18d3027ee28e26ef5fe3c8	apps/desktop/vendor/drawio/img/lib/active_directory/secure.svg
100644 blob b6243dbe6a12418ff6d04b1167cb4104ee0d0694	apps/desktop/vendor/drawio/img/lib/active_directory/security.svg
100644 blob aaee9dcd6f4fe3b19525928e3f0b2218dcaaebc6	apps/desktop/vendor/drawio/img/lib/active_directory/server_farm.svg
100644 blob 3ce42500e7d927a5320f4ef4d4f043119f9b9b07	apps/desktop/vendor/drawio/img/lib/active_directory/shadowed_router.svg
100644 blob 387cd9b6c7dfbea88fde461f96265186ecbb32dc	apps/desktop/vendor/drawio/img/lib/active_directory/site_collection.svg
100644 blob dcd326b3b8de558ff8aad37f8725a62779b77929	apps/desktop/vendor/drawio/img/lib/active_directory/sql_server.svg
100644 blob 62dc382a1a4c3cdfb0996815cba675472b83675e	apps/desktop/vendor/drawio/img/lib/active_directory/sub_site.svg
100644 blob b0b9d4d6723ee42bc6ce945a14ebc0e070622167	apps/desktop/vendor/drawio/img/lib/active_directory/switch.svg
100644 blob 3eff0a40d1e9ad164b39063e119a6f65f12ac7a8	apps/desktop/vendor/drawio/img/lib/active_directory/tablet_pc.svg
100644 blob f0d86bd26eee2884220791bb0af12ea069808725	apps/desktop/vendor/drawio/img/lib/active_directory/tunnel.svg
100644 blob c05aee076b4302dffb087c2298fe9d184e906d16	apps/desktop/vendor/drawio/img/lib/active_directory/user.svg
100644 blob 0df9d887827e0ece53880eb961e1e33a5bcdaf3c	apps/desktop/vendor/drawio/img/lib/active_directory/user_accounts.svg
100644 blob 2dd1463bc8c73cb87fee2e7388274f819812026d	apps/desktop/vendor/drawio/img/lib/active_directory/users.svg
100644 blob 42f3aafc02a55cca1def10929a59a58f21aa4753	apps/desktop/vendor/drawio/img/lib/active_directory/vista_client.svg
100644 blob af198af29bfe86587fed4228363422ad3bec7357	apps/desktop/vendor/drawio/img/lib/active_directory/vista_terminal.svg
100644 blob 63d33a118c4bead074c31a6e6589d6459e4e6503	apps/desktop/vendor/drawio/img/lib/active_directory/web_server.svg
100644 blob 6e67549d94d90dc98b7beb10dd3494494041a2fe	apps/desktop/vendor/drawio/img/lib/active_directory/wiki_site.svg
100644 blob 8686c80243ca618d61f1d0e924c5e14ded69e5c7	apps/desktop/vendor/drawio/img/lib/active_directory/windows_domain.svg
100644 blob 82040de4003a00594d7e1239bc52908425df5626	apps/desktop/vendor/drawio/img/lib/active_directory/windows_router.svg
100644 blob 919b819980025dde340f761a72a07f1956b13a23	apps/desktop/vendor/drawio/img/lib/active_directory/windows_server.svg
100644 blob bfc8aea6577033340d74f1e85c35e68dcdc16547	apps/desktop/vendor/drawio/img/lib/active_directory/windows_server_2.svg
100644 blob 6599995104e66b798f3cb7a82c5b190a5744054e	apps/desktop/vendor/drawio/img/lib/active_directory/wiring_hub.svg
100644 blob b01f1d64d32d174c97e9af27b5a6d53e0edd9ef6	apps/desktop/vendor/drawio/img/lib/active_directory/workspace_site.svg
100644 blob e5486de5b13302ea2d182736f838b60a4da44e74	apps/desktop/vendor/drawio/img/lib/active_directory/workstation_client.svg
100644 blob bf405b187e4f611e0196f33a95d20d39770a21e8	apps/desktop/vendor/drawio/img/lib/active_directory/writer.svg
100644 blob 5eef634a926fb0a6df67885949a9780bb1bb8041	apps/desktop/vendor/drawio/img/lib/active_directory/writing.svg
100644 blob eb0be0f59983c7b3597f22e074fe21e920459684	apps/desktop/vendor/drawio/img/lib/allied_telesis/buildings/Apartments.svg
100644 blob 8744b37a8937aaf972bbb6d786d8c8efb10b0134	apps/desktop/vendor/drawio/img/lib/allied_telesis/buildings/Building_Cluster.svg
100644 blob 115c132618929f12b6b85a092bef8d492e5fe41e	apps/desktop/vendor/drawio/img/lib/allied_telesis/buildings/Large_Building.svg
100644 blob 1f7b1b9c42b9fcc4bbfcf270d7673c48ac669e9e	apps/desktop/vendor/drawio/img/lib/allied_telesis/buildings/Long_Building.svg
100644 blob b39ee82d7a67e18f29cf64919e857edca8fd2f82	apps/desktop/vendor/drawio/img/lib/allied_telesis/buildings/Medium_Business_Building.svg
100644 blob f968c5b50f50e34609ece02e4799199726962316	apps/desktop/vendor/drawio/img/lib/allied_telesis/buildings/School_Building.svg
100644 blob 57a6fd690911079b8542e0231677966458980806	apps/desktop/vendor/drawio/img/lib/allied_telesis/buildings/Secure_Building.svg
100644 blob 5034557256fdb3a0ed4943a57c6d2a71a9920979	apps/desktop/vendor/drawio/img/lib/allied_telesis/computer_and_terminals/IP_TV.svg
100644 blob 8d1664cc47ffb0a994f42e6113493c1f8f28f1e4	apps/desktop/vendor/drawio/img/lib/allied_telesis/computer_and_terminals/Keypad.svg
100644 blob 2b214580473049f32cd7a9b91096a96d7a1196af	apps/desktop/vendor/drawio/img/lib/allied_telesis/computer_and_terminals/Laptop.svg
100644 blob 2bb3e45ca5385ebc02c49e5f75ba3e8e50fcea14	apps/desktop/vendor/drawio/img/lib/allied_telesis/computer_and_terminals/POS_Printer.svg
100644 blob ed0487ec0ea465a8381b497d3055344e0f408b16	apps/desktop/vendor/drawio/img/lib/allied_telesis/computer_and_terminals/POS_keypad.svg
100644 blob 4eaa91c60faa9bb58ea615683ef9dbe4f7eb29aa	apps/desktop/vendor/drawio/img/lib/allied_telesis/computer_and_terminals/Personal Computer Wireless.svg
100644 blob d7e3d5296cc45b9c195ebd053c354fa6f66f524d	apps/desktop/vendor/drawio/img/lib/allied_telesis/computer_and_terminals/Personal_Computer.svg
100644 blob c85d102e0e686720610fca22ddac723ba1d22e29	apps/desktop/vendor/drawio/img/lib/allied_telesis/computer_and_terminals/Personal_Computer_Wireless.svg
100644 blob f90c21bfe92d6413d674765e1ee131fceefeff3f	apps/desktop/vendor/drawio/img/lib/allied_telesis/computer_and_terminals/Personal_Computer_with_Server.svg
100644 blob 4541d083aabe0e1545a680d77eda54f14d414db1	apps/desktop/vendor/drawio/img/lib/allied_telesis/computer_and_terminals/Server_Desktop.svg
100644 blob 618aa62ec1c5d88d31066939e5adbfe6f0edfdd5	apps/desktop/vendor/drawio/img/lib/allied_telesis/computer_and_terminals/Smartphone.svg
100644 blob c1bcf45f2125f7fbb88fc8b2b0a910e2b4df7561	apps/desktop/vendor/drawio/img/lib/allied_telesis/computer_and_terminals/Tablet.svg
100644 blob 6d273341bf2499f205902408b80897a1dc7eb997	apps/desktop/vendor/drawio/img/lib/allied_telesis/computer_and_terminals/Tablet_Alternative.svg
100644 blob f7b3c7ab6600d6cd711dde67aa6391edfd106234	apps/desktop/vendor/drawio/img/lib/allied_telesis/computer_and_terminals/VOIP_IP_phone.svg
100644 blob b3b536f30683a4d9006681b60d6d9c62705211cf	apps/desktop/vendor/drawio/img/lib/allied_telesis/computer_and_terminals/Vdeo_Conference_Terminal.svg
100644 blob 44a9e9e4a4717f7f6b072b06aef3fad0bd7c86b1	apps/desktop/vendor/drawio/img/lib/allied_telesis/media_converters/Industrial_Media_Converter.svg
100644 blob a4a5e23c612c12a4db8d59c234d8a5ad50fb367e	apps/desktop/vendor/drawio/img/lib/allied_telesis/media_converters/Industrial_Media_Converter_POE.svg
100644 blob 6bad349673f55129d8636f572558c09bc8bf7846	apps/desktop/vendor/drawio/img/lib/allied_telesis/media_converters/Media_Converter_Modular.svg
100644 blob f47c4c4253564df32692132f8f4ffcebaefff0da	apps/desktop/vendor/drawio/img/lib/allied_telesis/media_converters/Media_Converter_Standalone.svg
100644 blob dcfbcc355e67e4413b66cc1a28c965e88b517292	apps/desktop/vendor/drawio/img/lib/allied_telesis/media_converters/Media_Converter_Standalone_POE.svg
100644 blob c4e0c671f3927156d7b562a7c71568359cbb735b	apps/desktop/vendor/drawio/img/lib/allied_telesis/security/DVS_Surveillance_Monitor.svg
100644 blob c473808d6591f95782f8dc06e4f6d9382c5650c6	apps/desktop/vendor/drawio/img/lib/allied_telesis/security/EtherGRID.svg
100644 blob 8a99ea02da2ea5492b387fc7eeb66aa6589219b9	apps/desktop/vendor/drawio/img/lib/allied_telesis/security/POE_DVS_Camera.svg
100644 blob efea772b6199ec92b42d695511b1b6383ee882ac	apps/desktop/vendor/drawio/img/lib/allied_telesis/security/POS.svg
100644 blob 92ef11786fa37ad002201648dd96e881660c3107	apps/desktop/vendor/drawio/img/lib/allied_telesis/security/Router_UTM.svg
100644 blob 61885e52901b4e568d684e27c15257bfc9e033a5	apps/desktop/vendor/drawio/img/lib/allied_telesis/security/Router_VPN.svg
100644 blob 1c216034673f688f37945935b1b7583290d512e6	apps/desktop/vendor/drawio/img/lib/allied_telesis/security/Surveillance_Camera_Ceiling.svg
100644 blob 66e0a3bf5b8b003e87a214591d183b59565c95d1	apps/desktop/vendor/drawio/img/lib/allied_telesis/storage/Datacenter_Server_Half_Rack_ToR.svg
100644 blob f0f4f6025e0abe1b23fdee135d5dcb5ae6582a2a	apps/desktop/vendor/drawio/img/lib/allied_telesis/storage/Datacenter_Server_Rack.svg
100644 blob 62368eee87d47640727a4ac4a31a0a425bb386a0	apps/desktop/vendor/drawio/img/lib/allied_telesis/storage/Datacenter_Server_Rack_EoR.svg
100644 blob b3ca975bbf2ae74d19005287c8debd41007b1d9a	apps/desktop/vendor/drawio/img/lib/allied_telesis/storage/Datacenter_Server_Rack_Storage_Unit_Small.svg
100644 blob 416e513e1dee83895359931c9509a5297a24b367	apps/desktop/vendor/drawio/img/lib/allied_telesis/storage/Datacenter_Server_Rack_ToR.svg
100644 blob 797274988815e51769ca56206c941f7f63ce69a9	apps/desktop/vendor/drawio/img/lib/allied_telesis/storage/Datacenter_Server_Storage_Unit_Large.svg
100644 blob 6186fd164781f3934f9aab9d34f876f2d4013eb4	apps/desktop/vendor/drawio/img/lib/allied_telesis/switch/Industrial_Ethernet_IE200.svg
100644 blob 5c4525db82d506553be0d6e4dbc06d957fb3d5ac	apps/desktop/vendor/drawio/img/lib/allied_telesis/switch/Industrial_Ethernet_IE200_POE.svg
100644 blob ae4972b63c3d6801532c95c3305bca65fde72911	apps/desktop/vendor/drawio/img/lib/allied_telesis/switch/Industrial_Ethernet_IE300.svg
100644 blob f34a9ef30d4c3b492a4df0cb7a3eb265a0b8cf33	apps/desktop/vendor/drawio/img/lib/allied_telesis/switch/Modular_Switch_SBx8106.svg
100644 blob 4b4aad73fa2950df685fb8bb385538410efae890	apps/desktop/vendor/drawio/img/lib/allied_telesis/switch/Modular_Switch_SBx8112.svg
100644 blob 107752ef1f927fea99113fa4c4b70a4f167b368b	apps/desktop/vendor/drawio/img/lib/allied_telesis/switch/Modular_Switch_SXx908GEN2.svg
100644 blob 8699cbf42ebe8f01407566b3045e20c86ec9409a	apps/desktop/vendor/drawio/img/lib/allied_telesis/switch/Switch_24_port_L2.svg
100644 blob d6186b51dc18d176a4298dffb9190a0fdf239ca3	apps/desktop/vendor/drawio/img/lib/allied_telesis/switch/Switch_24_port_L2_POE.svg
100644 blob b4e58043107eb347f87cdaf6047f5e79a55a80e1	apps/desktop/vendor/drawio/img/lib/allied_telesis/switch/Switch_24_port_L3.svg
100644 blob fa4d86983a150261bb4d3e0576f80297ae7bb02f	apps/desktop/vendor/drawio/img/lib/allied_telesis/switch/Switch_24_port_L3_Alternative.svg
100644 blob 3e28c4d62f6096f4908712e39f5588c28e5ee4d5	apps/desktop/vendor/drawio/img/lib/allied_telesis/switch/Switch_24_port_L3_POE.svg
100644 blob 4bd90073cf680087f76eafd324596fd6bcf29322	apps/desktop/vendor/drawio/img/lib/allied_telesis/switch/Switch_48_port_L2.svg
100644 blob 6cc58dc2ecddb5e5facf1e06770eee1697c727bd	apps/desktop/vendor/drawio/img/lib/allied_telesis/switch/Switch_48_port_L2_POE.svg
100644 blob 537a30f18bf5986407eecacc89470e4e28c2b492	apps/desktop/vendor/drawio/img/lib/allied_telesis/switch/Switch_48_port_L3.svg
100644 blob 95d72300567fadce393de1318b537143dcd45542	apps/desktop/vendor/drawio/img/lib/allied_telesis/switch/Switch_48_port_L3_POE.svg
100644 blob 77d387072bcb1fd1f7563166ff860ef90c7b26e2	apps/desktop/vendor/drawio/img/lib/allied_telesis/switch/Switch_52_port_L3.svg
100644 blob aeb238668ddc448aeef1931466b9bcac460baff4	apps/desktop/vendor/drawio/img/lib/allied_telesis/wireless/Access_Point_Indoor.svg
100644 blob 2b03c5ea3883435024f1d2f12ff25ffd0864734a	apps/desktop/vendor/drawio/img/lib/allied_telesis/wireless/Access_Point_Outdoor.svg
100644 blob 71041d49dc61929d9f300ba340aae6b9ee0f65de	apps/desktop/vendor/drawio/img/lib/allied_telesis/wireless/Laptop_Wireless.svg
100644 blob 7f60188c4abf2125fadc675dbc51edd2add1a9f5	apps/desktop/vendor/drawio/img/lib/atlassian/Atlassian_Logo.svg
100644 blob 803e8f192c7dc6b23ba8b72e578fde1852d3b7cd	apps/desktop/vendor/drawio/img/lib/atlassian/Bamboo_Logo.svg
100644 blob 8a000e863e532083f2d2deaf66bea72bc1ad4ca2	apps/desktop/vendor/drawio/img/lib/atlassian/Bitbucket_Logo.svg
100644 blob d3acc18bef7c59c277f8dfa1d8a2cff59b7c71db	apps/desktop/vendor/drawio/img/lib/atlassian/Clover_Logo.svg
100644 blob 20a01975f32505903d3b84f811713991938133f1	apps/desktop/vendor/drawio/img/lib/atlassian/Confluence_Logo.svg
100644 blob 80267fd5f3226bcad94970dbd93675168a04f8fc	apps/desktop/vendor/drawio/img/lib/atlassian/Crowd_Logo.svg
100644 blob b40200524c44c0caa977e5b4aa1745b3e5bf04d8	apps/desktop/vendor/drawio/img/lib/atlassian/Crucible_Logo.svg
100644 blob e9a45fa835e96f2ea0b20b6e8d5c7719e053de57	apps/desktop/vendor/drawio/img/lib/atlassian/Fisheye_Logo.svg
100644 blob f35e9cde8fd00778885e53569d39d30a5e0e118e	apps/desktop/vendor/drawio/img/lib/atlassian/Hipchat_Logo.svg
100644 blob dbbed3c27ff96a64912f7a0eca9819824dbe04f0	apps/desktop/vendor/drawio/img/lib/atlassian/Jira_Core_Logo.svg
100644 blob 332d60cf336c6c3d8dea4f31e918ff725c5d9449	apps/desktop/vendor/drawio/img/lib/atlassian/Jira_Logo.svg
100644 blob 60e95883a9221244c52e4c68138c7219fc57cfd9	apps/desktop/vendor/drawio/img/lib/atlassian/Jira_Service_Desk_Logo.svg
100644 blob 72440d7e5f0b95635cc412f877e5f6ac703da6dd	apps/desktop/vendor/drawio/img/lib/atlassian/Jira_Software_Logo.svg
100644 blob d471d4f055a56e844b7d1479e8e607664307d60d	apps/desktop/vendor/drawio/img/lib/atlassian/Sourcetree_Logo.svg
100644 blob f25cf0f1686e970d10945c356440efdc81782c4d	apps/desktop/vendor/drawio/img/lib/atlassian/Statuspage_Logo.svg
100644 blob ac2883075c5a7532a887e5d52c393160def8410b	apps/desktop/vendor/drawio/img/lib/atlassian/Stride_Logo.svg
100644 blob db48f3af8aaaa9cfc467227d3dad21cc1264b728	apps/desktop/vendor/drawio/img/lib/atlassian/Trello_Logo.svg
100644 blob c2cb4ba68e8dcc2d674b6055d41776c498ea307e	apps/desktop/vendor/drawio/img/lib/azure2/ai_machine_learning/AI_Foundry.svg
100644 blob 117b21d7b04561f330655c7522c1fef15649868b	apps/desktop/vendor/drawio/img/lib/azure2/ai_machine_learning/AI_Foundry_IQ.svg
100644 blob a26739345e8f1f35c66181302906fe60f5742d46	apps/desktop/vendor/drawio/img/lib/azure2/ai_machine_learning/AI_Studio.svg
100644 blob 12efd313002163977657076577525cffb1d99b5e	apps/desktop/vendor/drawio/img/lib/azure2/ai_machine_learning/Anomaly_Detector.svg
100644 blob fd0a1f537a8f6e76d32c05144b4e89d381ac5b7d	apps/desktop/vendor/drawio/img/lib/azure2/ai_machine_learning/Azure_Applied_AI.svg
100644 blob ae20b9f2d4eb9d3921f1ca64e2b04e29b7fd5149	apps/desktop/vendor/drawio/img/lib/azure2/ai_machine_learning/Azure_Experimentation_Studio.svg
100644 blob c2a09370575a16fc4c87f4451a2eeb801e6e1719	apps/desktop/vendor/drawio/img/lib/azure2/ai_machine_learning/Azure_Machine_Learning.svg
100644 blob b7e89d405f4757a72f8dd6418459332c043f5103	apps/desktop/vendor/drawio/img/lib/azure2/ai_machine_learning/Azure_Object_Understanding.svg
100644 blob 8ba4d48fed3c9ff46c815576f42b41ae461a69e9	apps/desktop/vendor/drawio/img/lib/azure2/ai_machine_learning/Azure_OpenAI.svg
100644 blob e28f3319ddaac4926599fbc255cfff997b31a9fd	apps/desktop/vendor/drawio/img/lib/azure2/ai_machine_learning/Batch_AI.svg
100644 blob 2077524ab5c2e8c0d5ecd6cfc19b206cf289cdea	apps/desktop/vendor/drawio/img/lib/azure2/ai_machine_learning/Bonsai.svg
100644 blob fa6e951307c6dc5d656af178bf7f95e26b531a7d	apps/desktop/vendor/drawio/img/lib/azure2/ai_machine_learning/Bot_Services.svg
100644 blob c5524c4160e850310a93100265ad76c1c7f5420e	apps/desktop/vendor/drawio/img/lib/azure2/ai_machine_learning/Cognitive_Services.svg
100644 blob d9732a245e57f0fc54c84493cec7b48a8788530b	apps/desktop/vendor/drawio/img/lib/azure2/ai_machine_learning/Cognitive_Services_Decisions.svg
100644 blob 2474c1c892dbf7e6282e348b24fa8caa91832e8d	apps/desktop/vendor/drawio/img/lib/azure2/ai_machine_learning/Computer_Vision.svg
100644 blob 04282af532080dc8e1d1de1287ed8ac987fc90e0	apps/desktop/vendor/drawio/img/lib/azure2/ai_machine_learning/Content_Moderators.svg
100644 blob 9c8150b4d40bbda0c8ec48ab5474dc457234e07a	apps/desktop/vendor/drawio/img/lib/azure2/ai_machine_learning/Content_Safety.svg
100644 blob c5adc047bf0f2d57f7ddd421b4cdac6b86bd14db	apps/desktop/vendor/drawio/img/lib/azure2/ai_machine_learning/Custom_Vision.svg
100644 blob 3eca53a07ec412e29cbc4d249ba4f3b07498d823	apps/desktop/vendor/drawio/img/lib/azure2/ai_machine_learning/FRD_QA.svg
100644 blob 6cc38d155318d915035a4bc3d93e35c301471d54	apps/desktop/vendor/drawio/img/lib/azure2/ai_machine_learning/Face_APIs.svg
100644 blob 13c4801faf2f6a102d7b80c77b67090fe5001994	apps/desktop/vendor/drawio/img/lib/azure2/ai_machine_learning/Form_Recognizers.svg
100644 blob 65e149b5c9a51133d31c4af51f1093b033635ba4	apps/desktop/vendor/drawio/img/lib/azure2/ai_machine_learning/Foundry_Agent_Service.svg
100644 blob 17ef179095ac83572370bf44d11932823653e36a	apps/desktop/vendor/drawio/img/lib/azure2/ai_machine_learning/Foundry_Application.svg
100644 blob 2ea4173fe0353e2ec76bfe5cb98a52f2e588d1a0	apps/desktop/vendor/drawio/img/lib/azure2/ai_machine_learning/Foundry_Control_Plane.svg
100644 blob 9ea46b67e1d70f297dea23fd6de382548cb0a958	apps/desktop/vendor/drawio/img/lib/azure2/ai_machine_learning/Foundry_Labs.svg
100644 blob 2d1bf19b73b95733754c3910d6393b1549a68e98	apps/desktop/vendor/drawio/img/lib/azure2/ai_machine_learning/Foundry_Local.svg
100644 blob 849d5a0dd019e6d1adb0127c6fe94410b75a615a	apps/desktop/vendor/drawio/img/lib/azure2/ai_machine_learning/Foundry_Models.svg
100644 blob 97eda4cbe8827297b0fb33e60ab10d83ad5d555c	apps/desktop/vendor/drawio/img/lib/azure2/ai_machine_learning/Foundry_Project.svg
100644 blob e65274f7798c3229bf20e7277480596f932e6dd6	apps/desktop/vendor/drawio/img/lib/azure2/ai_machine_learning/Genomics.svg
100644 blob 3565c8425f0df2c36f8f1d6bfdc059d5d61ccf68	apps/desktop/vendor/drawio/img/lib/azure2/ai_machine_learning/Immersive_Readers.svg
100644 blob a7e4adbed9965b3da0304fefe024e04f368802d8	apps/desktop/vendor/drawio/img/lib/azure2/ai_machine_learning/Language_Services.svg
100644 blob 1a549c306ad9c3e4167f3219cf8786c7d6e1a378	apps/desktop/vendor/drawio/img/lib/azure2/ai_machine_learning/Language_Understanding.svg
100644 blob 4e3fb1d222a8facae64bb1c1ec38c501ddb8959a	apps/desktop/vendor/drawio/img/lib/azure2/ai_machine_learning/Machine_Learning.svg
100644 blob 996023ba17b9463b83475b67579f01d424078871	apps/desktop/vendor/drawio/img/lib/azure2/ai_machine_learning/Machine_Learning_Studio_Classic_Web_Services.svg
100644 blob aaa7529496d7becc4871915f04c6b6126b8c60cd	apps/desktop/vendor/drawio/img/lib/azure2/ai_machine_learning/Machine_Learning_Studio_Web_Service_Plans.svg
100644 blob 42256278fbc24c16c6ee0eb15522fac9aca17100	apps/desktop/vendor/drawio/img/lib/azure2/ai_machine_learning/Machine_Learning_Studio_Workspaces.svg
100644 blob 78e3325a794317d6e029641f11ef87ba36a53483	apps/desktop/vendor/drawio/img/lib/azure2/ai_machine_learning/Personalizers.svg
100644 blob ef7ab6128420a7e431f23f14b5f046ed051f3046	apps/desktop/vendor/drawio/img/lib/azure2/ai_machine_learning/Planetary_Computer_Pro.svg
100644 blob 2036f91a94f701393755578654b2dadd3f580b95	apps/desktop/vendor/drawio/img/lib/azure2/ai_machine_learning/QnA_Makers.svg
100644 blob 71bf8dc44256920ecb6eff3187d65d0b6975118a	apps/desktop/vendor/drawio/img/lib/azure2/ai_machine_learning/Serverless_Search.svg
100644 blob d547d11e1244f5eefb1a2f2c20c97301d9da86bb	apps/desktop/vendor/drawio/img/lib/azure2/ai_machine_learning/Speech_Services.svg
100644 blob 0bfa30ff2486501b25808868dab3877c87f4741e	apps/desktop/vendor/drawio/img/lib/azure2/ai_machine_learning/Translator_Text.svg
100644 blob 6d99a0e2e6ab5fc88394e98c6d58eea9e5258544	apps/desktop/vendor/drawio/img/lib/azure2/analytics/Analysis_Services.svg
100644 blob b43b91e088cfe639d2f8815094797fb4295d0050	apps/desktop/vendor/drawio/img/lib/azure2/analytics/Azure_Databricks.svg
100644 blob 67112bf662fe1963c4093f20f70708fbb625463f	apps/desktop/vendor/drawio/img/lib/azure2/analytics/Azure_Synapse_Analytics.svg
100644 blob 4b0b8951923ef07c89420ee2aea67682eeeba165	apps/desktop/vendor/drawio/img/lib/azure2/analytics/Azure_Workbooks.svg
100644 blob 5cac58df58f6a2f95d527fa8f7f4512a1f4c7a8a	apps/desktop/vendor/drawio/img/lib/azure2/analytics/Data_Lake_Analytics.svg
100644 blob dee8dccd4c498a26558d26a6383150bebecc0a54	apps/desktop/vendor/drawio/img/lib/azure2/analytics/Data_Lake_Store_Gen1.svg
100644 blob aa5230ff41454e9e135b20deeaa59bcb5700f53f	apps/desktop/vendor/drawio/img/lib/azure2/analytics/Endpoint_Analytics.svg
100644 blob b7fade1037b11c0cb456947ef48aa55257b7a32a	apps/desktop/vendor/drawio/img/lib/azure2/analytics/Event_Hub_Clusters.svg
100644 blob 66c1a73977a80e5c346d1f4c0db7f8c815b6628a	apps/desktop/vendor/drawio/img/lib/azure2/analytics/Event_Hubs.svg
100644 blob 9e05b7be78b633a91902f532b592a5de6d392d1f	apps/desktop/vendor/drawio/img/lib/azure2/analytics/HD_Insight_Clusters.svg
100644 blob 566976d7457dd419f5465e484a450de9150ab5db	apps/desktop/vendor/drawio/img/lib/azure2/analytics/Log_Analytics_Workspaces.svg
100644 blob ec013aad40a6a5e2b05623ffc4e5015439d9fa44	apps/desktop/vendor/drawio/img/lib/azure2/analytics/Power_BI_Embedded.svg
100644 blob 3130ab0a882d53bb2eda5af5c82721a704360bfe	apps/desktop/vendor/drawio/img/lib/azure2/analytics/Power_Platform.svg
100644 blob 8b75a2163acd2803e309796b669cc564fa93b95a	apps/desktop/vendor/drawio/img/lib/azure2/analytics/Stream_Analytics_Jobs.svg
100644 blob a57528f50241ca0cdfdc749973803e5e9d947887	apps/desktop/vendor/drawio/img/lib/azure2/app_services/API_Management_Services.svg
100644 blob 5b1baeceea247393cebc55402eb6ecf38537a7a1	apps/desktop/vendor/drawio/img/lib/azure2/app_services/App_Service_Certificates.svg
100644 blob 8e91e09a5b67e3719e8e54b8c2f11941ff58b218	apps/desktop/vendor/drawio/img/lib/azure2/app_services/App_Service_Domains.svg
100644 blob 0cd792efabd1af64ad6034e3365b526724aa951d	apps/desktop/vendor/drawio/img/lib/azure2/app_services/App_Service_Environments.svg
100644 blob 6a09b01776006c8e1ec4163d5d3216c632cbe2bb	apps/desktop/vendor/drawio/img/lib/azure2/app_services/App_Service_Plans.svg
100644 blob 2097fb3908060965f49ce26d5d930b930f21b7f2	apps/desktop/vendor/drawio/img/lib/azure2/app_services/App_Services.svg
100644 blob 9a9d12a0980e4b5517209a391471354ffa148996	apps/desktop/vendor/drawio/img/lib/azure2/app_services/CDN_Profiles.svg
100644 blob 84d8686295fce0861e036394519e5945e72d5a8e	apps/desktop/vendor/drawio/img/lib/azure2/app_services/Notification_Hubs.svg
100644 blob e1ce7390b8123e3b368268fb308530dada3f499e	apps/desktop/vendor/drawio/img/lib/azure2/app_services/Search_Services.svg
100644 blob a2cdcdb94eee955d5201df3be4c735b463270769	apps/desktop/vendor/drawio/img/lib/azure2/azure_ecosystem/Applens.svg
100644 blob 70b70c861cb5d558e08750ba252186b2e01b6cd6	apps/desktop/vendor/drawio/img/lib/azure2/azure_ecosystem/Azure_Hybrid_Center.svg
100644 blob dd3b6577b64b84014760f198382752865ceb4f15	apps/desktop/vendor/drawio/img/lib/azure2/azure_ecosystem/Collaborative_Service.svg
100644 blob f4b03b60adf5de594c842ddea6032b3618b8348e	apps/desktop/vendor/drawio/img/lib/azure2/azure_stack/Azure_Stack.svg
100644 blob 659e4e812ea9b028ed7aa405df70fd8a5cf67070	apps/desktop/vendor/drawio/img/lib/azure2/azure_stack/Capacity.svg
100644 blob bef312856643b88a251e8d9451fd49706d112ed7	apps/desktop/vendor/drawio/img/lib/azure2/azure_stack/Infrastructure_Backup.svg
100644 blob 8769794dda6958c3f2e053fcf5fba67f78ea29db	apps/desktop/vendor/drawio/img/lib/azure2/azure_stack/Multi_Tenancy.svg
100644 blob 8c3c36fd06ed733cfd1612bf9227dabd7d8ebc50	apps/desktop/vendor/drawio/img/lib/azure2/azure_stack/Offers.svg
100644 blob e8c59e81f0613b6465c00ee83f520160ffe4785e	apps/desktop/vendor/drawio/img/lib/azure2/azure_stack/Plans.svg
100644 blob 9ae859d086db6e7ca478d52ddf1f31b12410c4b9	apps/desktop/vendor/drawio/img/lib/azure2/azure_stack/Updates.svg
100644 blob 15ea8f177eda5826838d9f7c9327587dd8cbb21b	apps/desktop/vendor/drawio/img/lib/azure2/azure_stack/User_Subscriptions.svg
100644 blob 683c3fc1dfa22226dc9675a4c6d0f8a6ad661173	apps/desktop/vendor/drawio/img/lib/azure2/azure_vmware_solution/AVS.svg
100644 blob 88ce190ced1c58dcab7bb94f50882ad512354b3a	apps/desktop/vendor/drawio/img/lib/azure2/blockchain/ABS_Member.svg
100644 blob bf49c620ba34631f9ac3409a5265922adf04c5d7	apps/desktop/vendor/drawio/img/lib/azure2/blockchain/Azure_Blockchain_Service.svg
100644 blob ee17bd4a66b496f36b6439ddf8d31a5723bb9a46	apps/desktop/vendor/drawio/img/lib/azure2/blockchain/Azure_Token_Service.svg
100644 blob c7fc25c18196e6bee451801a2d8d8fe51e265c6f	apps/desktop/vendor/drawio/img/lib/azure2/blockchain/Blockchain_Applications.svg
100644 blob e781a16aa9a9a92188e22d706f7b32710e4349b9	apps/desktop/vendor/drawio/img/lib/azure2/blockchain/Consortium.svg
100644 blob cd5fd2a5317c525813f7a383b08f45abec328fa7	apps/desktop/vendor/drawio/img/lib/azure2/blockchain/Outbound_Connection.svg
100644 blob 4c8b2b1a252dfe3b242b45739d6656e8d7643819	apps/desktop/vendor/drawio/img/lib/azure2/compute/App_Services.svg
100644 blob db89d1e2d1c2f7623f60455d2b8a0b376f70a4bd	apps/desktop/vendor/drawio/img/lib/azure2/compute/Application_Group.svg
100644 blob c58ea435bc16ba54d4f81758793c0dd0166c693f	apps/desktop/vendor/drawio/img/lib/azure2/compute/Automanaged_VM.svg
100644 blob 96671c1c341b7953b97980c5643c1e4ccdc0bbbc	apps/desktop/vendor/drawio/img/lib/azure2/compute/Availability_Sets.svg
100644 blob c255a7066c64baac7785c63baab55ed67926fbd8	apps/desktop/vendor/drawio/img/lib/azure2/compute/Azure_Compute_Galleries.svg
100644 blob 90af05810f7bc60c720eea2e3eb50b8ea6a6d67c	apps/desktop/vendor/drawio/img/lib/azure2/compute/Azure_Linux.svg
100644 blob 80efc36650ddd53ffeaadb50b62bf0718855c019	apps/desktop/vendor/drawio/img/lib/azure2/compute/Azure_Spring_Cloud.svg
100644 blob cdbdbe95eee86cefdf70f59354044e597fb2ae4b	apps/desktop/vendor/drawio/img/lib/azure2/compute/Batch_Accounts.svg
100644 blob cc95dd54459b2a142e088a7830372f8bbf893bcd	apps/desktop/vendor/drawio/img/lib/azure2/compute/Cloud_Services_Classic.svg
100644 blob 988180e3fc489a17d0f34d245363e6b0c5749e8b	apps/desktop/vendor/drawio/img/lib/azure2/compute/Container_Instances.svg
100644 blob 1f2531b2b42c7f76d6904ae1dab65beedce86648	apps/desktop/vendor/drawio/img/lib/azure2/compute/Container_Services_Deprecated.svg
100644 blob 42369b292175f0144c7ee4092430f476461a21d5	apps/desktop/vendor/drawio/img/lib/azure2/compute/Disk_Encryption_Sets.svg
100644 blob 612b0bde82777685f1d0b5551e65390a29e66ae7	apps/desktop/vendor/drawio/img/lib/azure2/compute/Disks.svg
100644 blob ec5f20636f9c1e92e19ad4b99b9582bc4bc1e502	apps/desktop/vendor/drawio/img/lib/azure2/compute/Disks_Classic.svg
100644 blob 88d1ac44ca327fd4d44c1a92eca45cdd0e1e8216	apps/desktop/vendor/drawio/img/lib/azure2/compute/Disks_Snapshots.svg
100644 blob 6ebb7fe6713968c09068df4a3fb4555be13d0ca2	apps/desktop/vendor/drawio/img/lib/azure2/compute/Function_Apps.svg
100644 blob 6ec00b02650b124def8e5f4816f4750a774fb484	apps/desktop/vendor/drawio/img/lib/azure2/compute/Host_Groups.svg
100644 blob 31100891bae980ec70308439f1908877a84ccebb	apps/desktop/vendor/drawio/img/lib/azure2/compute/Host_Pools.svg
100644 blob c0ed4b421414ddc59458aafd7478960edb547bff	apps/desktop/vendor/drawio/img/lib/azure2/compute/Hosts.svg
100644 blob c25a646862f13d889d83b032fe38cb806c740514	apps/desktop/vendor/drawio/img/lib/azure2/compute/Image_Definitions.svg
100644 blob 035fa3355a886120716829b1465a919512317f8c	apps/desktop/vendor/drawio/img/lib/azure2/compute/Image_Templates.svg
100644 blob 6d3b2c1bca19445232b21d7d3df75ab0373eeb64	apps/desktop/vendor/drawio/img/lib/azure2/compute/Image_Versions.svg
100644 blob b9db2fe4b910983220ecbab807a3204e16b178a2	apps/desktop/vendor/drawio/img/lib/azure2/compute/Images.svg
100644 blob cbb562b6d9b7f6797093408f6143d496396c1536	apps/desktop/vendor/drawio/img/lib/azure2/compute/Kubernetes_Services.svg
100644 blob 30edb251703685ebcc1c1e0ca43ae136460742ec	apps/desktop/vendor/drawio/img/lib/azure2/compute/Maintenance_Configuration.svg
100644 blob f052999c5e11fc2a055f317b7d435744ced95fd8	apps/desktop/vendor/drawio/img/lib/azure2/compute/Managed_Service_Fabric.svg
100644 blob 7aa430b1249251af27006be071bb7732a6985f3a	apps/desktop/vendor/drawio/img/lib/azure2/compute/Mesh_Applications.svg
100644 blob bf521c1faa67ab965355c97c9aef9857b83f0070	apps/desktop/vendor/drawio/img/lib/azure2/compute/Metrics_Advisor.svg
100644 blob 388c1344e2cef50a7c2c126b0b9b3e6f2f253186	apps/desktop/vendor/drawio/img/lib/azure2/compute/OS_Images_Classic.svg
100644 blob 26fbecd1876ae5e972fd54ff9f13fb1e4b1cd562	apps/desktop/vendor/drawio/img/lib/azure2/compute/Restore_Points.svg
100644 blob 105b34a23e8c8e38444dd12e2b35d0034133cf1a	apps/desktop/vendor/drawio/img/lib/azure2/compute/Restore_Points_Collections.svg
100644 blob 7d53996faf1760b3eda82ba37cd81110dae3458f	apps/desktop/vendor/drawio/img/lib/azure2/compute/Scheduled_Actions.svg
100644 blob ef6f6e04d573776927caf993e986d9535f9da3f1	apps/desktop/vendor/drawio/img/lib/azure2/compute/Service_Fabric_Clusters.svg
100644 blob 6370a51a506fb29bff7e0e8281b212e9d8fdfbba	apps/desktop/vendor/drawio/img/lib/azure2/compute/Shared_Image_Galleries.svg
100644 blob 536ec58b69ab7cddec09c85cdc4b7c96a9ec09d7	apps/desktop/vendor/drawio/img/lib/azure2/compute/Stage_Maps.svg
100644 blob 552fee27b5960499027857b841301cb666e8cae6	apps/desktop/vendor/drawio/img/lib/azure2/compute/VM_Images_Classic.svg
100644 blob d31ae8ab7a39b3d116e604bd4cb9556ad2f95e3a	apps/desktop/vendor/drawio/img/lib/azure2/compute/VM_Scale_Sets.svg
100644 blob 9e03bb9721ae52fa19936f8386b64d6586bfb748	apps/desktop/vendor/drawio/img/lib/azure2/compute/Virtual_Machine.svg
100644 blob 2fc99cdc78cc3fba6c95c2b5bb62fc0b76030852	apps/desktop/vendor/drawio/img/lib/azure2/compute/Virtual_Machines_Classic.svg
100644 blob 7c141cfef7cc877719a2f08817dc0ce59a25c8db	apps/desktop/vendor/drawio/img/lib/azure2/compute/Workspaces.svg
100644 blob 4f4049d5017c2a16b0b4bf88417b2888cf59ff44	apps/desktop/vendor/drawio/img/lib/azure2/compute/Workspaces2.svg
100644 blob 0ffe8b52c69aedd7f3da6f664e59bf67a9b9ab7b	apps/desktop/vendor/drawio/img/lib/azure2/containers/AKS_Network_Policy.svg
100644 blob 22df096db5849b6896c93b896ca0334a0e34e303	apps/desktop/vendor/drawio/img/lib/azure2/containers/App_Services.svg
100644 blob c930bd344547abe680c6bb992b33412e4dd34133	apps/desktop/vendor/drawio/img/lib/azure2/containers/Azure_Container_Storage.svg
100644 blob 1ae1d909de24f7eca7c5e6fa6790262e2cd7fde0	apps/desktop/vendor/drawio/img/lib/azure2/containers/Azure_Red_Hat_OpenShift.svg
100644 blob fc8a50e515e644e270b012a0ecd9e192d59e6b1e	apps/desktop/vendor/drawio/img/lib/azure2/containers/Batch_Accounts.svg
100644 blob 87b952e1cdf8980184f4aceb23959457469e3518	apps/desktop/vendor/drawio/img/lib/azure2/containers/Container_Instances.svg
100644 blob 737bae7bc9debc6a66f53a0bdbb2be776cdc9347	apps/desktop/vendor/drawio/img/lib/azure2/containers/Container_Registries.svg
100644 blob 11298e162e6f218096e614e039ab60b7e18c916d	apps/desktop/vendor/drawio/img/lib/azure2/containers/Kubernetes_Hub.svg
100644 blob 2df34be1ee9b0d3e6c3152c887729c80d35f3d0c	apps/desktop/vendor/drawio/img/lib/azure2/containers/Kubernetes_Services.svg
100644 blob b472098beae4dfb1dfcce3203e35db1a5d66eb09	apps/desktop/vendor/drawio/img/lib/azure2/containers/Service_Fabric_Clusters.svg
100644 blob 4fd83e76dedba6980df470d6703cc601b782ac4b	apps/desktop/vendor/drawio/img/lib/azure2/containers/Service_Groups.svg
100644 blob 41b9fe7a0dd54b80e30d317490c8c9c2f457f4ff	apps/desktop/vendor/drawio/img/lib/azure2/cxp/Elixir.svg
100644 blob cc377500ac1e82ecd2fe864289c985f752ab5395	apps/desktop/vendor/drawio/img/lib/azure2/cxp/Elixir_Purple.svg
100644 blob 92f2bcd28faf57b2b0a60226b9a86ebea206d384	apps/desktop/vendor/drawio/img/lib/azure2/databases/Azure_Cosmos_DB.svg
100644 blob 40e0b72099b8ef7d63962987c821030728a3bb73	apps/desktop/vendor/drawio/img/lib/azure2/databases/Azure_Data_Explorer_Clusters.svg
100644 blob 73d15720e98a6f05f0a40de5e7437ebbee023410	apps/desktop/vendor/drawio/img/lib/azure2/databases/Azure_Database_MariaDB_Server.svg
100644 blob dbe67ecedbe4ad852c75e3222c5db48bf4f93623	apps/desktop/vendor/drawio/img/lib/azure2/databases/Azure_Database_Migration_Services.svg
100644 blob 28a4ae2f537101539b1fd305f4bace9466317cab	apps/desktop/vendor/drawio/img/lib/azure2/databases/Azure_Database_MySQL_Server.svg
100644 blob c44c790306ee46f11c859b362531dac8c0a2c327	apps/desktop/vendor/drawio/img/lib/azure2/databases/Azure_Database_PostgreSQL_Server.svg
100644 blob fc0eb69b0b8225d55c14eae44823ee53308b7e9a	apps/desktop/vendor/drawio/img/lib/azure2/databases/Azure_Database_PostgreSQL_Server_Group.svg
100644 blob d4e503abf9bf8b1ca153a99b1b5e9c485f7f4ef1	apps/desktop/vendor/drawio/img/lib/azure2/databases/Azure_DocumentDB.svg
100644 blob 3cee2465567d5c9d8d27738b32e41ac9e29c694d	apps/desktop/vendor/drawio/img/lib/azure2/databases/Azure_Managed_Redis.svg
100644 blob 460ac3073456db8b95a89519a837128eb5231a52	apps/desktop/vendor/drawio/img/lib/azure2/databases/Azure_Purview_Accounts.svg
100644 blob 348468a5fb565249bf02d5d7bab95440bd188d71	apps/desktop/vendor/drawio/img/lib/azure2/databases/Azure_SQL.svg
100644 blob 2bb3b76e9e804e3cf5678fab8b07ad37917336a4	apps/desktop/vendor/drawio/img/lib/azure2/databases/Azure_SQL_Edge.svg
100644 blob af24f3142f3277483cca7a5acdec7d2dff568a5d	apps/desktop/vendor/drawio/img/lib/azure2/databases/Azure_SQL_Server_Stretch_Databases.svg
100644 blob ed672f405d12927ab93738dcfbbe2ec000765096	apps/desktop/vendor/drawio/img/lib/azure2/databases/Azure_SQL_VM.svg
100644 blob 5ba6d745820a4fe8d569ecd440a71488f1d4d793	apps/desktop/vendor/drawio/img/lib/azure2/databases/Azure_Synapse_Analytics.svg
100644 blob a0f3f2f018a761001571f4c05db13ba126a75979	apps/desktop/vendor/drawio/img/lib/azure2/databases/Cache_Redis.svg
100644 blob 886e1ef8a98a6ce98514824e75264787f4bc88a1	apps/desktop/vendor/drawio/img/lib/azure2/databases/Data_Factory.svg
100644 blob 8796fd4f73b9b147f6b171c0a2ebc5fd9f9d7259	apps/desktop/vendor/drawio/img/lib/azure2/databases/Elastic_Job_Agents.svg
100644 blob 44e05f13c5ea71caeb01f465a8b90f0d36feb66d	apps/desktop/vendor/drawio/img/lib/azure2/databases/Instance_Pools.svg
100644 blob 2a7d40297ec4f2f435a254e73156b789859bfe32	apps/desktop/vendor/drawio/img/lib/azure2/databases/Managed_Database.svg
100644 blob 4d5181f9c422fad64b55a6da025a9e59f4307cc6	apps/desktop/vendor/drawio/img/lib/azure2/databases/Oracle_Database.svg
100644 blob 3f2fee17b3c37cb1a6914049d563ead9ce07ff7c	apps/desktop/vendor/drawio/img/lib/azure2/databases/SQL_Data_Warehouses.svg
100644 blob 1e1284472f7b7728b7b0d193a9bbd2775f33b31b	apps/desktop/vendor/drawio/img/lib/azure2/databases/SQL_Database.svg
100644 blob 14a713255e77bb89b557acdb734b4c38ad27e57c	apps/desktop/vendor/drawio/img/lib/azure2/databases/SQL_Database_Fleet_Manager.svg
100644 blob 33ae6a41da29bd0ed46c65f262ad78a61e307576	apps/desktop/vendor/drawio/img/lib/azure2/databases/SQL_Elastic_Pools.svg
100644 blob 62450c65962ced5282dd60cd5925d4dc4c0ca659	apps/desktop/vendor/drawio/img/lib/azure2/databases/SQL_Managed_Instance.svg
100644 blob 01003cbf7700da5386600be80f7e27597b65f762	apps/desktop/vendor/drawio/img/lib/azure2/databases/SQL_Server.svg
100644 blob cd9a3c33eb66669a360782072d85dbf52f739ea4	apps/desktop/vendor/drawio/img/lib/azure2/databases/SQL_Server_Registries.svg
100644 blob 48c68a56a47f0218a3ee6c1eccd698a99fcd84d0	apps/desktop/vendor/drawio/img/lib/azure2/databases/SSIS_Lift_And_Shift_IR.svg
100644 blob 417a4d91dd77d3e4f349062b44d3524aa78770b1	apps/desktop/vendor/drawio/img/lib/azure2/databases/Virtual_Clusters.svg
100644 blob 0570b10745f785225ccaf58ea24c17f2bc18a016	apps/desktop/vendor/drawio/img/lib/azure2/devops/API_Connections.svg
100644 blob 3237bcb6cbd2bd3aa7f30a5bbbb4cebed8c4396e	apps/desktop/vendor/drawio/img/lib/azure2/devops/Application_Insights.svg
100644 blob f7c128fbead90dc968e1039c979e1cf23fef5d18	apps/desktop/vendor/drawio/img/lib/azure2/devops/Azure_App_Testing.svg
100644 blob 10bd8ee4e1fcc5062a8577359aaabf00724ebfce	apps/desktop/vendor/drawio/img/lib/azure2/devops/Azure_DevOps.svg
100644 blob d80ea5c12db466947094330b766afa3c1b4c0b4b	apps/desktop/vendor/drawio/img/lib/azure2/devops/Change_Analysis.svg
100644 blob 96fc3061c2295b106f5852cb88615fd8d3395467	apps/desktop/vendor/drawio/img/lib/azure2/devops/CloudTest.svg
100644 blob 5eb0a02de36116199fbf7cea9410806912051721	apps/desktop/vendor/drawio/img/lib/azure2/devops/Code_Optimization.svg
100644 blob 549d418b44bd45043f9c8217abdbf96ade13d95a	apps/desktop/vendor/drawio/img/lib/azure2/devops/DevOps_Starter.svg
100644 blob 98bed32865077c0112f9d76464f1c730ec9aa793	apps/desktop/vendor/drawio/img/lib/azure2/devops/DevTest_Labs.svg
100644 blob d511f7c1787de3537d7ef6c91d135a5731fadff1	apps/desktop/vendor/drawio/img/lib/azure2/devops/Lab_Accounts.svg
100644 blob 222af9d71ac84fd991fc2c358ff8d9f85f235738	apps/desktop/vendor/drawio/img/lib/azure2/devops/Lab_Services.svg
100644 blob 00c0f0760f5d99ab4e2521bd6ddd0decbf72a926	apps/desktop/vendor/drawio/img/lib/azure2/general/All_Resources.svg
100644 blob 6e77f97c714df654a3456f24c9fcb30e39ab5a46	apps/desktop/vendor/drawio/img/lib/azure2/general/Backlog.svg
100644 blob 28c1741efd42c657843a1857ad177f6ad3a1ac33	apps/desktop/vendor/drawio/img/lib/azure2/general/Biz_Talk.svg
100644 blob 95802033aafdb2802e4f2242f20569d393aaf735	apps/desktop/vendor/drawio/img/lib/azure2/general/Blob_Block.svg
100644 blob f31f2299c1d05a1e5744b462cb663b22c21da2f8	apps/desktop/vendor/drawio/img/lib/azure2/general/Blob_Page.svg
100644 blob 173c2f63ba04b34fa97a1fc563b57d6d234c0cfa	apps/desktop/vendor/drawio/img/lib/azure2/general/Branch.svg
100644 blob 0aca9a9f1181bdcdcf6fc09503cf4623686c39d7	apps/desktop/vendor/drawio/img/lib/azure2/general/Browser.svg
100644 blob 6bcb8b3510f7e3292040a1ea3a23e806cb1d5f3f	apps/desktop/vendor/drawio/img/lib/azure2/general/Bug.svg
100644 blob 9c2f3439c9f3ab90987c0bda931231e25480e637	apps/desktop/vendor/drawio/img/lib/azure2/general/Builds.svg
100644 blob e08c38a54675eae2b79ea09264f8de4362b60953	apps/desktop/vendor/drawio/img/lib/azure2/general/Cache.svg
100644 blob d806af24f02a7a5aabb02c8062c867d47c7551aa	apps/desktop/vendor/drawio/img/lib/azure2/general/Code.svg
100644 blob 8826402ed72755643adfbed194429daf2e238fe8	apps/desktop/vendor/drawio/img/lib/azure2/general/Commit.svg
100644 blob 3e67261ffa24fde5a7a2553bbe3ad80b9c56cfd5	apps/desktop/vendor/drawio/img/lib/azure2/general/Controls.svg
100644 blob 2440d2a680388221be2da5fd6344d408e54a13eb	apps/desktop/vendor/drawio/img/lib/azure2/general/Controls_Horizontal.svg
100644 blob 06adfb42fcc178240d33556d990c72a9413da29b	apps/desktop/vendor/drawio/img/lib/azure2/general/Cost_Alerts.svg
100644 blob 1c62d76ea985db80248a5453f381795fbcb40ae7	apps/desktop/vendor/drawio/img/lib/azure2/general/Cost_Analysis.svg
100644 blob 3c8ac792567b458e075f31a2ae10740e814e413c	apps/desktop/vendor/drawio/img/lib/azure2/general/Cost_Budgets.svg
100644 blob 3dae71f9c21e59e7048eafb906f5bf8e7e872238	apps/desktop/vendor/drawio/img/lib/azure2/general/Cost_Management.svg
100644 blob 321b76f1699c8fb48cfe0f7acf9801387e0712b1	apps/desktop/vendor/drawio/img/lib/azure2/general/Cost_Management_and_Billing.svg
100644 blob 888c9fc449e6f1b4cc491534f90948576fe55c8b	apps/desktop/vendor/drawio/img/lib/azure2/general/Counter.svg
100644 blob 34f1f1f142419ff7d28bbe3be30d48dbdc1723d1	apps/desktop/vendor/drawio/img/lib/azure2/general/Cubes.svg
100644 blob ced488f05dc151a979482f892b9d0bbec2057124	apps/desktop/vendor/drawio/img/lib/azure2/general/Dashboard.svg
100644 blob 55a18798b619c4db10d071ca73fe52146eee0d8a	apps/desktop/vendor/drawio/img/lib/azure2/general/Dashboard2.svg
100644 blob 6e7dc172c4fcb8c4309d3344e61d8d774a6d4c1e	apps/desktop/vendor/drawio/img/lib/azure2/general/Dev_Console.svg
100644 blob 85db74b35c7c480ef470237e2bec1fbfd78ceb8b	apps/desktop/vendor/drawio/img/lib/azure2/general/Download.svg
100644 blob d695f5ed048f3c6ed450ee62e1ef99c7b421013a	apps/desktop/vendor/drawio/img/lib/azure2/general/Error.svg
100644 blob 8676b12dfb76b409b39964645948b17be12adb49	apps/desktop/vendor/drawio/img/lib/azure2/general/Extensions.svg
100644 blob 67df089753aa77a403e92422129e9567b3b37092	apps/desktop/vendor/drawio/img/lib/azure2/general/FTP.svg
100644 blob 628fb9736702f848791d34f7654e08d4330b4815	apps/desktop/vendor/drawio/img/lib/azure2/general/File.svg
100644 blob 0e9b751d5261996d3cab2ceb7e9d1afa253ebe1a	apps/desktop/vendor/drawio/img/lib/azure2/general/Files.svg
100644 blob a64483356016b7587936282e7378511ff52fbcc0	apps/desktop/vendor/drawio/img/lib/azure2/general/Folder_Blank.svg
100644 blob 148f29643ff125553dd677af59b2b70a65f7764f	apps/desktop/vendor/drawio/img/lib/azure2/general/Folder_Website.svg
100644 blob b08a3b696a71717b2db78d4eaab04680f04c6ee4	apps/desktop/vendor/drawio/img/lib/azure2/general/Free_Services.svg
100644 blob fbb0524c928e9dd1d00ca71ea59e9c045bdc14f0	apps/desktop/vendor/drawio/img/lib/azure2/general/Gear.svg
100644 blob 85639a2d05d61ab0fb510d677595f81050c5d4be	apps/desktop/vendor/drawio/img/lib/azure2/general/Globe.svg
100644 blob c7aef777bcdeea031a2937caf135813922d9c4cc	apps/desktop/vendor/drawio/img/lib/azure2/general/Globe_Error.svg
100644 blob c16301ebaee9846b4706368594bcf402eb926f17	apps/desktop/vendor/drawio/img/lib/azure2/general/Globe_Success.svg
100644 blob 32855e9707dab7a648117ccbaa84366b0eb5fcf7	apps/desktop/vendor/drawio/img/lib/azure2/general/Globe_Warning.svg
100644 blob 2618ce68a480610bb7681781a8a7b306aa713d1d	apps/desktop/vendor/drawio/img/lib/azure2/general/Guide.svg
100644 blob bd8714972279c14db9269559f754efc8edbe60a1	apps/desktop/vendor/drawio/img/lib/azure2/general/Heart.svg
100644 blob fa178480cd75c3007b0d0243c75646494a223b9a	apps/desktop/vendor/drawio/img/lib/azure2/general/Help_and_Support.svg
100644 blob ffe4f22bca38099a83e29dc640885981f8588592	apps/desktop/vendor/drawio/img/lib/azure2/general/Image.svg
100644 blob 36d676b8637fe83d480c06f40af84b34cbb6c2f9	apps/desktop/vendor/drawio/img/lib/azure2/general/Information.svg
100644 blob 9bbd56e7225ce55015fd06195365ee3065a168e4	apps/desktop/vendor/drawio/img/lib/azure2/general/Input_Output.svg
100644 blob 48013c7b200cb7c2efc89eddac9cd8d04af8d36e	apps/desktop/vendor/drawio/img/lib/azure2/general/Journey_Hub.svg
100644 blob e9abd2ea07e5d73cc0292680486c5ba04f75d4ed	apps/desktop/vendor/drawio/img/lib/azure2/general/Launch_Portal.svg
100644 blob b97333629e74c3a4d6784562accb71cb0fab3464	apps/desktop/vendor/drawio/img/lib/azure2/general/Learn.svg
100644 blob 6f945f2dabeacf462102e85e163cc04f41b24825	apps/desktop/vendor/drawio/img/lib/azure2/general/Load_Test.svg
100644 blob 1cd288e5d2ba2b3f5d3cbb709e1f342940b193cf	apps/desktop/vendor/drawio/img/lib/azure2/general/Location.svg
100644 blob d15b0bcb8aea49f04c6dae7a4117c0cfe4b52405	apps/desktop/vendor/drawio/img/lib/azure2/general/Log_Streaming.svg
100644 blob 8079f808c2814b40afbe7f287826b1624691cc48	apps/desktop/vendor/drawio/img/lib/azure2/general/Management_Groups.svg
100644 blob 7fcef7c5e09f2cd3d46684da4837fef82074146e	apps/desktop/vendor/drawio/img/lib/azure2/general/Management_Portal.svg
100644 blob 7629af37dc0858cc503d1a8b33d6f631079a1273	apps/desktop/vendor/drawio/img/lib/azure2/general/Marketplace.svg
100644 blob 49e9721ca95753afef291f09b7caadd8fb2d7e71	apps/desktop/vendor/drawio/img/lib/azure2/general/Media.svg
100644 blob f37324dedf4948bdacfa7a5f4aa3fb0e71877983	apps/desktop/vendor/drawio/img/lib/azure2/general/Media_File.svg
100644 blob 851cfa19b35184552a770e50ee42590fcc4a80b5	apps/desktop/vendor/drawio/img/lib/azure2/general/Mobile.svg
100644 blob 67a0cdfe01daf760420252dbe6096525110fff26	apps/desktop/vendor/drawio/img/lib/azure2/general/Mobile_Engagement.svg
100644 blob e2a2671005783506350f81b94fe392b1185eee91	apps/desktop/vendor/drawio/img/lib/azure2/general/Module.svg
100644 blob 5b3fd2be6a0f5f1fec7c4fd813fe06fce9dd6d48	apps/desktop/vendor/drawio/img/lib/azure2/general/Power.svg
100644 blob 3c0282f6bdae200e722936d813f5eb4a229a25cc	apps/desktop/vendor/drawio/img/lib/azure2/general/Power_Up.svg
100644 blob 4e9c3c6ec48c7c08e4ea6377d34f0018896f105f	apps/desktop/vendor/drawio/img/lib/azure2/general/Powershell.svg
100644 blob c7be28d7347554b4e2ec138a2b640de4ee14a824	apps/desktop/vendor/drawio/img/lib/azure2/general/Preview.svg
100644 blob 1e9a29e1b81388268577217b7ef96d577a7cd00c	apps/desktop/vendor/drawio/img/lib/azure2/general/Preview_Features.svg
100644 blob f442d978be74a3af15f0e20e6d2aeee546dda51f	apps/desktop/vendor/drawio/img/lib/azure2/general/Process_Explorer.svg
100644 blob 6f1c9ba89e9319e0e854a216eadf8335f19b8964	apps/desktop/vendor/drawio/img/lib/azure2/general/Production_Ready_Database.svg
100644 blob 7e9986952d81dd99e3582c7aa09c2b9cf91cadf6	apps/desktop/vendor/drawio/img/lib/azure2/general/Quickstart_Center.svg
100644 blob ea1250a7ddd0558685d4a3bc559974f565c977f0	apps/desktop/vendor/drawio/img/lib/azure2/general/Recent.svg
100644 blob 7409aa76c48a5f2b4c02e12fa4f0bf9bc1db7248	apps/desktop/vendor/drawio/img/lib/azure2/general/Region_Management.svg
100644 blob e8459ebd0f409af07a1c6c269e3e216ebde86611	apps/desktop/vendor/drawio/img/lib/azure2/general/Reservations.svg
100644 blob 265f5c72853bdf9139908a36d6a7360cc61ad7fc	apps/desktop/vendor/drawio/img/lib/azure2/general/Resource_Explorer.svg
100644 blob 9447e3dc5401670f77cda298973e83a1d239f595	apps/desktop/vendor/drawio/img/lib/azure2/general/Resource_Group_List.svg
100644 blob 28bef146877986a376a685bc2da9b84b04965538	apps/desktop/vendor/drawio/img/lib/azure2/general/Resource_Groups.svg
100644 blob afd9b73f869f5998b4f720be4766d259f14fdbce	apps/desktop/vendor/drawio/img/lib/azure2/general/Resource_Linked.svg
100644 blob 9f1a72321ecc2bef7c9d486db4fa93a1ba74b5fd	apps/desktop/vendor/drawio/img/lib/azure2/general/SSD.svg
100644 blob 79e054a3552ff806954ee47a8c56db68ff39a9ce	apps/desktop/vendor/drawio/img/lib/azure2/general/Scale.svg
100644 blob 38a64bba92512d159f3c364b352eaee03365115a	apps/desktop/vendor/drawio/img/lib/azure2/general/Scheduler.svg
100644 blob 547d6309f5f32a328e6a16bb7161ea2353140d27	apps/desktop/vendor/drawio/img/lib/azure2/general/Search.svg
100644 blob 582aaf1fd561fb097211c0b2bf65d168dbd770d2	apps/desktop/vendor/drawio/img/lib/azure2/general/Search_Grid.svg
100644 blob e05d1ceda807bbaea11b50b017ba59ad1fdaeb49	apps/desktop/vendor/drawio/img/lib/azure2/general/Server_Farm.svg
100644 blob bf5a4f33ff3e7e91a5480b9812ba9f08b1c0bd55	apps/desktop/vendor/drawio/img/lib/azure2/general/Service_Bus.svg
100644 blob 5f11812710f1ae1fcd03c0fc1070a76a756ae3c4	apps/desktop/vendor/drawio/img/lib/azure2/general/Service_Health.svg
100644 blob 2f0c56e3b23dbe23104913fc4e7891459b10c9d4	apps/desktop/vendor/drawio/img/lib/azure2/general/Storage_Azure_Files.svg
100644 blob f9adfa2a9d5a4a43793d74f60fd668d861201fef	apps/desktop/vendor/drawio/img/lib/azure2/general/Storage_Container.svg
100644 blob a2090f7c895dbd1540cc80c5153b10d24fa6c91c	apps/desktop/vendor/drawio/img/lib/azure2/general/Storage_Queue.svg
100644 blob 02309790600c5b5854b19c58fd6a4f831f6f06f0	apps/desktop/vendor/drawio/img/lib/azure2/general/Subscriptions.svg
100644 blob 95e5426053c7eef60e25ce18627cebc439578afd	apps/desktop/vendor/drawio/img/lib/azure2/general/TFS_VC_Repository.svg
100644 blob 26f24049ddf46bd14b777bf02581c5a2b7726f24	apps/desktop/vendor/drawio/img/lib/azure2/general/Table.svg
100644 blob ffab0a30da07876c16321a60af99f1b3dbab83e5	apps/desktop/vendor/drawio/img/lib/azure2/general/Tag.svg
100644 blob b53543a59c11b76a1bd54f1b9cff1e2b072ea38b	apps/desktop/vendor/drawio/img/lib/azure2/general/Tags.svg
100644 blob 8ddf95d770c6b3c68a7df957d81cd8d41f29c71e	apps/desktop/vendor/drawio/img/lib/azure2/general/Templates.svg
100644 blob b027227f400845ebb9e5177e7e02aa2ef7958492	apps/desktop/vendor/drawio/img/lib/azure2/general/Toolbox.svg
100644 blob 65b08af690d4c4c7e00c40be146aa2cdb14eeb0f	apps/desktop/vendor/drawio/img/lib/azure2/general/Troubleshoot.svg
100644 blob 1e726e24083c8c99843f7d9bf582a358c0949208	apps/desktop/vendor/drawio/img/lib/azure2/general/Versions.svg
100644 blob a87f09b4bf8ba2f2e87331d06856e95efb896651	apps/desktop/vendor/drawio/img/lib/azure2/general/Web_Slots.svg
100644 blob 0605a41223290ec53149ef857c7fd44090480b50	apps/desktop/vendor/drawio/img/lib/azure2/general/Web_Test.svg
100644 blob 1037656bd550111dcd20fcfea9880f2a44ed8e97	apps/desktop/vendor/drawio/img/lib/azure2/general/Website_Power.svg
100644 blob c1dd26189f1f28f0d15465db5cce148c4b6f653a	apps/desktop/vendor/drawio/img/lib/azure2/general/Website_Staging.svg
100644 blob a41b24ffdbefe141b9f4c6d9bf1b181b202f3a71	apps/desktop/vendor/drawio/img/lib/azure2/general/Workbooks.svg
100644 blob 605a8481f55a996c7084af3993f1ffecf1ebaa52	apps/desktop/vendor/drawio/img/lib/azure2/general/Workflow.svg
100644 blob c8137b0eb4a0dd852f6dfd7317c744bbbe422a73	apps/desktop/vendor/drawio/img/lib/azure2/hybrid_multicloud/AI_at_Edge.svg
100644 blob c7a12dd5d0a32f10f1975067a886bdf6b70a62f9	apps/desktop/vendor/drawio/img/lib/azure2/hybrid_multicloud/Azure_Local.svg
100644 blob 34816f0de7b5fa28eb57f22fedea3cb706a12181	apps/desktop/vendor/drawio/img/lib/azure2/hybrid_multicloud/Azure_Operator_5G_Core.svg
100644 blob 853eb610888edc47c6790cd9d43bf8671952d82d	apps/desktop/vendor/drawio/img/lib/azure2/hybrid_multicloud/Azure_Operator_Insights.svg
100644 blob 09afe2a65117e7bcd4fa6d9accc9c7f07e76a384	apps/desktop/vendor/drawio/img/lib/azure2/hybrid_multicloud/Azure_Operator_Nexus.svg
100644 blob fde58b5422f3fc4123a63dec9dc7536ac0dc0248	apps/desktop/vendor/drawio/img/lib/azure2/hybrid_multicloud/Azure_Operator_Service_Manager.svg
100644 blob 1d61f07c6050ee2e9ebf980779f9eb994a724d07	apps/desktop/vendor/drawio/img/lib/azure2/hybrid_multicloud/Azure_Programmable_Connectivity.svg
100644 blob d2d44f2ce84d6bfb96b03913bea2e57f31083756	apps/desktop/vendor/drawio/img/lib/azure2/hybrid_multicloud/Edge_Storage_Accelerator.svg
100644 blob 747bbc1072b578ddfb274f9fa3b92dacde50c53e	apps/desktop/vendor/drawio/img/lib/azure2/hybrid_multicloud/Workload_Orchestration.svg
100644 blob fb3f6c85b85b88056a4c28c260e11619c96e7974	apps/desktop/vendor/drawio/img/lib/azure2/identity/AAD_Licenses.svg
100644 blob 02ce68e18369e921c4d9c9e6c2ec7edb9b53d3b9	apps/desktop/vendor/drawio/img/lib/azure2/identity/Active_Directory_Connect_Health.svg
100644 blob 70b06d063ea6d547ca3ba40758ce8ecbfb098575	apps/desktop/vendor/drawio/img/lib/azure2/identity/Active_Directory_Connect_Health2.svg
100644 blob bc4afdade13d0cecf80c42bc3820cd4bbc336780	apps/desktop/vendor/drawio/img/lib/azure2/identity/Administrative_Units.svg
100644 blob 7b3a24421fa73ace6239c4a5f305d6ac4ac705f1	apps/desktop/vendor/drawio/img/lib/azure2/identity/App_Registrations.svg
100644 blob a3daa1545c5fe1a765d36e3f48715454b491ad3d	apps/desktop/vendor/drawio/img/lib/azure2/identity/Azure_AD_B2C.svg
100644 blob 1b934df5fefd747d600f050bfcbdcb18b4609b50	apps/desktop/vendor/drawio/img/lib/azure2/identity/Azure_AD_B2C2.svg
100644 blob 79593eb015a6340cf8e8467d24185183305a7751	apps/desktop/vendor/drawio/img/lib/azure2/identity/Azure_AD_Domain_Services.svg
100644 blob 898152bccbb11e89b6352e2679c1f46913bfec02	apps/desktop/vendor/drawio/img/lib/azure2/identity/Azure_AD_Identity_Protection.svg
100644 blob bf7c6b5f6999dcadc17d37e2f9e7e9c455e47ef4	apps/desktop/vendor/drawio/img/lib/azure2/identity/Azure_AD_Privilege_Identity_Management.svg
100644 blob 0cbf6fbd2eb06a5453454960a079f335810eca9d	apps/desktop/vendor/drawio/img/lib/azure2/identity/Azure_Active_Directory.svg
100644 blob 45a97da4a4ee285b634de50bafffbb2cd3f41f88	apps/desktop/vendor/drawio/img/lib/azure2/identity/Azure_Information_Protection.svg
100644 blob 64f76ee4b5c2a00c116b000ede8605a58439c0f3	apps/desktop/vendor/drawio/img/lib/azure2/identity/Custom_Azure_AD_Roles.svg
100644 blob cfd915ebcc339d57e916e91c880975ca546764ce	apps/desktop/vendor/drawio/img/lib/azure2/identity/Enterprise_Applications.svg
100644 blob 8e92dfcf8113100719066d9c7dd254e8d9ca7534	apps/desktop/vendor/drawio/img/lib/azure2/identity/Entra_Connect.svg
100644 blob cf3ccae997cd2d5fd33d894b845f1ab7f586bd47	apps/desktop/vendor/drawio/img/lib/azure2/identity/Entra_Domain_Services.svg
100644 blob 0e21ac3f5f67f8c1cf096d3c14e0b7738d150c0c	apps/desktop/vendor/drawio/img/lib/azure2/identity/Entra_Global_Secure_Access.svg
100644 blob 4b89520f21d278bc1463033e8b483e49f2db3105	apps/desktop/vendor/drawio/img/lib/azure2/identity/Entra_ID_Protection.svg
100644 blob 9cb7595fb05a3c131eddf1c78e996b915530a0ff	apps/desktop/vendor/drawio/img/lib/azure2/identity/Entra_Internet_Access.svg
100644 blob 80e086859770ca2fb9c5400c4267b521e349dcad	apps/desktop/vendor/drawio/img/lib/azure2/identity/Entra_Managed_Identities.svg
100644 blob 4ef38227dc746bbc12ca2a4e83c4e3a7d83a5259	apps/desktop/vendor/drawio/img/lib/azure2/identity/Entra_Private_Access.svg
100644 blob 5d8e26b71d367582ab9dd641428248982868e556	apps/desktop/vendor/drawio/img/lib/azure2/identity/Entra_Privileged_Identity_Management.svg
100644 blob 31213ee4f8e1215e8ae1335f5e625a39a8265680	apps/desktop/vendor/drawio/img/lib/azure2/identity/Entra_Verified_ID.svg
100644 blob e8547d5ca29820dec44159c53ce0632d09a15359	apps/desktop/vendor/drawio/img/lib/azure2/identity/External_ID.svg
100644 blob f6c846151679cd4e82155e4fa26b7ea7359825a1	apps/desktop/vendor/drawio/img/lib/azure2/identity/External_Identities.svg
100644 blob dd3a07c127c4de6b18291bf5c48811fff749a06c	apps/desktop/vendor/drawio/img/lib/azure2/identity/Groups.svg
100644 blob 3b8c327c419b40df474a5543b0b956e03f793a42	apps/desktop/vendor/drawio/img/lib/azure2/identity/Identity_Governance.svg
100644 blob ab2b9354a5c2d35755ae76b8f1d5893c1e7f9b6e	apps/desktop/vendor/drawio/img/lib/azure2/identity/Managed_Identities.svg
100644 blob 1c001cbf1ec38f0939f7e9f35a34cafaa861e27f	apps/desktop/vendor/drawio/img/lib/azure2/identity/Multi_Factor_Authentication.svg
100644 blob b801918fdd89ed01ed50997a7c2f8345fe32fd4c	apps/desktop/vendor/drawio/img/lib/azure2/identity/PIM.svg
100644 blob 40c16855a7d73882bb98657f715bf7aa8b7a3da3	apps/desktop/vendor/drawio/img/lib/azure2/identity/Security.svg
100644 blob ffa509b11beda36d6f8221c649feccdd4726b5bb	apps/desktop/vendor/drawio/img/lib/azure2/identity/Tenant_Properties.svg
100644 blob 8679223126bf0c0f26e44a869d21ba6457eb478f	apps/desktop/vendor/drawio/img/lib/azure2/identity/User_Settings.svg
100644 blob 40c6c4b64235b8575ee7f56dc44b8ab5432040fa	apps/desktop/vendor/drawio/img/lib/azure2/identity/Users.svg
100644 blob d9215de3a766b91d2fcf9d64dbd8d7c58e0f5e02	apps/desktop/vendor/drawio/img/lib/azure2/identity/Verifiable_Credentials.svg
100644 blob 2c4b82ddb13f45336fd3d62aa2fb5a1aca03a2a7	apps/desktop/vendor/drawio/img/lib/azure2/identity/Verification_As_A_Service.svg
100644 blob 042b75e963d63c5b2ef5e3a3d13f620d2752d636	apps/desktop/vendor/drawio/img/lib/azure2/integration/AI_Gateway.svg
100644 blob df4991f444b989e2b90810ee7011e349a6cbfc7d	apps/desktop/vendor/drawio/img/lib/azure2/integration/API_Management_Services.svg
100644 blob 2848b5640e444bafc4c59dfbbfc48321dc9f1af8	apps/desktop/vendor/drawio/img/lib/azure2/integration/App_Configuration.svg
100644 blob a927d2d0ef0c93e0d395401e88308a0a6636ac44	apps/desktop/vendor/drawio/img/lib/azure2/integration/Azure_API_for_FHIR.svg
100644 blob f4aff062ad09ba65805bc30934517032de630284	apps/desktop/vendor/drawio/img/lib/azure2/integration/Azure_Data_Catalog.svg
100644 blob e796de7be93caf4d160d2b2353aec233a4be78fb	apps/desktop/vendor/drawio/img/lib/azure2/integration/Azure_PubSub.svg
100644 blob 36a0d52e1268dfc544c4ed279aa273c6f39e93bb	apps/desktop/vendor/drawio/img/lib/azure2/integration/Event_Grid_Domains.svg
100644 blob cca716e7649ca8fe26f34e72ac4c876eb536b52c	apps/desktop/vendor/drawio/img/lib/azure2/integration/Event_Grid_Subscriptions.svg
100644 blob 7de8da22fa61741f9e40f7232cbbfaa8207dc14d	apps/desktop/vendor/drawio/img/lib/azure2/integration/Event_Grid_Topics.svg
100644 blob 2cf60b08aaf12a38d70bb5a06055586f628c802d	apps/desktop/vendor/drawio/img/lib/azure2/integration/Integration_Accounts.svg
100644 blob 4f61448d494af93eff17c40df37e8bd685293827	apps/desktop/vendor/drawio/img/lib/azure2/integration/Integration_Environments.svg
100644 blob f43440284feea1d4130ad86eff4c5db7662ffb35	apps/desktop/vendor/drawio/img/lib/azure2/integration/Integration_Service_Environments.svg
100644 blob 56065b5130e5986e7a53b8bcf5757ae91f3000fa	apps/desktop/vendor/drawio/img/lib/azure2/integration/Logic_Apps.svg
100644 blob 3609d9f0afeb69c4660fc97f6285066eb3b4ddca	apps/desktop/vendor/drawio/img/lib/azure2/integration/Logic_Apps_Custom_Connector.svg
100644 blob 4cc5aefb9101c7bfe74230e3be2450104926388d	apps/desktop/vendor/drawio/img/lib/azure2/integration/Logic_Apps_Template.svg
100644 blob 74c248535561395f9d1d1bf0de35776fc891bb8b	apps/desktop/vendor/drawio/img/lib/azure2/integration/Partner_Namespace.svg
100644 blob bb564acba4a16adede0728a23b8dc57c09b02f22	apps/desktop/vendor/drawio/img/lib/azure2/integration/Partner_Registration.svg
100644 blob b5fe33ce66442d40e4f80df65aeee21733b05834	apps/desktop/vendor/drawio/img/lib/azure2/integration/Partner_Topic.svg
100644 blob 73b26dfa487be49bef2032ddb6e208029ba4b45c	apps/desktop/vendor/drawio/img/lib/azure2/integration/Relays.svg
100644 blob f732da292a4d63945c9b943cef731897a36bef8d	apps/desktop/vendor/drawio/img/lib/azure2/integration/SQL_Data_Warehouses.svg
100644 blob ce9167bd9222458cde2bd5ea860050b4a5c0dd76	apps/desktop/vendor/drawio/img/lib/azure2/integration/SendGrid_Accounts.svg
100644 blob bae2db0c62107e777401e6dc5e8abd6ba6860a7f	apps/desktop/vendor/drawio/img/lib/azure2/integration/Service_Bus.svg
100644 blob b742d0a1973392d9331dcbc8e0cd07d4411f9ae0	apps/desktop/vendor/drawio/img/lib/azure2/integration/Software_as_a_Service.svg
100644 blob 0c49e0ae050adaeb8c80840f7e54676c79ab025a	apps/desktop/vendor/drawio/img/lib/azure2/integration/System_Topic.svg
100644 blob 1f4eb470d3f1969d9ffd7ecc8e5f8f6cb3a2bfb1	apps/desktop/vendor/drawio/img/lib/azure2/internet_of_things/Digital_Twins.svg
100644 blob 7aa10b5dcf49d35b4cac1f07043bb3870026d0eb	apps/desktop/vendor/drawio/img/lib/azure2/internet_of_things/Logic_Apps.svg
100644 blob e38a762203979eba9fdcede6dcb8b1f380f56361	apps/desktop/vendor/drawio/img/lib/azure2/internet_of_things/Time_Series_Insights_Access_Policies.svg
100644 blob 870a9d26901ef598aa3af0f363cfd711eb1e2e31	apps/desktop/vendor/drawio/img/lib/azure2/intune/Azure_AD_Roles_and_Administrators.svg
100644 blob 73837f84490f6ffd37e443b933f262068b0612fe	apps/desktop/vendor/drawio/img/lib/azure2/intune/Client_Apps.svg
100644 blob eb75c8360ef49ff90896be2955e3d6b305a53d19	apps/desktop/vendor/drawio/img/lib/azure2/intune/Device_Compliance.svg
100644 blob 6c873f9d001c56400b5b2efa245b2835b3327650	apps/desktop/vendor/drawio/img/lib/azure2/intune/Device_Configuration.svg
100644 blob cd82e033afa49c352488ffecd9f1d231c62dd0c7	apps/desktop/vendor/drawio/img/lib/azure2/intune/Device_Enrollment.svg
100644 blob 75d05ccffb2c244f3e5127b0567047bf7d39586b	apps/desktop/vendor/drawio/img/lib/azure2/intune/Device_Security_Apple.svg
100644 blob 83cef7ce6fe2ca3c61aa3dcf2dc88bc5ac6bfc9c	apps/desktop/vendor/drawio/img/lib/azure2/intune/Device_Security_Google.svg
100644 blob 370aed31b314bf6f15d32ce5dbe1afd23fc08f7f	apps/desktop/vendor/drawio/img/lib/azure2/intune/Device_Security_Windows.svg
100644 blob 61e92e2d1d90339e01c9c0ec54fa0844988a1429	apps/desktop/vendor/drawio/img/lib/azure2/intune/Devices.svg
100644 blob 0b8d4124f67872af386adb34d7c461e555bc7333	apps/desktop/vendor/drawio/img/lib/azure2/intune/Engage_Center_Connect.svg
100644 blob b1130ba40f347579369a8434840be78b9718afbc	apps/desktop/vendor/drawio/img/lib/azure2/intune/Exchange_Access.svg
100644 blob 3ed8a188d6fdf6922077716fb94cedf3f0ff212f	apps/desktop/vendor/drawio/img/lib/azure2/intune/Intune.svg
100644 blob 7036d2e49955300e273e989bb63bc3022056960d	apps/desktop/vendor/drawio/img/lib/azure2/intune/Intune_For_Education.svg
100644 blob ad6b388d3c57eb100827d77d101b417cd7df2d81	apps/desktop/vendor/drawio/img/lib/azure2/intune/Mindaro.svg
100644 blob 6e8205a94ddbe8c3d678322c523a9dca0aa88631	apps/desktop/vendor/drawio/img/lib/azure2/intune/Security_Baselines.svg
100644 blob e6928d27f78b903ce88be9d1b968cd1b04a1508f	apps/desktop/vendor/drawio/img/lib/azure2/intune/Software_Updates.svg
100644 blob 14ae0f257edd11f3d2895a32d19a66bb80a569b2	apps/desktop/vendor/drawio/img/lib/azure2/intune/Tenant_Status.svg
100644 blob 083bbc111c22827b1d3f7d49c0958d8419c7f76c	apps/desktop/vendor/drawio/img/lib/azure2/intune/eBooks.svg
100644 blob f153a30b587c3e99e1c9c4f796192cbb025275fc	apps/desktop/vendor/drawio/img/lib/azure2/iot/Azure_IoT_Operations.svg
100644 blob b18954390e9cfe7e2f2ebf4f0a427e677f67467b	apps/desktop/vendor/drawio/img/lib/azure2/iot/Azure_Maps_Accounts.svg
100644 blob 07043ea43de0060d39d577c0303aac838901f32f	apps/desktop/vendor/drawio/img/lib/azure2/iot/Azure_Stack_HCI_Sizer.svg
100644 blob 09d324fb10e6ec6b45108584de3f76bd0fcf3290	apps/desktop/vendor/drawio/img/lib/azure2/iot/Device_Provisioning_Services.svg
100644 blob 7a50a11958cd041a541073a793db146b7a625395	apps/desktop/vendor/drawio/img/lib/azure2/iot/Digital_Twins.svg
100644 blob 745439816fb48c7c6bd7e32438cd473499551a18	apps/desktop/vendor/drawio/img/lib/azure2/iot/Event_Hubs.svg
100644 blob d7a424319f98b5f90f7f2e3e0e3b0aafeacadcae	apps/desktop/vendor/drawio/img/lib/azure2/iot/Function_Apps.svg
100644 blob ec3cd3a561e40517e4500312c6b5231c2a9d076e	apps/desktop/vendor/drawio/img/lib/azure2/iot/Hybrid_Connectivity_Hub.svg
100644 blob 9964c42a4eeda2dc67beeec9368e9109c0a38261	apps/desktop/vendor/drawio/img/lib/azure2/iot/Industrial_IoT.svg
100644 blob 6c61bba8bce11ff0029ded87a197d8a83fedca9c	apps/desktop/vendor/drawio/img/lib/azure2/iot/IoT_Central_Applications.svg
100644 blob 692deb03dd20158e3c9be8f3f710e40162ab27db	apps/desktop/vendor/drawio/img/lib/azure2/iot/IoT_Edge.svg
100644 blob 550a0fccbc5f8c4395b7478adc662ec3f9f6994e	apps/desktop/vendor/drawio/img/lib/azure2/iot/IoT_Hub.svg
100644 blob 1c249cc2d46eb6ec1c1c2fd6ff26966cae80457b	apps/desktop/vendor/drawio/img/lib/azure2/iot/Logic_Apps.svg
100644 blob 93be0e1381dc6897a5e5e77d1ed24da8a2b7441b	apps/desktop/vendor/drawio/img/lib/azure2/iot/Notification_Hubs.svg
100644 blob 472e9302cc37e0393398e2e278b94482b5601c19	apps/desktop/vendor/drawio/img/lib/azure2/iot/Stack_HCI_Premium.svg
100644 blob cb01b29c5c2f41c11098615b29b5d761d0ef6735	apps/desktop/vendor/drawio/img/lib/azure2/iot/Stream_Analytics_Jobs.svg
100644 blob 39817f798a79edfe39ede2cd7889be9a70e6b0f4	apps/desktop/vendor/drawio/img/lib/azure2/iot/Time_Series_Data_Sets.svg
100644 blob 2d3836186d71e6c52f5245610b0078bf4947f5d8	apps/desktop/vendor/drawio/img/lib/azure2/iot/Time_Series_Insights_Environments.svg
100644 blob 44d45a4d2137b5c5017c722dd57d6b21ebf0910b	apps/desktop/vendor/drawio/img/lib/azure2/iot/Time_Series_Insights_Event_Sources.svg
100644 blob ebaed4f28b10588d7ef1143ce1f020da94c8847c	apps/desktop/vendor/drawio/img/lib/azure2/iot/Windows10_Core_Services.svg
100644 blob ccc7182c38d8de63e3f1f6b75fbd1501acbb11b2	apps/desktop/vendor/drawio/img/lib/azure2/management_governance/Activity_Log.svg
100644 blob 4c0dc88543c35d4ecd904761409afd282f9a0907	apps/desktop/vendor/drawio/img/lib/azure2/management_governance/Advisor.svg
100644 blob 714d8844bb82f60b0d5be8a862cb14a33a609f8b	apps/desktop/vendor/drawio/img/lib/azure2/management_governance/Alerts.svg
100644 blob 5b29bbfabbdcb1e966038f23b4ba8821560113ca	apps/desktop/vendor/drawio/img/lib/azure2/management_governance/Application_Insights.svg
100644 blob 200702c1a15b06c1b71352f341f416860c787400	apps/desktop/vendor/drawio/img/lib/azure2/management_governance/Arc_Machines.svg
100644 blob 20827d3aae909b5a6f940519e1bd921755e696aa	apps/desktop/vendor/drawio/img/lib/azure2/management_governance/Automation_Accounts.svg
100644 blob 08ef05e0619c6a7f7945a8977936bad532b7a063	apps/desktop/vendor/drawio/img/lib/azure2/management_governance/Azure_Arc.svg
100644 blob a1737d2508c4e1ee77d6778b45422978dbea3eec	apps/desktop/vendor/drawio/img/lib/azure2/management_governance/Azure_Lighthouse.svg
100644 blob f497cc6588d0c16cdb42a72685d1572e50fef89a	apps/desktop/vendor/drawio/img/lib/azure2/management_governance/Blueprints.svg
100644 blob c964261260f32d540129a71fa3b71932fa53c2cc	apps/desktop/vendor/drawio/img/lib/azure2/management_governance/Compliance.svg
100644 blob 7a652ea4690b263c1b55f5c0f8e5654aa0753f95	apps/desktop/vendor/drawio/img/lib/azure2/management_governance/Cost_Management_and_Billing.svg
100644 blob e0d0c2a69f3d7058efdf0863cc3baa37fc76730d	apps/desktop/vendor/drawio/img/lib/azure2/management_governance/Customer_Lockbox_for_MS_Azure.svg
100644 blob d57256a9dbc1e6e21f5aa244fb51771dba16e33b	apps/desktop/vendor/drawio/img/lib/azure2/management_governance/Diagnostics_Settings.svg
100644 blob 7b52830d463f8a955f73964360e2a33f5e9a3d77	apps/desktop/vendor/drawio/img/lib/azure2/management_governance/Education.svg
100644 blob 91300e058e2cbfd8d960235e1cb1752d3cfbb623	apps/desktop/vendor/drawio/img/lib/azure2/management_governance/Landing_Zone.svg
100644 blob f7c547fd52725497f7f66826a700b2983e9aa45e	apps/desktop/vendor/drawio/img/lib/azure2/management_governance/Log_Analytics_Workspaces.svg
100644 blob 22267aa500564e35d2cd38cf67e200712040d131	apps/desktop/vendor/drawio/img/lib/azure2/management_governance/MachinesAzureArc.svg
100644 blob 6c4e78b9e4ac472f9be7a9fee8dbe1e81dff067d	apps/desktop/vendor/drawio/img/lib/azure2/management_governance/Managed_Applications_Center.svg
100644 blob 0211d60566d01f9f9ebf7915474e33b0a72b1d14	apps/desktop/vendor/drawio/img/lib/azure2/management_governance/Managed_Desktop.svg
100644 blob 7d3f2baab089a97aa80260750c6bbd2b468d3b54	apps/desktop/vendor/drawio/img/lib/azure2/management_governance/Metrics.svg
100644 blob b58d406326e1ad20a42cf0663adc07bef5603b92	apps/desktop/vendor/drawio/img/lib/azure2/management_governance/Monitor.svg
100644 blob 01dc7ab0e046ab02f0c6c77b295c3c535e7f6bad	apps/desktop/vendor/drawio/img/lib/azure2/management_governance/My_Customers.svg
100644 blob 86dbf4ab244a6c701fc43c8a699a99983d766891	apps/desktop/vendor/drawio/img/lib/azure2/management_governance/Operation_Log_Classic.svg
100644 blob 143be57b9867965befe8d403a805114a7a9bd895	apps/desktop/vendor/drawio/img/lib/azure2/management_governance/Policy.svg
100644 blob 0f8af7e66c46ded836fb24628dead92134a7b33c	apps/desktop/vendor/drawio/img/lib/azure2/management_governance/Recovery_Services_Vaults.svg
100644 blob 9585d6c5eb4e7f2ef903e694c5bfffd00c80a951	apps/desktop/vendor/drawio/img/lib/azure2/management_governance/Resource_Graph_Explorer.svg
100644 blob b60adf5a436595611c85854c78a4b96757e9960f	apps/desktop/vendor/drawio/img/lib/azure2/management_governance/Resources_Provider.svg
100644 blob 46285d4fee287f81eb2b946e0e5a988396a88511	apps/desktop/vendor/drawio/img/lib/azure2/management_governance/Scheduler_Job_Collections.svg
100644 blob a11efacc6092f40a357540a4c9ee1f98f5d1f612	apps/desktop/vendor/drawio/img/lib/azure2/management_governance/Service_Catalog_MAD.svg
100644 blob 84417b25c10367c914461df5b9ad42f1e54fe1cc	apps/desktop/vendor/drawio/img/lib/azure2/management_governance/Service_Group_Relationships.svg
100644 blob 8359bc8ab24adbb7adeb6dd14f8cd6b24ea747d7	apps/desktop/vendor/drawio/img/lib/azure2/management_governance/Service_Providers.svg
100644 blob 43bf6a5159a5b7d2a4580134ce40d8d4d6870405	apps/desktop/vendor/drawio/img/lib/azure2/management_governance/Solutions.svg
100644 blob cf2883bc4e03d2807bbf4cf017c9ecc6f4033c58	apps/desktop/vendor/drawio/img/lib/azure2/management_governance/Universal_Print.svg
100644 blob 145d036a103724379bf10a7d0925a926d113f832	apps/desktop/vendor/drawio/img/lib/azure2/management_governance/User_Privacy.svg
100644 blob 5106983af363268113fe21f3af4965681aa25c39	apps/desktop/vendor/drawio/img/lib/azure2/menu/Keys.svg
100644 blob 84e0652d73731bccfd274f6053adff546a9e3400	apps/desktop/vendor/drawio/img/lib/azure2/migrate/Azure_Migrate.svg
100644 blob 7d27b635acf26285984d4419eadcd5049453f8d7	apps/desktop/vendor/drawio/img/lib/azure2/migrate/Cost_Management_and_Billing.svg
100644 blob be11e56b8e8613921cfad61f51e1e7b65ec25efd	apps/desktop/vendor/drawio/img/lib/azure2/migrate/Data_Box.svg
100644 blob 431650206811cc6bb9512e96ef9af38b1d63ee0b	apps/desktop/vendor/drawio/img/lib/azure2/migrate/Data_Box_Edge.svg
100644 blob c7c447344708efd6adb56c90c58f2d63a98c6a48	apps/desktop/vendor/drawio/img/lib/azure2/migrate/Recovery_Services_Vaults.svg
100644 blob 1fd0ce3cccda95f08e988b33b122b4ffdc3cae97	apps/desktop/vendor/drawio/img/lib/azure2/mixed_reality/Remote_Rendering.svg
100644 blob 828eced0b098adb1f6bdbd2db7cf08cb9baef8ec	apps/desktop/vendor/drawio/img/lib/azure2/mixed_reality/Spatial_Anchor_Accounts.svg
100644 blob fc02041b14b3260bc4728cc3aac4354d59e4885b	apps/desktop/vendor/drawio/img/lib/azure2/monitor/SAP_Azure_Monitor.svg
100644 blob acb38b657118f6b87ea12e3beb27c1fae94e388a	apps/desktop/vendor/drawio/img/lib/azure2/networking/ATM_Multistack.svg
100644 blob 8a8b5d47675f5b771c4b02499d27b8ace9de02ca	apps/desktop/vendor/drawio/img/lib/azure2/networking/Application_Gateway_Containers.svg
100644 blob 06e40d9976b38f08a1c5761347581ab23dd93b46	apps/desktop/vendor/drawio/img/lib/azure2/networking/Application_Gateways.svg
100644 blob dbce6ef537166d160e32f731ae5de129020dfb7a	apps/desktop/vendor/drawio/img/lib/azure2/networking/Azure_Access_Point.svg
100644 blob a8df7420e57f6b1e23e3af6529d34ff0ede04b5b	apps/desktop/vendor/drawio/img/lib/azure2/networking/Azure_Communications_Gateway.svg
100644 blob 1dfcbf401043b9185aad616dae9a8ad1c60a34ce	apps/desktop/vendor/drawio/img/lib/azure2/networking/Azure_Firewall_Manager.svg
100644 blob d7d9aa07e3171cd743e7ef33a1c6f742d3c93d9b	apps/desktop/vendor/drawio/img/lib/azure2/networking/Azure_Firewall_Policy.svg
100644 blob 3005b8e2618b6b6205f4d0495d087c317f564604	apps/desktop/vendor/drawio/img/lib/azure2/networking/Bastions.svg
100644 blob 505d4f759dfa2b43ddbf6a4a2e83c6bb42a4daae	apps/desktop/vendor/drawio/img/lib/azure2/networking/CDN_Profiles.svg
100644 blob f7757f487a46549801cfd91212363ed05b4f2eca	apps/desktop/vendor/drawio/img/lib/azure2/networking/Connections.svg
100644 blob 45192b985f9baf41b83484b3f30984b78ec67af0	apps/desktop/vendor/drawio/img/lib/azure2/networking/DDoS_Custom_Policy.svg
100644 blob f6e475a00540f85499c2a538a0de869be73cfe7f	apps/desktop/vendor/drawio/img/lib/azure2/networking/DDoS_Protection_Plans.svg
100644 blob 3b222b95c04ffcd268c64f8ebff3b855d00e9664	apps/desktop/vendor/drawio/img/lib/azure2/networking/DNS_Multistack.svg
100644 blob cb39c6dc4c960817892194c19a0a2a4bc32dd3af	apps/desktop/vendor/drawio/img/lib/azure2/networking/DNS_Private_Resolver.svg
100644 blob 9d9faaec60610c07f09850a8fe7c983a0b8a277d	apps/desktop/vendor/drawio/img/lib/azure2/networking/DNS_Security_Policy.svg
100644 blob c1004f13d46ff5237d9f75b8955299843f03d4b9	apps/desktop/vendor/drawio/img/lib/azure2/networking/DNS_Zones.svg
100644 blob a41613ebeb721b87efcb951bc9587d13eae4ebe5	apps/desktop/vendor/drawio/img/lib/azure2/networking/Edge_Actions.svg
100644 blob d4f894a75e91f549acbe87beb17952795ad56c23	apps/desktop/vendor/drawio/img/lib/azure2/networking/ExpressRoute_Circuits.svg
100644 blob 945e7a6e2014ebcd44977b1a9585dbe4f0a1006d	apps/desktop/vendor/drawio/img/lib/azure2/networking/Firewalls.svg
100644 blob 00aa96268deb14343ab21dbb3af68001c9f675b4	apps/desktop/vendor/drawio/img/lib/azure2/networking/Front_Doors.svg
100644 blob cacadc5f8612161c15767be55252908c9b4e3f1f	apps/desktop/vendor/drawio/img/lib/azure2/networking/IP_Address_manager.svg
100644 blob 4e0667e754b45afaa6da816e0fe32896af3e4a90	apps/desktop/vendor/drawio/img/lib/azure2/networking/IP_Groups.svg
100644 blob 8e87cf1db2063f87dec8d60d9020e36788fc3294	apps/desktop/vendor/drawio/img/lib/azure2/networking/Load_Balancer_Hub.svg
100644 blob 8ebf33ff1b74bad750f438a1317044fa96dc19a9	apps/desktop/vendor/drawio/img/lib/azure2/networking/Load_Balancer_Hub2.svg
100644 blob c20949b48ff6878cb14dc545be841515ab11cf7f	apps/desktop/vendor/drawio/img/lib/azure2/networking/Load_Balancers.svg
100644 blob 7c8fc66c7f49c6467ab7e1eacfb290853e1009f7	apps/desktop/vendor/drawio/img/lib/azure2/networking/Local_Network_Gateways.svg
100644 blob 77ca2cc0639c26ddc1c368a5ad2a3998c9c935e2	apps/desktop/vendor/drawio/img/lib/azure2/networking/NAT.svg
100644 blob f9a14a2474989149d9b2b7b9e90d1760ee33a48d	apps/desktop/vendor/drawio/img/lib/azure2/networking/Network_Foundation_Hub.svg
100644 blob e1d6c6ed0c799a5f2b1f15ab2cb3d9fd423947d5	apps/desktop/vendor/drawio/img/lib/azure2/networking/Network_Interfaces.svg
100644 blob cf267fdab4737dab4833946042c855b64d9e4d06	apps/desktop/vendor/drawio/img/lib/azure2/networking/Network_Security_Groups.svg
100644 blob 06eb4d3c8e3abf08af3bd67bbaf9e4d8596c1619	apps/desktop/vendor/drawio/img/lib/azure2/networking/Network_Security_Hub.svg
100644 blob 71e84edcea45167846d296750d65e135610d1c67	apps/desktop/vendor/drawio/img/lib/azure2/networking/Network_Watcher.svg
100644 blob bc804fdfdc3bd01fded52e164fcaa4724b08f952	apps/desktop/vendor/drawio/img/lib/azure2/networking/On_Premises_Data_Gateways.svg
100644 blob dfe7cf20cf2f5c6014b2e811e752d46aefa5e04a	apps/desktop/vendor/drawio/img/lib/azure2/networking/Private_Endpoint.svg
100644 blob 150dfeb229e7c25deea2b37d1e2bff751ff3dc08	apps/desktop/vendor/drawio/img/lib/azure2/networking/Private_Link.svg
100644 blob eec67b0ec9e94da0a3bfc74af9461a0559332870	apps/desktop/vendor/drawio/img/lib/azure2/networking/Private_Link_Hub.svg
100644 blob 579f279bae7dc74c4b354b5b4ac25d9c63c03102	apps/desktop/vendor/drawio/img/lib/azure2/networking/Private_Link_Service.svg
100644 blob d459bb1c3ba6e4ccaa49f767bea58a7a19855b7e	apps/desktop/vendor/drawio/img/lib/azure2/networking/Proximity_Placement_Groups.svg
100644 blob 2dc0e1a59b8d9b859901ba78248b25ee2188dd57	apps/desktop/vendor/drawio/img/lib/azure2/networking/Public_IP_Addresses.svg
100644 blob b13a1b9853f38ca7e5af6688bd86cb96d60171e4	apps/desktop/vendor/drawio/img/lib/azure2/networking/Public_IP_Addresses_Classic.svg
100644 blob aab788791914fb104083858926230feb161f9c7f	apps/desktop/vendor/drawio/img/lib/azure2/networking/Public_IP_Prefixes.svg
100644 blob f635cb9d21f55827224566da05db35f06eea7775	apps/desktop/vendor/drawio/img/lib/azure2/networking/Reserved_IP_Addresses_Classic.svg
100644 blob 26e7e345b8c32f018dad6b041505beca6c545a40	apps/desktop/vendor/drawio/img/lib/azure2/networking/Resource_Management_Private_Link.svg
100644 blob e6fa9a4b4b9ea875f3461b2bcb86d74761806821	apps/desktop/vendor/drawio/img/lib/azure2/networking/Route_Filters.svg
100644 blob 3f319f518a35a8bda34bfd35c70ab0538a72e0ed	apps/desktop/vendor/drawio/img/lib/azure2/networking/Route_Tables.svg
100644 blob 58e7551d2b071fd4632c364a0b30bed227b62df5	apps/desktop/vendor/drawio/img/lib/azure2/networking/Service_Endpoint_Policies.svg
100644 blob 555c4f54bc77f4c70aa98a6d05eaccb0b0fa709e	apps/desktop/vendor/drawio/img/lib/azure2/networking/Spot_VM.svg
100644 blob 0ed713064d713f778fc9fd5b06b480ca673e56c1	apps/desktop/vendor/drawio/img/lib/azure2/networking/Spot_VMSS.svg
100644 blob 31e44a2ab62ca148c20bd618b448a86f647b58af	apps/desktop/vendor/drawio/img/lib/azure2/networking/Subnet.svg
100644 blob 9c4505d5b11ae7fafe5545016ad2c79eea5854cd	apps/desktop/vendor/drawio/img/lib/azure2/networking/Traffic_Manager_Profiles.svg
100644 blob 5e6d33fdf765b102059428486d60e93f4aea10b8	apps/desktop/vendor/drawio/img/lib/azure2/networking/VNet_Appliance.svg
100644 blob eb0177e6ae452b8e0e52dd1e2dca4740299ab28d	apps/desktop/vendor/drawio/img/lib/azure2/networking/VPN_Client_Windows.svg
100644 blob b18353d73874cd776bff3cff51ea4acf152837e9	apps/desktop/vendor/drawio/img/lib/azure2/networking/Virtual_Network_Gateways.svg
100644 blob 2507ed5703385ddd8cd5d8f9fc2eb5b42cf0e781	apps/desktop/vendor/drawio/img/lib/azure2/networking/Virtual_Networks.svg
100644 blob 4a7bcbfd56eaeb6e8efd9da5a916922c2db9fda4	apps/desktop/vendor/drawio/img/lib/azure2/networking/Virtual_Networks_Classic.svg
100644 blob 0b1c09ef725ffda3b8749ca12802ae8c5649f883	apps/desktop/vendor/drawio/img/lib/azure2/networking/Virtual_Router.svg
100644 blob f8634745ba642e35b1daaada8025149c31c92c73	apps/desktop/vendor/drawio/img/lib/azure2/networking/Virtual_WAN_Hub.svg
100644 blob c03ab3733cd3d5977d0c151de1644e6c56703826	apps/desktop/vendor/drawio/img/lib/azure2/networking/Virtual_WANs.svg
100644 blob dff9242c5fc5e2e13692b743610730d475799832	apps/desktop/vendor/drawio/img/lib/azure2/networking/Web_Application_Firewall_Policies_WAF.svg
100644 blob ccfd60383e904a7679eac523b6e2c4fd78e7c647	apps/desktop/vendor/drawio/img/lib/azure2/other/ACS_Solutions_Builder.svg
100644 blob f5792cdfe059196ac9c38027dc44cba81150fbf2	apps/desktop/vendor/drawio/img/lib/azure2/other/AKS_Automatic.svg
100644 blob c498c51cebf2ec15f3c869997d3cc24cbe7e6c4e	apps/desktop/vendor/drawio/img/lib/azure2/other/AKS_Istio.svg
100644 blob 6cc3aa936c07c0b28595f4cf3cb4f7212b463b2a	apps/desktop/vendor/drawio/img/lib/azure2/other/API_Proxy.svg
100644 blob 8273eda02f2686508aa8d32ff52647435203363e	apps/desktop/vendor/drawio/img/lib/azure2/other/AVS_VM.svg
100644 blob 8f0fbf506aa9d2e01434805ee6149b753b3974f4	apps/desktop/vendor/drawio/img/lib/azure2/other/App_Compliance_Automation.svg
100644 blob 022a70244b39c5d865840df267b61298ba1fcbc9	apps/desktop/vendor/drawio/img/lib/azure2/other/App_Space_Component.svg
100644 blob 64863ab6b00876565ab8aeeb619c55f2227ff20a	apps/desktop/vendor/drawio/img/lib/azure2/other/Aquila.svg
100644 blob 5dc981ea1d632f62ea8e8abb0544c4abe6525c20	apps/desktop/vendor/drawio/img/lib/azure2/other/Arc_Data_services.svg
100644 blob cc6af900cb9b40089db8ba33eeca25919df3daae	apps/desktop/vendor/drawio/img/lib/azure2/other/Arc_Kubernetes.svg
100644 blob dd2d18b291150b2522098899cf5f8926c4d1d9c6	apps/desktop/vendor/drawio/img/lib/azure2/other/Arc_PostgreSQL.svg
100644 blob 8a6fa85ce94b410dd3c0008599bd2e95007d6298	apps/desktop/vendor/drawio/img/lib/azure2/other/Arc_SQL_Managed_Instance.svg
100644 blob f7a28d8b7b7f8d13827da790b980132a4ada538b	apps/desktop/vendor/drawio/img/lib/azure2/other/Arc_SQL_Server.svg
100644 blob 3b6b85bbdb4629cfdf10a637f4fed6016d004b62	apps/desktop/vendor/drawio/img/lib/azure2/other/AzureAttestation.svg
100644 blob 7ceafe9a2916b9a7c08e98965db3c876963042a2	apps/desktop/vendor/drawio/img/lib/azure2/other/Azure_A.svg
100644 blob 4e4eda2f4a6561de763b10f61341e2005c54ccfe	apps/desktop/vendor/drawio/img/lib/azure2/other/Azure_Backup_Center.svg
100644 blob bb53992d29c2a9fca75b23d183004a09690941f0	apps/desktop/vendor/drawio/img/lib/azure2/other/Azure_Center_for_SAP.svg
100644 blob f5b455b9cff14d33986b4cd44b066f9c8022b81d	apps/desktop/vendor/drawio/img/lib/azure2/other/Azure_Chaos_Studio.svg
100644 blob 25ed8b28d916a20badc9a8eee73475b8970081d7	apps/desktop/vendor/drawio/img/lib/azure2/other/Azure_Cloud_Shell.svg
100644 blob 633a5917e7e9b1d0c22fed844a5e33effdc67e75	apps/desktop/vendor/drawio/img/lib/azure2/other/Azure_Communication_Services.svg
100644 blob e8a22b4a70134e02c9fb9000df5ca286da69b1f6	apps/desktop/vendor/drawio/img/lib/azure2/other/Azure_Consumption_Commitment.svg
100644 blob f1eeea8ce50e34d8b75ecda20e05e488e95468e3	apps/desktop/vendor/drawio/img/lib/azure2/other/Azure_Data_Sharing.svg
100644 blob 656e943f995d6249fc6e68cbfce840e54d2466de	apps/desktop/vendor/drawio/img/lib/azure2/other/Azure_Data_Transfer.svg
100644 blob 439fe0bce01847507c3b605736b9e621c240a0a4	apps/desktop/vendor/drawio/img/lib/azure2/other/Azure_Deployment_Environments.svg
100644 blob b3078f40555b47be30bac1281cc1eeacc473a602	apps/desktop/vendor/drawio/img/lib/azure2/other/Azure_Dev_Tunnels.svg
100644 blob d79356d10e1101b0ec57e19ee0aaa632c29b0951	apps/desktop/vendor/drawio/img/lib/azure2/other/Azure_Edge_Hardware_Center.svg
100644 blob 2a0ee98c7d745de3c4b6abb70fa172482e022f79	apps/desktop/vendor/drawio/img/lib/azure2/other/Azure_Enclaves.svg
100644 blob 9ce3b0c25b08acb33f98d57d9e9a83b3e02e9f83	apps/desktop/vendor/drawio/img/lib/azure2/other/Azure_HPC_Workbench.svg
100644 blob 6bd87a0efeb180e124787b7078b28413c5c25ab6	apps/desktop/vendor/drawio/img/lib/azure2/other/Azure_Load_Testing.svg
100644 blob 676ae11f7e216fc87323f1755355089e5a0a524b	apps/desktop/vendor/drawio/img/lib/azure2/other/Azure_Monitor_Dashboard.svg
100644 blob cbef24e5a7c59afce21c7a45b2f843dbd8c6b1f3	apps/desktop/vendor/drawio/img/lib/azure2/other/Azure_Monitor_Pipeline.svg
100644 blob 77dd5cfee443776880456016c34ad61478c14c3f	apps/desktop/vendor/drawio/img/lib/azure2/other/Azure_Network_Function_Manager.svg
100644 blob b492cd1a8afe68a3bd3664435c447f6512fe6888	apps/desktop/vendor/drawio/img/lib/azure2/other/Azure_Network_Function_Manager_Functions.svg
100644 blob 91fb70d8135135674b42e9b54c61493d35f41bc5	apps/desktop/vendor/drawio/img/lib/azure2/other/Azure_Network_Manager.svg
100644 blob 82e88d94ff88ac5e83d891542873464dce8985b1	apps/desktop/vendor/drawio/img/lib/azure2/other/Azure_Orbital.svg
100644 blob 39735b2d088869aa5ce19d6a9d3f6d29242b72a2	apps/desktop/vendor/drawio/img/lib/azure2/other/Azure_Quotas.svg
100644 blob b164b2f9a3a0a7ca3f30f01094d755c046d0893d	apps/desktop/vendor/drawio/img/lib/azure2/other/Azure_Sphere.svg
100644 blob daabe6db921471569e567cc9369045a57e43d170	apps/desktop/vendor/drawio/img/lib/azure2/other/Azure_Storage_Mover.svg
100644 blob 0a400a649cd974846b43b03a6bb0b10614b3ffd7	apps/desktop/vendor/drawio/img/lib/azure2/other/Azure_Support_Center_Blue.svg
100644 blob 899afde466405951353bf52127ee4675d35f9c74	apps/desktop/vendor/drawio/img/lib/azure2/other/Azure_Sustainability.svg
100644 blob b865cb4772417a01ecc9d8721a55a87a79c30cda	apps/desktop/vendor/drawio/img/lib/azure2/other/Azure_Video_Indexer.svg
100644 blob c3ba9706f1f630bcefec0bf2926c177bc125f49a	apps/desktop/vendor/drawio/img/lib/azure2/other/Azurite.svg
100644 blob 2ebd68e033e7e35fe5d8dca30f0b36fd2526fda8	apps/desktop/vendor/drawio/img/lib/azure2/other/Backup_Vault.svg
100644 blob 5f9c6790d53c7044a813b2a3d221cb789f87157b	apps/desktop/vendor/drawio/img/lib/azure2/other/Bare_Metal_Infrastructure.svg
100644 blob edf91d38c0c18b9cf36e5e14de627a25065d7ff5	apps/desktop/vendor/drawio/img/lib/azure2/other/Breeze.svg
100644 blob e44226ce355fe3722966d5b574d2f0c485e21fa2	apps/desktop/vendor/drawio/img/lib/azure2/other/Business_Process_Tracking.svg
100644 blob f8662523c1ac109d798686976f6146c56de18569	apps/desktop/vendor/drawio/img/lib/azure2/other/Central_Service_Instance_for_SAP.svg
100644 blob 3941788ccb09adc368afe958d10ba888d840378a	apps/desktop/vendor/drawio/img/lib/azure2/other/Ceres.svg
100644 blob 8383bca5a8404dd8cabf108101f45d278588bba3	apps/desktop/vendor/drawio/img/lib/azure2/other/Cloud_Services_(extended_support).svg
100644 blob 81370a0a433b5aefb9578fc797bb6d40ff740a37	apps/desktop/vendor/drawio/img/lib/azure2/other/Compliance_Center.svg
100644 blob 8224c74accd4521bd81afc081414ffc2424c2134	apps/desktop/vendor/drawio/img/lib/azure2/other/Compute_Fleet.svg
100644 blob f4a5c3ebedaf8ca00982cb3d45a8767bdd91d4ae	apps/desktop/vendor/drawio/img/lib/azure2/other/Confidential_Ledger.svg
100644 blob b0adcb1ba3e1f2e16d800eb43815021db7dd8086	apps/desktop/vendor/drawio/img/lib/azure2/other/Connected_Cache.svg
100644 blob bf0e7434cb1768d9ab22362ecb4be35d29ca2caf	apps/desktop/vendor/drawio/img/lib/azure2/other/Connected_Vehicle_Platform.svg
100644 blob dc5727f0c19ec44d758d8b18a2bb14a877d1b806	apps/desktop/vendor/drawio/img/lib/azure2/other/Container_App_Environments.svg
100644 blob 59cc9bffceade3d348a1fc62ad9f6f6499fe0d28	apps/desktop/vendor/drawio/img/lib/azure2/other/Cost_Export.svg
100644 blob 4f30b56710c82a0babb6f455f07d3cc93513ec40	apps/desktop/vendor/drawio/img/lib/azure2/other/Custom_IP_Prefix.svg
100644 blob dc2736b373a028ed3b525c6790289286aad9656a	apps/desktop/vendor/drawio/img/lib/azure2/other/Dashboard_Hub.svg
100644 blob 28532bcc1ecbf678196e85e72aea40f9944c88b2	apps/desktop/vendor/drawio/img/lib/azure2/other/Data_Collection_Rules.svg
100644 blob 973ce30ba362dfaeeb609d988dc007db5647a45c	apps/desktop/vendor/drawio/img/lib/azure2/other/Database_Instance_For_SAP.svg
100644 blob e9f4f60d12fc1f2a9be1d12697e8fbf202dab334	apps/desktop/vendor/drawio/img/lib/azure2/other/Dedicated_HSM.svg
100644 blob 76048aa219d3ced8030f5d422863b6e20c9e119d	apps/desktop/vendor/drawio/img/lib/azure2/other/Defender_CM_Local_Manager.svg
100644 blob 66041b87a25c5641f7cffff5ba80eb83b8df9c8a	apps/desktop/vendor/drawio/img/lib/azure2/other/Defender_DCS_Controller.svg
100644 blob 752538f904085e80fb525fcbe949cfacd50201ae	apps/desktop/vendor/drawio/img/lib/azure2/other/Defender_Distributer_Control_System.svg
100644 blob 78c7e7ca865468b7df7b3823665a4b9795722319	apps/desktop/vendor/drawio/img/lib/azure2/other/Defender_Engineering_Station.svg
100644 blob 77b876035a0f17f410559af6aef4d78835afefc8	apps/desktop/vendor/drawio/img/lib/azure2/other/Defender_External_Management.svg
100644 blob 42b69725221b276656131fdbcbda73b32f26c88a	apps/desktop/vendor/drawio/img/lib/azure2/other/Defender_Freezer_Monitor.svg
100644 blob 5d90132d904b1fa8872a4660b12ac4dbe765e4b5	apps/desktop/vendor/drawio/img/lib/azure2/other/Defender_HMI.svg
100644 blob 0fc222dda0d9074bb2b22a62f7c2682304a0ceaa	apps/desktop/vendor/drawio/img/lib/azure2/other/Defender_Historian.svg
100644 blob bd53ba7c6547f40de30f96c9509a0498271cbf5d	apps/desktop/vendor/drawio/img/lib/azure2/other/Defender_Industrial_Packaging_System.svg
100644 blob c005e7962580d56e8031e8a78cd6d5a0eed3dd0c	apps/desktop/vendor/drawio/img/lib/azure2/other/Defender_Industrial_Printer.svg
100644 blob d3c8633d8da95bec622bc86061e47c079d4f1587	apps/desktop/vendor/drawio/img/lib/azure2/other/Defender_Industrial_Robot.svg
100644 blob 14821ffd38b95a209f508587e324351265db14f0	apps/desktop/vendor/drawio/img/lib/azure2/other/Defender_Industrial_Scale_System.svg
100644 blob 1a0e08b5e8be3f9abdbea58f1946990e74c8113a	apps/desktop/vendor/drawio/img/lib/azure2/other/Defender_Marquee.svg
100644 blob 3251eadac87c2f1133e664612064b227dc56128c	apps/desktop/vendor/drawio/img/lib/azure2/other/Defender_Meter.svg
100644 blob 8ab5d86a574554b5ebbddf219cbfacbc195c9378	apps/desktop/vendor/drawio/img/lib/azure2/other/Defender_PLC.svg
100644 blob 569dd9bfd9a0cb6354ed0fb80fab94d5d0bcfff0	apps/desktop/vendor/drawio/img/lib/azure2/other/Defender_Pneumatic_Device.svg
100644 blob 841f7d0fcb57ce2a99179a6168f15484af79901c	apps/desktop/vendor/drawio/img/lib/azure2/other/Defender_Programable_Board.svg
100644 blob 05a92bda9d5a1d504ab91fea17258c9fedaa2098	apps/desktop/vendor/drawio/img/lib/azure2/other/Defender_RTU.svg
100644 blob ea33e1c4eb7a7b28f204ae88e2b7689eb44de98b	apps/desktop/vendor/drawio/img/lib/azure2/other/Defender_Relay.svg
100644 blob 9294829346c30e0131529ee2cfae7d3076928e2c	apps/desktop/vendor/drawio/img/lib/azure2/other/Defender_Robot_Controller.svg
100644 blob 60bad7153bce71e0b291fae510653f5105eb2e53	apps/desktop/vendor/drawio/img/lib/azure2/other/Defender_Sensor.svg
100644 blob 4f53a16583d5ce8ac2d73ba169f4fbbe2adbb7ec	apps/desktop/vendor/drawio/img/lib/azure2/other/Defender_Slot.svg
100644 blob 75c643ab6c4681d509901493cf13b88c7ee5ed07	apps/desktop/vendor/drawio/img/lib/azure2/other/Defender_Web_Guiding_System.svg
100644 blob 97de736de1388dd581f4b166cd328694ad8343b2	apps/desktop/vendor/drawio/img/lib/azure2/other/Detonation.svg
100644 blob 1fd68ec0f37c8a019923d4f04045aa51edcf2ada	apps/desktop/vendor/drawio/img/lib/azure2/other/Device_Update_IoT_Hub.svg
100644 blob bb034a6b24152cb0e106fceab16c407703cbef94	apps/desktop/vendor/drawio/img/lib/azure2/other/Disconnected_Operations.svg
100644 blob 28e8a10b870c79ce56a2a9bd0e9f304ff8889480	apps/desktop/vendor/drawio/img/lib/azure2/other/Disk_Pool.svg
100644 blob 75a9afad3f6bf9ef002b6dff4fa779f678f1da30	apps/desktop/vendor/drawio/img/lib/azure2/other/Edge_Management.svg
100644 blob 47d2c0a38f015472d5d08994c7624b336bc0f905	apps/desktop/vendor/drawio/img/lib/azure2/other/Elastic_SAN.svg
100644 blob 4723413df535491f73b5ab63c85e0b98fffb9988	apps/desktop/vendor/drawio/img/lib/azure2/other/Entra_Connect_Health.svg
100644 blob 7f95c21008aee9e9bac86927fb90cfd9686ace25	apps/desktop/vendor/drawio/img/lib/azure2/other/Entra_Connect_Sync.svg
100644 blob 5be1e294d7ff17cb57737e22c2d1866753dff82c	apps/desktop/vendor/drawio/img/lib/azure2/other/Entra_Identity.svg
100644 blob 7856bac1b13734eaa815cf7b5191d200133a641d	apps/desktop/vendor/drawio/img/lib/azure2/other/Exchange_On_Premises_Access.svg
100644 blob f574315621d2cee117dc2aade76ce22028ab0a0b	apps/desktop/vendor/drawio/img/lib/azure2/other/ExpressRoute_Direct.svg
100644 blob 7e6a48f53d3609885514301b7d89089eedf5ded0	apps/desktop/vendor/drawio/img/lib/azure2/other/Express_Route_Traffic_Collector.svg
100644 blob e44b3cdbff644474cfa41b94fa2874994d4f2d4e	apps/desktop/vendor/drawio/img/lib/azure2/other/FHIR_Service.svg
100644 blob faee2efc4494ec9ba0f6d44d3b7b18274ee571fa	apps/desktop/vendor/drawio/img/lib/azure2/other/Fiji.svg
100644 blob d58a10d9bd53364eb9ead61671e78b7476cafa90	apps/desktop/vendor/drawio/img/lib/azure2/other/Grafana.svg
100644 blob 15de05bd6751cfe99104557bee2629f6c12be3e3	apps/desktop/vendor/drawio/img/lib/azure2/other/HDI_AKS_Cluster.svg
100644 blob 37279c79c036712e0b55f663578ab6d927c8fc0f	apps/desktop/vendor/drawio/img/lib/azure2/other/IcM_Troubleshooting.svg
100644 blob 3e4e644ffe70185e52d7662f891aac11cbcb7b9a	apps/desktop/vendor/drawio/img/lib/azure2/other/Image_Definition.svg
100644 blob d60cc61052d55855f6c9dc1f96934529c257615c	apps/desktop/vendor/drawio/img/lib/azure2/other/Image_Version.svg
100644 blob 2ab55cf2ba204d78754f52ec738a510fb182618e	apps/desktop/vendor/drawio/img/lib/azure2/other/Instance_Pools.svg
100644 blob 6fc4f7c97fec583aa3428212da9c504832c8fbd7	apps/desktop/vendor/drawio/img/lib/azure2/other/Internet_Analyzer_Profiles.svg
100644 blob eab1e80d34c7503f14e74010b265d089558b0dc8	apps/desktop/vendor/drawio/img/lib/azure2/other/Intune_Trends.svg
100644 blob e88475dfe1afba4d3bfff3a4a3189bd29c91106d	apps/desktop/vendor/drawio/img/lib/azure2/other/Kubernetes_Fleet_Manager.svg
100644 blob 5acdccba61919f592cd8779945106f78e625dea5	apps/desktop/vendor/drawio/img/lib/azure2/other/Load_Testing.svg
100644 blob fd72bb230dd90beeabf74fa6ee98ce6518845395	apps/desktop/vendor/drawio/img/lib/azure2/other/Local_Network_Gateways.svg
100644 blob 1d5a03e8f7d2f1b6ca6934f5d762bea7e0ea3e46	apps/desktop/vendor/drawio/img/lib/azure2/other/Log_Analytics_Query_Pack.svg
100644 blob 70b8ea30286eea0d37d607b8add324db30e98ce5	apps/desktop/vendor/drawio/img/lib/azure2/other/MS_Dev_Box.svg
100644 blob abcaa0be066ffd301482b887fb18257f8de81b8f	apps/desktop/vendor/drawio/img/lib/azure2/other/Managed_DevOps_Pools.svg
100644 blob 7ecf13b08288f3ae64bbdb7645b8a61d3057487a	apps/desktop/vendor/drawio/img/lib/azure2/other/Managed_File_Shares.svg
100644 blob 6e91a312378fae5964b1d01862e1525d8bf3485f	apps/desktop/vendor/drawio/img/lib/azure2/other/Managed_Instance_Apache_Cassandra.svg
100644 blob 87e2e9fa64895831092c15497cda1b603f797b05	apps/desktop/vendor/drawio/img/lib/azure2/other/Marketplace_Management.svg
100644 blob 71bfc4290e924735a8b81b6bfabaec7aa4cc2c18	apps/desktop/vendor/drawio/img/lib/azure2/other/MedTech_Service.svg
100644 blob 166f298254d3902c1b94f1a777108e197b99af2f	apps/desktop/vendor/drawio/img/lib/azure2/other/Microsoft_Discovery.svg
100644 blob 6f0c4e24ba11eb9efe88f033fabc51d470f24d4c	apps/desktop/vendor/drawio/img/lib/azure2/other/Mission_Landing_Zone.svg
100644 blob e8d676c08fb575545f2c90bc6c4562508dfa5ef1	apps/desktop/vendor/drawio/img/lib/azure2/other/Modular_Data_Center.svg
100644 blob b22b96db4d1011ee880a39d0abdaea7d4fa77e3e	apps/desktop/vendor/drawio/img/lib/azure2/other/Monitor_Health_Models.svg
100644 blob 503662f4ef2b5f9eddd2779aac49c0cca8f2c8f3	apps/desktop/vendor/drawio/img/lib/azure2/other/Network_Security_Perimeters.svg
100644 blob 578866a09c1468e806b95c2871907070798c64bb	apps/desktop/vendor/drawio/img/lib/azure2/other/OSConfig.svg
100644 blob ef151c38967d5772b5e9ec1087f20069d725e149	apps/desktop/vendor/drawio/img/lib/azure2/other/Open_Supply_Chain_Platform.svg
100644 blob cdebbf4f98f92070dace6386bcaa3ec300ef93f7	apps/desktop/vendor/drawio/img/lib/azure2/other/Peering_Service.svg
100644 blob c866c3f1bdc5ac948e0631a122443eca7be027f8	apps/desktop/vendor/drawio/img/lib/azure2/other/Peerings.svg
100644 blob 3629e293e7a69dd00f8c048d853c1c8105e9b7ea	apps/desktop/vendor/drawio/img/lib/azure2/other/Private_Endpoints.svg
100644 blob b8cd788efbe7d9b53e0eb72b3bd86595f2da6efb	apps/desktop/vendor/drawio/img/lib/azure2/other/Private_Mobile_Network.svg
100644 blob 5a13b3eee17b4cc24c1dea7bb9677dc3b7eaabaa	apps/desktop/vendor/drawio/img/lib/azure2/other/Prometheus.svg
100644 blob 8a12a57fc8cb0d52de6d221f84474b6c30c17e4e	apps/desktop/vendor/drawio/img/lib/azure2/other/RTOS.svg
100644 blob 6dc78c46f31318a695de56e04c34c02434284d28	apps/desktop/vendor/drawio/img/lib/azure2/other/Reserved_Capacity.svg
100644 blob 857230dd61d43e44cec8108d653c0e549fc1c82d	apps/desktop/vendor/drawio/img/lib/azure2/other/Reserved_Capacity_Groups.svg
100644 blob f9ddc400039dfa4d36a106030508fb21ec209ebf	apps/desktop/vendor/drawio/img/lib/azure2/other/Resiliency.svg
100644 blob d666392f1baf3c646836526e99d53de0f2ea89ef	apps/desktop/vendor/drawio/img/lib/azure2/other/Resource_Guard.svg
100644 blob 88b9316c23f0c74d06a4a19fbc57b0a9af647ad3	apps/desktop/vendor/drawio/img/lib/azure2/other/Resource_Mover.svg
100644 blob 3b8b34a2b4690becb06c94e4f9633e095cacd65d	apps/desktop/vendor/drawio/img/lib/azure2/other/SCVMM_Management_Servers.svg
100644 blob f46d7d5f784e967ce3090bf769198e1d4cdd4f7d	apps/desktop/vendor/drawio/img/lib/azure2/other/SSH_Keys.svg
100644 blob 7c6edf281e8d47058c4f1fcfc8048efee7eebe51	apps/desktop/vendor/drawio/img/lib/azure2/other/Savings_Plan.svg
100644 blob 3e9e8d94aeae2032ffa2d0241941ba3eca781a51	apps/desktop/vendor/drawio/img/lib/azure2/other/Sonic_Dash.svg
100644 blob 1b0701e390683dd46e82acf53310cfc5d4410411	apps/desktop/vendor/drawio/img/lib/azure2/other/Storage_Actions.svg
100644 blob 47d2cb3cb53671fc34475332571e2d9694024db5	apps/desktop/vendor/drawio/img/lib/azure2/other/Storage_Tasks.svg
100644 blob 4b12d7b81d5193a1312f554e0a2edfcb35cbbfd9	apps/desktop/vendor/drawio/img/lib/azure2/other/Targets_Management.svg
100644 blob 9b2010a13c26659c08f1f2b0be1ba8829651601c	apps/desktop/vendor/drawio/img/lib/azure2/other/Template_Specs.svg
100644 blob 3e7ba61ca935ad285fb536b0662b7b3ed1769c7b	apps/desktop/vendor/drawio/img/lib/azure2/other/Test_Base.svg
100644 blob 3077d5adf95df46ff8779f8b742cefd916a8babb	apps/desktop/vendor/drawio/img/lib/azure2/other/Universal_Print.svg
100644 blob 04424ea0725fbd32b887cb9b7dbb3ec87db001c6	apps/desktop/vendor/drawio/img/lib/azure2/other/Update_Center.svg
100644 blob 6b47c83db95eb741c84f3f5ef3d48fa9bbefc0b7	apps/desktop/vendor/drawio/img/lib/azure2/other/VM_Application_Definition.svg
100644 blob e1f82c49299c1271c5619a6ac9f1e41d6fa8adea	apps/desktop/vendor/drawio/img/lib/azure2/other/VM_Application_Version.svg
100644 blob 34920113a5314be2c7d9c9c8334ee724eacef4d3	apps/desktop/vendor/drawio/img/lib/azure2/other/Video_Analyzers.svg
100644 blob 0f1f631c7d52a0af7633059e66a6bd689c7d45b4	apps/desktop/vendor/drawio/img/lib/azure2/other/Virtual_Enclaves.svg
100644 blob a39e52aa730d11e03dc14bb66aef627078cc45e9	apps/desktop/vendor/drawio/img/lib/azure2/other/Virtual_Instance_for_SAP.svg
100644 blob a4582b4ace39363518663b494eaba6d3794a9933	apps/desktop/vendor/drawio/img/lib/azure2/other/WAC.svg
100644 blob b7f5c2fb5cc02b00e82e6c0c714be46eea270f60	apps/desktop/vendor/drawio/img/lib/azure2/other/WAC_Installer.svg
100644 blob 2648a03105de0a57e28f36a27c84ea1d55f1ce7f	apps/desktop/vendor/drawio/img/lib/azure2/other/Web_App_Database.svg
100644 blob d0cd542646a6a159209005dc181f4976328708f4	apps/desktop/vendor/drawio/img/lib/azure2/other/Web_Jobs.svg
100644 blob c4d1184fc0741acec12023abb2b265c1f922c9cd	apps/desktop/vendor/drawio/img/lib/azure2/other/Windows_Notification_Services.svg
100644 blob f4f9424e3e1f01d54b31feca134860c4870743a5	apps/desktop/vendor/drawio/img/lib/azure2/other/Windows_Virtual_Desktop.svg
100644 blob cf0bf1195523d49617e58b3d84c749a26c8814fd	apps/desktop/vendor/drawio/img/lib/azure2/other/Worker_Container_App.svg
100644 blob c0d8db0cde4ff5ec163b45ec845462b9b0de6c41	apps/desktop/vendor/drawio/img/lib/azure2/other/Workspace_Gateway.svg
100644 blob 4db411acabbbbbb4aeb0c3287587ee7c161e65da	apps/desktop/vendor/drawio/img/lib/azure2/power_platform/AIBuilder.svg
100644 blob e6d5d9f255d55a8b376242284363cf192da2ea11	apps/desktop/vendor/drawio/img/lib/azure2/power_platform/CopilotStudio.svg
100644 blob 1905bf3e75ecdb8eda6c172bdde9019bff16d415	apps/desktop/vendor/drawio/img/lib/azure2/power_platform/Dataverse.svg
100644 blob 3cbbb2ac450355747328676513b3907db8498c21	apps/desktop/vendor/drawio/img/lib/azure2/power_platform/PowerApps.svg
100644 blob 8c96c96871069f8baf23a124ba897c6c721e7326	apps/desktop/vendor/drawio/img/lib/azure2/power_platform/PowerAutomate.svg
100644 blob 6f02434380f8b53c34a293b1d0756c02443de2bd	apps/desktop/vendor/drawio/img/lib/azure2/power_platform/PowerBI.svg
100644 blob 45f27b050779c68550f9a140e900c2d2964339cf	apps/desktop/vendor/drawio/img/lib/azure2/power_platform/PowerFx.svg
100644 blob 44e42790d32d44f644547fe68062aa70c600b127	apps/desktop/vendor/drawio/img/lib/azure2/power_platform/PowerPages.svg
100644 blob 6f603b2d5627a02d05d7a46591ca8a3980aef6f9	apps/desktop/vendor/drawio/img/lib/azure2/power_platform/PowerPlatform.svg
100644 blob 6c9675b9408d54d1176095ab3f2b634a5f88325f	apps/desktop/vendor/drawio/img/lib/azure2/preview/Azure_Cloud_Shell.svg
100644 blob 894a91c482c9fdb74e150664d597d20a3a0329d2	apps/desktop/vendor/drawio/img/lib/azure2/preview/Azure_Sphere.svg
100644 blob 02dfc6d52c3f386d314741a588c03e4fc18bc939	apps/desktop/vendor/drawio/img/lib/azure2/preview/Azure_Workbooks.svg
100644 blob 0ed86fe3caf8f0b035d4b40204d6283edbcf97de	apps/desktop/vendor/drawio/img/lib/azure2/preview/IoT_Edge.svg
100644 blob c84ab53c3e936a25ecf1681bd3dabb533e76fdd8	apps/desktop/vendor/drawio/img/lib/azure2/preview/Private_Link_Hub.svg
100644 blob fabc17d6b8d85a606f3ec2f669733b4583b00415	apps/desktop/vendor/drawio/img/lib/azure2/preview/RTOS.svg
100644 blob dea4e6c8374acea084090b5baf03dea03273b714	apps/desktop/vendor/drawio/img/lib/azure2/preview/Static_Apps.svg
100644 blob d962935923fbd8b6c984b567139d78716446ab00	apps/desktop/vendor/drawio/img/lib/azure2/preview/Time_Series_Data_Sets.svg
100644 blob 30e5b96b7d90148399060b366f69c65b9a568a33	apps/desktop/vendor/drawio/img/lib/azure2/preview/Web_Environment.svg
100644 blob 6ecb0d572c7229993d2550b0ba233fc76e35d804	apps/desktop/vendor/drawio/img/lib/azure2/security/Application_Security_Groups.svg
100644 blob c3b9ff42eee9bb92f2fb6bd8f45f196bc39f2acd	apps/desktop/vendor/drawio/img/lib/azure2/security/Azure_AD_Risky_Signins.svg
100644 blob 341cad2244a6baea128f404791fde506e8fccc22	apps/desktop/vendor/drawio/img/lib/azure2/security/Azure_AD_Risky_Users.svg
100644 blob 584fc370b50092b666b9295c005dc30b8fac28a7	apps/desktop/vendor/drawio/img/lib/azure2/security/Azure_Defender.svg
100644 blob 1dc599ee2bd27d16cb644706bd51d1569ae48fd6	apps/desktop/vendor/drawio/img/lib/azure2/security/Azure_Sentinel.svg
100644 blob 9bea30abb5255a80ef4e04d99f88767522fa1dc9	apps/desktop/vendor/drawio/img/lib/azure2/security/Conditional_Access.svg
100644 blob 5dcf076bc3ed10a47dda6adf89fd1da4a7df9aaa	apps/desktop/vendor/drawio/img/lib/azure2/security/Detonation.svg
100644 blob 763391ef4a7a92d94ed5ffd0d981b2b1960c34dc	apps/desktop/vendor/drawio/img/lib/azure2/security/ExtendedSecurityUpdates.svg
100644 blob 0b8590ffd4f57948c04074522a2e145d717807af	apps/desktop/vendor/drawio/img/lib/azure2/security/Identity_Secure_Score.svg
100644 blob 598db9ad847ae0bf750fc94994b47e516362e9f0	apps/desktop/vendor/drawio/img/lib/azure2/security/Key_Vaults.svg
100644 blob a447c9df60364767586c3e3fa38bd550d766652b	apps/desktop/vendor/drawio/img/lib/azure2/security/Keys.svg
100644 blob 0a3bd452310523fcd842b05352a8b9ed06a4e775	apps/desktop/vendor/drawio/img/lib/azure2/security/MS_Defender_EASM.svg
100644 blob d57ee385530f7a1c325e43de20a2a590f3466ec3	apps/desktop/vendor/drawio/img/lib/azure2/security/Multifactor_Authentication.svg
100644 blob aeea93ddd7fc979020fe63ebd439fd219dbd6fba	apps/desktop/vendor/drawio/img/lib/azure2/security/Security_Center.svg
100644 blob b2d6eb1dfe74a7a5e3cd997239d0d3245667042a	apps/desktop/vendor/drawio/img/lib/azure2/storage/Azure_Fileshare.svg
100644 blob 8ff8ec0d6c3bafa08db22ce73405a686fa5d2e01	apps/desktop/vendor/drawio/img/lib/azure2/storage/Azure_HCP_Cache.svg
100644 blob e2abab59d863d9cc6a23771a2146f07a46364ed9	apps/desktop/vendor/drawio/img/lib/azure2/storage/Azure_NetApp_Files.svg
100644 blob 0adf14c693178017f3d602940a9b091c10abc092	apps/desktop/vendor/drawio/img/lib/azure2/storage/Azure_Stack_Edge.svg
100644 blob bf5a2059500fcf716cdc4fa7c2976a43d49e9df4	apps/desktop/vendor/drawio/img/lib/azure2/storage/Data_Box.svg
100644 blob 8b50e735604f1bc9735558519b062964b07054d7	apps/desktop/vendor/drawio/img/lib/azure2/storage/Data_Box_Edge.svg
100644 blob 49fa3e87d814b9b6f2719662c3cbd4edeb0b36ba	apps/desktop/vendor/drawio/img/lib/azure2/storage/Data_Lake_Storage_Gen1.svg
100644 blob 1ba6b0f2007e871580c31322f48715b8cb016eab	apps/desktop/vendor/drawio/img/lib/azure2/storage/Data_Share_Invitations.svg
100644 blob cc5a91e4cf89328f589535ee140630b3cfac809c	apps/desktop/vendor/drawio/img/lib/azure2/storage/Data_Shares.svg
100644 blob 044aa100c53ec44b5581ab5890074da784f49eef	apps/desktop/vendor/drawio/img/lib/azure2/storage/Data_Virtualization.svg
100644 blob 3bfbdb9e7b288f70a7db569fbce48e4bf7d3faef	apps/desktop/vendor/drawio/img/lib/azure2/storage/Import_Export_Jobs.svg
100644 blob 1887bc5f54eeca8243d7b710eeb84b1190e6c2c4	apps/desktop/vendor/drawio/img/lib/azure2/storage/Recovery_Services_Vaults.svg
100644 blob 4e0410a1bb0068a46977da2d02c8a3ac2d474a12	apps/desktop/vendor/drawio/img/lib/azure2/storage/StorSimple_Data_Managers.svg
100644 blob 1c8bb6272f1d061bb0f1648b7c2a2a5a3437d0b9	apps/desktop/vendor/drawio/img/lib/azure2/storage/StorSimple_Device_Managers.svg
100644 blob 6a1781100cb3bb37ade8e87b8b182a5a3d3d93dc	apps/desktop/vendor/drawio/img/lib/azure2/storage/Storage_Accounts.svg
100644 blob dd24c3cd41a9c244b03c5ce5fd1901bfbd4ffa83	apps/desktop/vendor/drawio/img/lib/azure2/storage/Storage_Accounts_Classic.svg
100644 blob 30c4e88f0439653adf954aab4f92de5772c473fd	apps/desktop/vendor/drawio/img/lib/azure2/storage/Storage_Explorer.svg
100644 blob 8f5c95b8f46d23dc48a1588f9e65c762e4a2ff92	apps/desktop/vendor/drawio/img/lib/azure2/storage/Storage_Hubs.svg
100644 blob 39b613e2c55bcfb62c4001018dcabc1ce1e227f1	apps/desktop/vendor/drawio/img/lib/azure2/storage/Storage_Sync_Services.svg
100644 blob f55c86304305c73efff0999366aa70065ded42ac	apps/desktop/vendor/drawio/img/lib/azure2/web/API_Center.svg
100644 blob a08af5cf3463a5d015c22197c94833c6a38206fd	apps/desktop/vendor/drawio/img/lib/azure2/web/Agentic_Web_Apps.svg
100644 blob 3653a53a3056d9d638da1d1533dee958ff4f71ff	apps/desktop/vendor/drawio/img/lib/azure2/web/App_Space.svg
100644 blob 910f6eee733172a02c43ad3389e7fd8759fbb1cd	apps/desktop/vendor/drawio/img/lib/azure2/web/Azure_Media_Service.svg
100644 blob c5ca46012266e6ffc88e61b690a8eb3c56d0c9f6	apps/desktop/vendor/drawio/img/lib/azure2/web/Notification_Hub_Namespaces.svg
100644 blob 421ae4ff0d1d082be03559e62b9ba64d921e0311	apps/desktop/vendor/drawio/img/lib/azure2/web/SignalR.svg
100644 blob 1e596954a73a03b8a47c7aa2cad440b317f08662	apps/desktop/vendor/drawio/img/lib/clip_art/computers/Antivirus_128x128.png
100644 blob 2abd9885ac82672ab283c8fdc1bd8c5d7a7c25f5	apps/desktop/vendor/drawio/img/lib/clip_art/computers/Data_Filtering_128x128.png
100644 blob cd8608b98cdc1e19f5ec510d47e2cba5b13bad9e	apps/desktop/vendor/drawio/img/lib/clip_art/computers/Database_128x128.png
100644 blob 3722775dd1086e32f825e282c06b78e527624c69	apps/desktop/vendor/drawio/img/lib/clip_art/computers/Database_Add_128x128.png
100644 blob 0494e1fb4558268fc239d1b90aad263654112b8c	apps/desktop/vendor/drawio/img/lib/clip_art/computers/Database_Minus_128x128.png
100644 blob db5b3e91ec5c406210b031b283964791b703ca0c	apps/desktop/vendor/drawio/img/lib/clip_art/computers/Database_Move_Stack_128x128.png
100644 blob 9451103eadb2e1ec0e1c452f5dbc8bc7f979a6db	apps/desktop/vendor/drawio/img/lib/clip_art/computers/Database_Remove_128x128.png
100644 blob 43739cb9c2bbabf1a4a610d8aacbcf8b7fab6b46	apps/desktop/vendor/drawio/img/lib/clip_art/computers/Fujitsu_Tablet_128x128.png
100644 blob d2a894f6d37a70a202098f01cc91c2560aa912c9	apps/desktop/vendor/drawio/img/lib/clip_art/computers/Harddrive_128x128.png
100644 blob 1ec000e673817b247996986f24cd8289401e665c	apps/desktop/vendor/drawio/img/lib/clip_art/computers/IBM_Tablet_128x128.png
100644 blob ec08fa4aeeb51c5c39dbc3dd215a58effda9854f	apps/desktop/vendor/drawio/img/lib/clip_art/computers/Laptop_128x128.png
100644 blob e8376f6cdcff63e72d8ff2da92cd347c50502125	apps/desktop/vendor/drawio/img/lib/clip_art/computers/MacBook_128x128.png
100644 blob 49d72f5d8c73d13cbf14b629e359cfe24b3a9eff	apps/desktop/vendor/drawio/img/lib/clip_art/computers/Mainframe_128x128.png
100644 blob 8c8679bc47105f30510c993785f5d22d35d12428	apps/desktop/vendor/drawio/img/lib/clip_art/computers/Monitor_128x128.png
100644 blob d430fb2cfabc4d64a180b453ab6fb60a3d0f39fe	apps/desktop/vendor/drawio/img/lib/clip_art/computers/Monitor_Tower_128x128.png
100644 blob 00611aacba8cbad1ba8c017f36c5a8e7b686c5b3	apps/desktop/vendor/drawio/img/lib/clip_art/computers/Monitor_Tower_Behind_128x128.png
100644 blob 62c720950abda1dcd5b156e813bb767630a26ea8	apps/desktop/vendor/drawio/img/lib/clip_art/computers/Netbook_128x128.png
100644 blob f43e6dc4965dde54e0704ca4d21a553bfad2aaee	apps/desktop/vendor/drawio/img/lib/clip_art/computers/Network_128x128.png
100644 blob f043f8e0d36b9d6014bfb5320b564f00bd272b62	apps/desktop/vendor/drawio/img/lib/clip_art/computers/Network_2_128x128.png
100644 blob 1f2e85d4fb230ad6916cb4e9fd014a649a55e027	apps/desktop/vendor/drawio/img/lib/clip_art/computers/Printer_128x128.png
100644 blob 82b072f7407efabfda99968f532221b7525c7c58	apps/desktop/vendor/drawio/img/lib/clip_art/computers/Printer_Commercial_128x128.png
100644 blob a98ff6fef19b08296753a5f22525e096ac345126	apps/desktop/vendor/drawio/img/lib/clip_art/computers/Secure_System_128x128.png
100644 blob f87b966445d3615bb0113454393b063f36509cb6	apps/desktop/vendor/drawio/img/lib/clip_art/computers/Server_128x128.png
100644 blob 3afc9bfab529adae753c23b21f22261021684ad5	apps/desktop/vendor/drawio/img/lib/clip_art/computers/Server_Rack_128x128.png
100644 blob 05204cb32d7690684862274e0967c080ef1a372e	apps/desktop/vendor/drawio/img/lib/clip_art/computers/Server_Rack_Empty_128x128.png
100644 blob 07b140a143e3bb2fc55f9c4f05a6b2db941306bc	apps/desktop/vendor/drawio/img/lib/clip_art/computers/Server_Rack_Partial_128x128.png
100644 blob d259a126c1bc3249ad2ef385f9c6a66af6bf9c8d	apps/desktop/vendor/drawio/img/lib/clip_art/computers/Server_Tower_128x128.png
100644 blob 301f1de2a967e4d873ff6afb70013cfbcd7ba0a4	apps/desktop/vendor/drawio/img/lib/clip_art/computers/Software_128x128.png
100644 blob 981aa10a562d3fb912ac551cb53debe7eb6a11c6	apps/desktop/vendor/drawio/img/lib/clip_art/computers/Stylus_128x128.png
100644 blob 2b827b5e4b9297248e8150456b6fe8e8a50d2d32	apps/desktop/vendor/drawio/img/lib/clip_art/computers/Touch_128x128.png
100644 blob 9dda8a02216e4455243fdac6e3f950844c240aa1	apps/desktop/vendor/drawio/img/lib/clip_art/computers/USB_Hub_128x128.png
100644 blob 9c2b0db54c09f631b290debea1fb13cbf23f1324	apps/desktop/vendor/drawio/img/lib/clip_art/computers/Virtual_Application_128x128.png
100644 blob f4d4693d02f604497c22b02a2fae040ea6496878	apps/desktop/vendor/drawio/img/lib/clip_art/computers/Virtual_Machine_128x128.png
100644 blob 8f67b89aa144f40eed970989b7f6bf9e16b8ef43	apps/desktop/vendor/drawio/img/lib/clip_art/computers/Virus_128x128.png
100644 blob 962e4e7b76844567a694058a6274be8e87fabec7	apps/desktop/vendor/drawio/img/lib/clip_art/computers/Workstation_128x128.png
100644 blob 652d5b04dc2b087c1a374c47dc6febfaaff4f0a4	apps/desktop/vendor/drawio/img/lib/clip_art/computers/iMac_128x128.png
100644 blob 9ac45d87f1814e2cd735b10aa1e36b8f9e9f3795	apps/desktop/vendor/drawio/img/lib/clip_art/computers/iPad_128x128.png
100644 blob b61ed879cdac8bc25ae03c5a8907df098b72c9da	apps/desktop/vendor/drawio/img/lib/clip_art/finance/Arrow_Down_128x128.png
100644 blob a7cdf3737a37c3d0ed65617bc4c5f6e37842d9e2	apps/desktop/vendor/drawio/img/lib/clip_art/finance/Arrow_Up_128x128.png
100644 blob 8ad29dd5ac8d30df1a6b615eff0499c339259495	apps/desktop/vendor/drawio/img/lib/clip_art/finance/Coins_128x128.png
100644 blob 085eca39e95fee0144856da90f4353b324b554ad	apps/desktop/vendor/drawio/img/lib/clip_art/finance/Credit_Card_128x128.png
100644 blob ac00ba48ea7c22f7dcf6e86431fa5cc78a1dd175	apps/desktop/vendor/drawio/img/lib/clip_art/finance/Dollar_128x128.png
100644 blob 31a6182625fb48c50bf17e7e4337f95338ccb58b	apps/desktop/vendor/drawio/img/lib/clip_art/finance/Graph_128x128.png
100644 blob 2d7491e421cac53080abe1bcae125f78c365d4d3	apps/desktop/vendor/drawio/img/lib/clip_art/finance/Pie_Chart_128x128.png
100644 blob d74e99a45031b176a569802890da470cc12243ac	apps/desktop/vendor/drawio/img/lib/clip_art/finance/Piggy_Bank_128x128.png
100644 blob 1502f220006b5d22490de45b914efc821389e79d	apps/desktop/vendor/drawio/img/lib/clip_art/finance/Safe_128x128.png
100644 blob 5997066425a050f6c2eae681f6b012a3c514b4d5	apps/desktop/vendor/drawio/img/lib/clip_art/finance/Shopping_Cart_128x128.png
100644 blob 47160bdbf0096faf076b5d698094cc084d17e5e5	apps/desktop/vendor/drawio/img/lib/clip_art/finance/Stock_Down_128x128.png
100644 blob 50a86e62000140a8cf9a54e0cbe932b6f93bce5a	apps/desktop/vendor/drawio/img/lib/clip_art/finance/Stock_Up_128x128.png
100644 blob 85e95ab90a2029fe9e56970abe28d16be5b4080e	apps/desktop/vendor/drawio/img/lib/clip_art/general/Battery_0_128x128.png
100644 blob d573e09b33356293e5af9c6ed61904bf64b5dceb	apps/desktop/vendor/drawio/img/lib/clip_art/general/Battery_100_128x128.png
100644 blob a94dff1fdac455472bf4ec9ba3955d58a2e91897	apps/desktop/vendor/drawio/img/lib/clip_art/general/Battery_50_128x128.png
100644 blob 0058dfc7284fcd2cc2e2798e769396ff5c75cbd2	apps/desktop/vendor/drawio/img/lib/clip_art/general/Battery_75_128x128.png
100644 blob 169fec38ae7aea4426980b2c21b7ef49a7b2eb9c	apps/desktop/vendor/drawio/img/lib/clip_art/general/Battery_allstates_128x128.png
100644 blob c59cd4eb9ec2963a138373c89de0fbdd9436fbf6	apps/desktop/vendor/drawio/img/lib/clip_art/general/Bluetooth_128x128.png
100644 blob b5b07aa2914f4599b0ecf7a4b80a1a9d95f35409	apps/desktop/vendor/drawio/img/lib/clip_art/general/Earth_globe_128x128.png
100644 blob f3c82a539c371a97dc654b58490a0ac022a5cdc9	apps/desktop/vendor/drawio/img/lib/clip_art/general/Empty_Folder_128x128.png
100644 blob 6ced5dfdd420deb9ce62d8cbbbed31906201b8da	apps/desktop/vendor/drawio/img/lib/clip_art/general/Full_Folder_128x128.png
100644 blob 6a552a97204d5b7fb6b0ea9d4a2ecbbd73c36f10	apps/desktop/vendor/drawio/img/lib/clip_art/general/Gear_128x128.png
100644 blob e178dd30f35f921373f4762895fc55259707e188	apps/desktop/vendor/drawio/img/lib/clip_art/general/Keys_128x128.png
100644 blob bfd0c077bcb986b1fb4c45bc7dc8ef7ce6d19d1e	apps/desktop/vendor/drawio/img/lib/clip_art/general/Lock_128x128.png
100644 blob a334a231f8e07649661e2b6a2df68371a7c35c4f	apps/desktop/vendor/drawio/img/lib/clip_art/general/Mouse_Pointer_128x128.png
100644 blob 8793b3e1d0297b301e83fc29687bd2c70c723517	apps/desktop/vendor/drawio/img/lib/clip_art/general/Plug_128x128.png
100644 blob 823ef18286e487c84214691ef5f57789d2c1f881	apps/desktop/vendor/drawio/img/lib/clip_art/general/Ships_Wheel_128x128.png
100644 blob 16794dd3be5f7f264ea4e5841f59d2932b75b4cc	apps/desktop/vendor/drawio/img/lib/clip_art/general/Star_128x128.png
100644 blob 8c6329b8f82d8c57c01f13e7bac273a2d4c5a42b	apps/desktop/vendor/drawio/img/lib/clip_art/general/Tire_128x128.png
100644 blob f6352a04552a006ec45898857643081b72604e45	apps/desktop/vendor/drawio/img/lib/clip_art/networking/Bridge_128x128.png
100644 blob 672cef5b08324f736de48203ababa0ed5fb22631	apps/desktop/vendor/drawio/img/lib/clip_art/networking/Certificate_128x128.png
100644 blob f6e5f98c18446c3128cb23e557ef504aa3dd00c0	apps/desktop/vendor/drawio/img/lib/clip_art/networking/Certificate_Off_128x128.png
100644 blob 59944f732b0b7ae8cfaec85fd6c2a98f23e6a770	apps/desktop/vendor/drawio/img/lib/clip_art/networking/Cloud_128x128.png
100644 blob 1bc057395006349d14ed63dc584c2f0561397582	apps/desktop/vendor/drawio/img/lib/clip_art/networking/Cloud_Computer_128x128.png
100644 blob 89515ee94654093c3105089f9a9cc5bd4f45a92d	apps/desktop/vendor/drawio/img/lib/clip_art/networking/Cloud_Computer_Private_128x128.png
100644 blob 39b8357785db09f94a9b6f876b4975830f97e3da	apps/desktop/vendor/drawio/img/lib/clip_art/networking/Cloud_Rack_128x128.png
100644 blob 9eff7cc79801d9d40e4febab80bb178db1abcb87	apps/desktop/vendor/drawio/img/lib/clip_art/networking/Cloud_Rack_Private_128x128.png
100644 blob ca74984bc06873cd2a7ab66ccdf7c351bd0eb330	apps/desktop/vendor/drawio/img/lib/clip_art/networking/Cloud_Server_128x128.png
100644 blob 0703f49164deb51e4e1ff2a9621cea974fe16fc4	apps/desktop/vendor/drawio/img/lib/clip_art/networking/Cloud_Server_Private_128x128.png
100644 blob 22658fbeafbbc2bbe5ad270702ab3b97dddd58a9	apps/desktop/vendor/drawio/img/lib/clip_art/networking/Cloud_Storage_128x128.png
100644 blob 5e4f7dc4da90e8fac89daf6d485594f830029fe1	apps/desktop/vendor/drawio/img/lib/clip_art/networking/Concentrator_128x128.png
100644 blob cb481b71673779e66aa79a47bc58f09795cf68dc	apps/desktop/vendor/drawio/img/lib/clip_art/networking/Email_128x128.png
100644 blob 2bfc40c599081291318f4a9fc541644fed548a92	apps/desktop/vendor/drawio/img/lib/clip_art/networking/Firewall-page1_128x128.png
100644 blob a2739ea355130c6a20a6f1755b4049419cc7ec76	apps/desktop/vendor/drawio/img/lib/clip_art/networking/Firewall_02_128x128.png
100644 blob ff20288aed1eb3dbe2c10a5c06c92d491268af22	apps/desktop/vendor/drawio/img/lib/clip_art/networking/Firewall_128x128.png
100644 blob 1331dd4fb8a7194660b4f1b94eac12c55a9ac4b9	apps/desktop/vendor/drawio/img/lib/clip_art/networking/Ip_Camera_128x128.png
100644 blob 95d7255cbd2ed9e810b6ecccbd4683ce5857d940	apps/desktop/vendor/drawio/img/lib/clip_art/networking/Modem_128x128.png
100644 blob 49a39fc2f3baeea7ed8d2f82e61e0ce1d1519676	apps/desktop/vendor/drawio/img/lib/clip_art/networking/Print_Server_128x128.png
100644 blob 76141a1a0cf9fb82ea038fa77c92fc61eba7f507	apps/desktop/vendor/drawio/img/lib/clip_art/networking/Print_Server_Wireless_128x128.png
100644 blob 3a1516ba5007bfe2dafc673d1e23e0cab2e18a04	apps/desktop/vendor/drawio/img/lib/clip_art/networking/Repeater_128x128.png
100644 blob 855951e6f9e29a6d6828f971224815f6c9a8d01c	apps/desktop/vendor/drawio/img/lib/clip_art/networking/Router_128x128.png
100644 blob 546081b8b0d938805da2fd2611fb4309705e1801	apps/desktop/vendor/drawio/img/lib/clip_art/networking/Router_Icon_128x128.png
100644 blob 45b921c88c8ee0153a0639bebaab6a0b63be7567	apps/desktop/vendor/drawio/img/lib/clip_art/networking/Switch_128x128.png
100644 blob 3581d705f66fcffea91791e2304db8a8be9d606b	apps/desktop/vendor/drawio/img/lib/clip_art/networking/UPS_128x128.png
100644 blob 7453825c8e148f4b6f4c390530dd0c0f876f74dd	apps/desktop/vendor/drawio/img/lib/clip_art/networking/Wireless_Router_128x128.png
100644 blob 8da4b53037424b8f6dfe6b33739e09da95b4c2db	apps/desktop/vendor/drawio/img/lib/clip_art/networking/Wireless_Router_N_128x128.png
100644 blob af9a4b3b058b07116dfdfd1fd585048986c5a839	apps/desktop/vendor/drawio/img/lib/clip_art/networking/power_distribution_unit_128x128.png
100644 blob 1a9810f9927abc335d0700a9454d6d490ecca66d	apps/desktop/vendor/drawio/img/lib/clip_art/people/Construction_Worker_Man_128x128.png
100644 blob 80ab364d8c40b895095ed35a406218cd0414a208	apps/desktop/vendor/drawio/img/lib/clip_art/people/Construction_Worker_Man_Black_128x128.png
100644 blob 5b962774cb7ac7da349ab9b144ca1c4dab818e23	apps/desktop/vendor/drawio/img/lib/clip_art/people/Construction_Worker_Woman_128x128.png
100644 blob 2defcbb9d435be0aa346242ff1cc37f01a6c5162	apps/desktop/vendor/drawio/img/lib/clip_art/people/Construction_Worker_Woman_Black_128x128.png
100644 blob 64c37617d9113149c44dd48f8a112f1ead29986e	apps/desktop/vendor/drawio/img/lib/clip_art/people/Doctor_Man_128x128.png
100644 blob 18c80a6ceae141f816592a919dad83e5dd4a8006	apps/desktop/vendor/drawio/img/lib/clip_art/people/Doctor_Man_Black_128x128.png
100644 blob ddf03dda47198e91aa737c30b5e72215caff9bd0	apps/desktop/vendor/drawio/img/lib/clip_art/people/Doctor_Woman_128x128.png
100644 blob bd7406ed9530db866b581368ab03e95dd3a2da31	apps/desktop/vendor/drawio/img/lib/clip_art/people/Doctor_Woman_Black_128x128.png
100644 blob 530f402a23969e8a05a5d5052e8303d6a39130c8	apps/desktop/vendor/drawio/img/lib/clip_art/people/Farmer_Man_128x128.png
100644 blob c5ca43a4e25978b28390b19b2bed568fae83f33e	apps/desktop/vendor/drawio/img/lib/clip_art/people/Farmer_Man_Black_128x128.png
100644 blob a8894d407314d5c9717eb822c0ecc8f26309a268	apps/desktop/vendor/drawio/img/lib/clip_art/people/Farmer_Woman_128x128.png
100644 blob 31d3bf846df2beaaa7196cbf3afee629ad79fae6	apps/desktop/vendor/drawio/img/lib/clip_art/people/Farmer_Woman_Black_128x128.png
100644 blob 95a4fdcaf166b47ab395c7dae6f349f3b9d62406	apps/desktop/vendor/drawio/img/lib/clip_art/people/Military_Officer_128x128.png
100644 blob 1abde81265edbbe9348c44a6eb09a6a6aabafde4	apps/desktop/vendor/drawio/img/lib/clip_art/people/Military_Officer_Black_128x128.png
100644 blob 05a9d57ec596ac128c45c8f685dba15311fe9740	apps/desktop/vendor/drawio/img/lib/clip_art/people/Military_Officer_Woman_128x128.png
100644 blob f6f92012d709ba4ecc739996ec955518d9523927	apps/desktop/vendor/drawio/img/lib/clip_art/people/Military_Officer_Woman_Black_128x128.png
100644 blob 8f237d9a2b59a5367747b301800dc87bda8b397b	apps/desktop/vendor/drawio/img/lib/clip_art/people/Nurse_Man_128x128.png
100644 blob fd38a87db1f0fd821864b1b580ade7b23813bc4d	apps/desktop/vendor/drawio/img/lib/clip_art/people/Nurse_Man_Black_128x128.png
100644 blob 9320c90777cc446c4be0ce93320a166fd01ef18f	apps/desktop/vendor/drawio/img/lib/clip_art/people/Nurse_Man_Green_128x128.png
100644 blob c350a8d5da900d87b7f0f3692ed448858d61209f	apps/desktop/vendor/drawio/img/lib/clip_art/people/Nurse_Man_Red_128x128.png
100644 blob ec0cc5dd2d44ab5369fd6cb7e0bec07c81e823ea	apps/desktop/vendor/drawio/img/lib/clip_art/people/Nurse_Woman_128x128.png
100644 blob 848630adbed673fb6ba3552868180c2dcf463c1e	apps/desktop/vendor/drawio/img/lib/clip_art/people/Nurse_Woman_Black_128x128.png
100644 blob 9ef83e366e2b47b5ce5ca76cb2d698513b67e446	apps/desktop/vendor/drawio/img/lib/clip_art/people/Nurse_Woman_Green_128x128.png
100644 blob 9e86a71c08c578921c395177fba9e2d0ebb292cc	apps/desktop/vendor/drawio/img/lib/clip_art/people/Nurse_Woman_Red_128x128.png
100644 blob 98ca515472c843081ee76383df29ea1512aa3558	apps/desktop/vendor/drawio/img/lib/clip_art/people/Pilot_Man_128x128.png
100644 blob 30d6f2823835f80ce4d9d8931efda150d13bc964	apps/desktop/vendor/drawio/img/lib/clip_art/people/Pilot_Man_Black_128x128.png
100644 blob 0540d457ab30513f3276188417381b0e9df5bd25	apps/desktop/vendor/drawio/img/lib/clip_art/people/Pilot_Woman_128x128.png
100644 blob 5d8d42070431c4446ed0ec097013e3aec67c5dcd	apps/desktop/vendor/drawio/img/lib/clip_art/people/Pilot_Woman_Black_128x128.png
100644 blob bdad67d92ee94c8af638a400203a90bb5d6b3f94	apps/desktop/vendor/drawio/img/lib/clip_art/people/Scientist_Man_128x128.png
100644 blob b99698cde7714c79bb1dd9b584d238fb66ce3f02	apps/desktop/vendor/drawio/img/lib/clip_art/people/Scientist_Man_Black_128x128.png
100644 blob ae2a944ab35a492a51c77b75bcfb73c4b58daaaf	apps/desktop/vendor/drawio/img/lib/clip_art/people/Scientist_Woman_128x128.png
100644 blob 278a5aa80a782f78cd84dd0bc9330ed7e80bc828	apps/desktop/vendor/drawio/img/lib/clip_art/people/Scientist_Woman_Black_128x128.png
100644 blob e2e56c524d580f181c189c55b4bcbb8db9e3a397	apps/desktop/vendor/drawio/img/lib/clip_art/people/Security_Man_128x128.png
100644 blob e7aa6c1003521c6b5925ba8ce6075cdb327b66a8	apps/desktop/vendor/drawio/img/lib/clip_art/people/Security_Man_Black_128x128.png
100644 blob a63b7f165bbe84a1852f8f7ec0ebce4b9691745d	apps/desktop/vendor/drawio/img/lib/clip_art/people/Security_Woman_128x128.png
100644 blob 1fc0ea782b5b316455d4542ac87c57d0d86dbe94	apps/desktop/vendor/drawio/img/lib/clip_art/people/Security_Woman_Black_128x128.png
100644 blob 378e06554ad3d2ba2278738b4057559b41a0070c	apps/desktop/vendor/drawio/img/lib/clip_art/people/Soldier_128x128.png
100644 blob 37018cd55b2f5ecff307d987605f30533d254378	apps/desktop/vendor/drawio/img/lib/clip_art/people/Soldier_Black_128x128.png
100644 blob 3168101a067280f042cde5fc14eef0afabe3ae41	apps/desktop/vendor/drawio/img/lib/clip_art/people/Suit_Man_128x128.png
100644 blob 439e47f905f54c773853156d040c9ab9d57f054a	apps/desktop/vendor/drawio/img/lib/clip_art/people/Suit_Man_Black_128x128.png
100644 blob 7912a90642772a82aa9511f8ab07d045daf80a94	apps/desktop/vendor/drawio/img/lib/clip_art/people/Suit_Man_Blue_128x128.png
100644 blob 2a3636ca237eb5f53422788be4069cf5f4d76375	apps/desktop/vendor/drawio/img/lib/clip_art/people/Suit_Man_Green_128x128.png
100644 blob 574b1a056ce8233ac21daec250a4321efd2461fa	apps/desktop/vendor/drawio/img/lib/clip_art/people/Suit_Man_Green_Black_128x128.png
100644 blob 341b2ec30c3536e811a7a16bdb9d48e2d543c636	apps/desktop/vendor/drawio/img/lib/clip_art/people/Suit_Woman_128x128.png
100644 blob f4d087b26f8f9bf77193a299d06edbd9fc29eba2	apps/desktop/vendor/drawio/img/lib/clip_art/people/Suit_Woman_Black_128x128.png
100644 blob c3b5d4990613ad29b6a27b9e50077e7d1ea7a85b	apps/desktop/vendor/drawio/img/lib/clip_art/people/Suit_Woman_Blue_128x128.png
100644 blob 202b187148b05b86c6303d0cf15250a1efc8c685	apps/desktop/vendor/drawio/img/lib/clip_art/people/Suit_Woman_Green_128x128.png
100644 blob caaec7e6e937af85b9158156ad05b0286ef4d350	apps/desktop/vendor/drawio/img/lib/clip_art/people/Suit_Woman_Green_Black_128x128.png
100644 blob 98c46b12d248111b5d7a05f9451bef106242315c	apps/desktop/vendor/drawio/img/lib/clip_art/people/Tech_Man_128x128.png
100644 blob 6666cbffb9d37503548c70397c4df3deb1aed321	apps/desktop/vendor/drawio/img/lib/clip_art/people/Tech_Man_Black_128x128.png
100644 blob 0df7ba34854324f0879cb4fc2705afd27cf385bb	apps/desktop/vendor/drawio/img/lib/clip_art/people/Telesales_Man_128x128.png
100644 blob a720883a54093d83888609243f15a82b3e5b53cd	apps/desktop/vendor/drawio/img/lib/clip_art/people/Telesales_Man_Black_128x128.png
100644 blob c16660d0e86a1fa1a78b755bb99e4f319d0b8f35	apps/desktop/vendor/drawio/img/lib/clip_art/people/Telesales_Woman_128x128.png
100644 blob a364fcae40a8f040047e1d8c269827915ecc3e32	apps/desktop/vendor/drawio/img/lib/clip_art/people/Telesales_Woman_Black_128x128.png
100644 blob 0d28098ead8a511dd1eda223ca17246d30ec60f7	apps/desktop/vendor/drawio/img/lib/clip_art/people/Waiter_128x128.png
100644 blob 09473f122434eda71d8c913ec8314ad9b35811de	apps/desktop/vendor/drawio/img/lib/clip_art/people/Waiter_Black_128x128.png
100644 blob 7c97798a2074fb021bd62cbfbc0c7468fd3cf8f6	apps/desktop/vendor/drawio/img/lib/clip_art/people/Waiter_Woman_128x128.png
100644 blob fba992eb31589442b7077a3e3597773f1cd917e8	apps/desktop/vendor/drawio/img/lib/clip_art/people/Waiter_Woman_Black_128x128.png
100644 blob 294dfdb51bde985f3b6e8acae7203d6bafcf96a6	apps/desktop/vendor/drawio/img/lib/clip_art/people/Worker_Black_128x128.png
100644 blob ef507dda67304c0dda1b239879fc4567779a059d	apps/desktop/vendor/drawio/img/lib/clip_art/people/Worker_Man_128x128.png
100644 blob 266c44acca8f56b2ad04908be7225b53c84e741f	apps/desktop/vendor/drawio/img/lib/clip_art/people/Worker_Woman_128x128.png
100644 blob a1f5b5bb366041238408a2d40d44ab04a521ac1d	apps/desktop/vendor/drawio/img/lib/clip_art/people/Worker_Woman_Black_128x128.png
100644 blob 696bf3b0f09490843e909180327a69d0309a595c	apps/desktop/vendor/drawio/img/lib/clip_art/telecommunication/BlackBerry_128x128.png
100644 blob 8b3c50143321775bae075fffe80de95599a6b39d	apps/desktop/vendor/drawio/img/lib/clip_art/telecommunication/Cellphone_128x128.png
100644 blob 5c4b351383af2f9398fad4aebda7a2d43b9422b1	apps/desktop/vendor/drawio/img/lib/clip_art/telecommunication/HTC_smartphone_128x128.png
100644 blob 9a803e45a42a583a3c3a380d10dd1d1a12f69ccb	apps/desktop/vendor/drawio/img/lib/clip_art/telecommunication/Palm_Treo_128x128.png
100644 blob dd309ce070b76148acc59da13f4183c44b916af0	apps/desktop/vendor/drawio/img/lib/clip_art/telecommunication/Signal_tower_off_128x128.png
100644 blob 3a575a3ad5b15a8914d591977944e8dd5983cb34	apps/desktop/vendor/drawio/img/lib/clip_art/telecommunication/Signal_tower_on_128x128.png
100644 blob 90416056f8b3ee3d2c7dd03b54aa98cabdd4c603	apps/desktop/vendor/drawio/img/lib/clip_art/telecommunication/Telephone_128x128.png
100644 blob 1403a7f4705523998e8ba33ebf93d2220e9cf0d0	apps/desktop/vendor/drawio/img/lib/clip_art/telecommunication/iPhone_128x128.png
100644 blob 0633dfeacdedd48ebb41908c4cbe0024100c38c4	apps/desktop/vendor/drawio/img/lib/cumulus/chassis_bare_metal_empty.svg
100644 blob 0f5cc9a1d24bb8fd643491c06aa85969151f738a	apps/desktop/vendor/drawio/img/lib/cumulus/chassis_cumulus_linux.svg
100644 blob 4969e62518952970f9d2ec1a00e9608eb0704703	apps/desktop/vendor/drawio/img/lib/cumulus/container.svg
100644 blob 748a919a748e6c8fbb123c79f9ada0e82c733115	apps/desktop/vendor/drawio/img/lib/cumulus/cumulus_linux_icon.svg
100644 blob ccc9bd91fb1506ecac396593590356bbe1e1c378	apps/desktop/vendor/drawio/img/lib/cumulus/cumulus_netq_icon.svg
100644 blob d7163823a4192b4f53fdda30e19a1279121c658a	apps/desktop/vendor/drawio/img/lib/cumulus/ddos_server.svg
100644 blob a11df4f8f1d40d822a741775aa2ccabc8b4f4ce6	apps/desktop/vendor/drawio/img/lib/cumulus/internet.svg
100644 blob 0b444e21d82186d99c53586fd82d34246c9eed34	apps/desktop/vendor/drawio/img/lib/cumulus/limed_spruce.svg
100644 blob 65db1356b5fd9f4fa4138f6baae09573bbb3104a	apps/desktop/vendor/drawio/img/lib/cumulus/netq_agent.svg
100644 blob 6c906a1d1dbec08439093a6d2409e4c31bc1660c	apps/desktop/vendor/drawio/img/lib/cumulus/netq_chassis.svg
100644 blob 647b2887c11f0417466dd537ad8832b5daee1ab6	apps/desktop/vendor/drawio/img/lib/cumulus/netq_server.svg
100644 blob bde00440330a3bb19f450a234e1805683773096a	apps/desktop/vendor/drawio/img/lib/cumulus/netq_telemetry_server.svg
100644 blob d7e22baa4d48c21ccf0332ea89e9d288cfee79ce	apps/desktop/vendor/drawio/img/lib/cumulus/rack_bare_metal.svg
100644 blob b3fc90957eb3812a82f77fd65e779c777e50fde5	apps/desktop/vendor/drawio/img/lib/cumulus/rack_cumulus_linux.svg
100644 blob 84caf5734ccafc8a5c0a7e80e6000394b9d203d4	apps/desktop/vendor/drawio/img/lib/cumulus/rack_out_of_band.svg
100644 blob dc6fabb4868916e0c75d9dd571998d2fc065fc8e	apps/desktop/vendor/drawio/img/lib/cumulus/rack_voyager.svg
100644 blob 365746c9b8a209b9b08a80e1217c4eee69332c54	apps/desktop/vendor/drawio/img/lib/cumulus/server_bare_metal.svg
100644 blob 2a5a245f515c694c28f3a8c9fc56dc1a5f056ce6	apps/desktop/vendor/drawio/img/lib/cumulus/switch.svg
100644 blob b38287b92c22f82363f52ab010eee023b24e2e3d	apps/desktop/vendor/drawio/img/lib/cumulus/switch_bare_metal_empty.svg
100644 blob 67c30826998561a1972597daf3c9d44a38e32f78	apps/desktop/vendor/drawio/img/lib/cumulus/switch_cumulus_linux.svg
100644 blob d5814785c453c881eb0cb122fd0f2f26bdf68182	apps/desktop/vendor/drawio/img/lib/cumulus/switch_out_of_band.svg
100644 blob 67c52a0102e77aa56d316afc9b8349ee04359938	apps/desktop/vendor/drawio/img/lib/cumulus/switch_voyager.svg
100644 blob 67a54c3658346b029ac77731ad7fd07f9718e124	apps/desktop/vendor/drawio/img/lib/dynamics365/BusinessCentral.svg
100644 blob 714baed0ed55ca068a14a349cd33c3104a8f99ba	apps/desktop/vendor/drawio/img/lib/dynamics365/Commerce.svg
100644 blob 08b545c548476171e1475ac3dc259cd044aeb20c	apps/desktop/vendor/drawio/img/lib/dynamics365/ConnectedStore.svg
100644 blob e8e5903c37d16d5ce5d120572034024f0742f9b0	apps/desktop/vendor/drawio/img/lib/dynamics365/CoreHR.svg
100644 blob b82a2e59e48e138f884331bb80defc86d06e5db3	apps/desktop/vendor/drawio/img/lib/dynamics365/CustomerInsights.svg
100644 blob d248676afddbf8123c7e70515004f8de14734f7b	apps/desktop/vendor/drawio/img/lib/dynamics365/CustomerService.svg
100644 blob 903291046f7550d84054de7be773e1d878faeb7b	apps/desktop/vendor/drawio/img/lib/dynamics365/CustomerServiceInsights.svg
100644 blob b6ccfe006eb06ef5131d4e610743357025de4856	apps/desktop/vendor/drawio/img/lib/dynamics365/CustomerVoice.svg
100644 blob ce8441d3e54d7af94166bf9129f1549ac87a3797	apps/desktop/vendor/drawio/img/lib/dynamics365/Dynamics365.svg
100644 blob 761dece193dc38b81e2f0864b83551bb0a37bbfb	apps/desktop/vendor/drawio/img/lib/dynamics365/FieldService.svg
100644 blob 6e31b08bd1fcdc31154c3d570091deb9bcf9a626	apps/desktop/vendor/drawio/img/lib/dynamics365/Finance.svg
100644 blob 908f9acb199eea6cfda80bdabd22d081ea81a492	apps/desktop/vendor/drawio/img/lib/dynamics365/Finance_Operations.svg
100644 blob 4cc439da5c9c6aa3ea46558feb56c13acecd63e7	apps/desktop/vendor/drawio/img/lib/dynamics365/FraudProtection.svg
100644 blob 1b29c9db2c33e7e04cca48f7285afdcae1a2343e	apps/desktop/vendor/drawio/img/lib/dynamics365/ImportTool.svg
100644 blob 54452a1ae63880f9d34604f6f3f40c347e770340	apps/desktop/vendor/drawio/img/lib/dynamics365/IntelligentOrderManagement.svg
100644 blob 38667e8351a4c2ca1c33b00da4f6aed1582fe0b8	apps/desktop/vendor/drawio/img/lib/dynamics365/Layout.svg
100644 blob 1c6cb98626b68c591102eb5c40647af942504659	apps/desktop/vendor/drawio/img/lib/dynamics365/MRPortal.svg
100644 blob 632d924e2cef5b5c99f58c314cb39b670e2d161e	apps/desktop/vendor/drawio/img/lib/dynamics365/Marketing.svg
100644 blob 35ff300308d0200cbc69189e95deb129b72d6168	apps/desktop/vendor/drawio/img/lib/dynamics365/ProductVisualize.svg
100644 blob 2271c9a8bf757aba5ce2b39e0017177a63c0e9bd	apps/desktop/vendor/drawio/img/lib/dynamics365/Product_Insights.svg
100644 blob c0af802e9e2e5036fa06c05e890b9513b023a8de	apps/desktop/vendor/drawio/img/lib/dynamics365/ProjectServiceAutomation.svg
100644 blob e4c751bdf87c254b4b8b59d372a6f37fd408df9b	apps/desktop/vendor/drawio/img/lib/dynamics365/ProjectTimesheet.svg
100644 blob 773c4014abc9997fbbdd6f3e7be39ff9c0a033b2	apps/desktop/vendor/drawio/img/lib/dynamics365/RemoteAssist.svg
100644 blob 867e754ab1c275c5cb91443891b7cc85f42b962e	apps/desktop/vendor/drawio/img/lib/dynamics365/ReturnToSchool.svg
100644 blob 0d47c9a2a6a0c67209f4d6b4c26bff410207977a	apps/desktop/vendor/drawio/img/lib/dynamics365/ReturnToWork.svg
100644 blob 8cabf5f6a243ee95984b9e0ea9aecf925effe018	apps/desktop/vendor/drawio/img/lib/dynamics365/SCMWarehousing.svg
100644 blob 65971cc6d3f370f79796156bf9b7b786a1a14abe	apps/desktop/vendor/drawio/img/lib/dynamics365/Sales.svg
100644 blob f0e3f57c61829217d078d80529e83dc9db634a97	apps/desktop/vendor/drawio/img/lib/dynamics365/SalesInsights.svg
100644 blob 2125fef04df6c3c687fb6c619c9a39ab2c50c9d7	apps/desktop/vendor/drawio/img/lib/dynamics365/SupplyChainManagement.svg
100644 blob c604c4de509799fd896555e347ee238505b83d5b	apps/desktop/vendor/drawio/img/lib/dynamics365/SustainabilityCalculator.svg
100644 blob b94f98548dcee8cd1dc245554b342397b52f53c0	apps/desktop/vendor/drawio/img/lib/dynamics365/TalentAttract.svg
100644 blob 7734caa749e173265484ad4d8882af0d7edf51b6	apps/desktop/vendor/drawio/img/lib/dynamics365/TalentOnboard.svg
100644 blob 09761f16fe5df37fbab9613b43d7ebc95da404d0	apps/desktop/vendor/drawio/img/lib/dynamics365/VoiceAssistant.svg
100644 blob 87efb877c5970c7f3f2d803ad5a6c061e125f34f	apps/desktop/vendor/drawio/img/lib/ibm/analytics/analytics.svg
100644 blob 15955e1476c0182eaf5965e85e023e10353f76b8	apps/desktop/vendor/drawio/img/lib/ibm/analytics/data_integration.svg
100644 blob 8c4b4b40abe319f8bb5b1757b42b5c5db533a6da	apps/desktop/vendor/drawio/img/lib/ibm/analytics/data_repositories.svg
100644 blob bc71e384e4fd9473385a36530cdfde105072eaa2	apps/desktop/vendor/drawio/img/lib/ibm/analytics/device_analytics.svg
100644 blob a0e52ebe090d3c47f58af0d2620455c42fe96761	apps/desktop/vendor/drawio/img/lib/ibm/analytics/streaming_computing.svg
100644 blob 131a084f52157d904abd4070d07619c6fa9bb31d	apps/desktop/vendor/drawio/img/lib/ibm/applications/actionable_insight.svg
100644 blob 67d8cde47a4e20c60c46dba135a93a26cc1b8c74	apps/desktop/vendor/drawio/img/lib/ibm/applications/annotate.svg
100644 blob 163130142fffa13c7b9eb29935230503038ae484	apps/desktop/vendor/drawio/img/lib/ibm/applications/api_developer_portal.svg
100644 blob 7080e19422f18f23b53178ec7aa017e2612feffc	apps/desktop/vendor/drawio/img/lib/ibm/applications/api_polyglot_runtimes.svg
100644 blob f34fc6ba4335affc97dacd65241d1433cf4d66f5	apps/desktop/vendor/drawio/img/lib/ibm/applications/app_server.svg
100644 blob 07f0682f767153758a6bdf3b07ea772586e1d62a	apps/desktop/vendor/drawio/img/lib/ibm/applications/application_logic.svg
100644 blob 9d41de710d08a9e577bcc6f65a8960cbe070e6c4	apps/desktop/vendor/drawio/img/lib/ibm/applications/automation_tools.svg
100644 blob 78a26565441fd5c59e0d1574aadba88c4aef3b2e	apps/desktop/vendor/drawio/img/lib/ibm/applications/enterprise_applications.svg
100644 blob f38e407068ae2e2a3e51dadf994be8f70f773beb	apps/desktop/vendor/drawio/img/lib/ibm/applications/index.svg
100644 blob e2b50667ef53d872f4c9280acb079c91ed1b551a	apps/desktop/vendor/drawio/img/lib/ibm/applications/iot_application.svg
100644 blob 0a821f501cb97a99e15a6ef6b6e3662bac1307cb	apps/desktop/vendor/drawio/img/lib/ibm/applications/microservice.svg
100644 blob 6fd915fa5d6cde115feb75ced2363894ef808446	apps/desktop/vendor/drawio/img/lib/ibm/applications/mobile_app.svg
100644 blob 1d0a66d68ec6e055e6a5313ab0114aa32238cdc1	apps/desktop/vendor/drawio/img/lib/ibm/applications/ontology.svg
100644 blob f8d2f88b1352aba58b53f2deae8e3e1f8c8478d5	apps/desktop/vendor/drawio/img/lib/ibm/applications/open_source_tools.svg
100644 blob 5ed3687cda7527735a2ac9e9bb5516f1d22f3811	apps/desktop/vendor/drawio/img/lib/ibm/applications/runtime_services.svg
100644 blob 2c5d84dfffb56a568d21b3c5544adde29661a230	apps/desktop/vendor/drawio/img/lib/ibm/applications/saas_applications.svg
100644 blob 629ab4497d590f60f3da3e037f1544fa8dce37fb	apps/desktop/vendor/drawio/img/lib/ibm/applications/service_broker.svg
100644 blob 5c578871eee8a9cb1bac9b6b58401d505bbf3767	apps/desktop/vendor/drawio/img/lib/ibm/applications/speech_to_text.svg
100644 blob edb5326a4c00e46b0ea81521fa575cd23fb5cd80	apps/desktop/vendor/drawio/img/lib/ibm/applications/visual_recognition.svg
100644 blob 63472d4f60bd00eddf131887b42745fcc0c31ad5	apps/desktop/vendor/drawio/img/lib/ibm/applications/visualization.svg
100644 blob c8d140796a5612f0d78567ed456cb3234481eb2c	apps/desktop/vendor/drawio/img/lib/ibm/blockchain/blockchain.svg
100644 blob c8c1c7e21f92cff1c6f000b7a63d37f6465952d2	apps/desktop/vendor/drawio/img/lib/ibm/blockchain/blockchain_developer.svg
100644 blob 4654d839f2742fe295d80d391aeb5d6435684e79	apps/desktop/vendor/drawio/img/lib/ibm/blockchain/certificate_authority.svg
100644 blob 3f19b09c30638ca65122a44dcdb3c2a4fff07c04	apps/desktop/vendor/drawio/img/lib/ibm/blockchain/client_application.svg
100644 blob c30b6027ef05131b310f06feb13a47d297e2ffc6	apps/desktop/vendor/drawio/img/lib/ibm/blockchain/communication.svg
100644 blob f5dcca72e6fbb598c977fd845022d211244b5cc7	apps/desktop/vendor/drawio/img/lib/ibm/blockchain/consensus.svg
100644 blob 4cc127dbf5939d83ef4e014b2512826ced8def26	apps/desktop/vendor/drawio/img/lib/ibm/blockchain/e_cert.svg
100644 blob 89e55b106f272cbdb5b13f2bec2eb7e94f44fe25	apps/desktop/vendor/drawio/img/lib/ibm/blockchain/event.svg
100644 blob 3612a12722f756f1afd4add319314f6e1a954642	apps/desktop/vendor/drawio/img/lib/ibm/blockchain/event_listener.svg
100644 blob 27fe2f2fdecb832b7b5f3c2fed2da2639ffb6c98	apps/desktop/vendor/drawio/img/lib/ibm/blockchain/existing_enterprise_systems.svg
100644 blob 5e6603fa35e28c2d4228fedb1d68b1547f2db91e	apps/desktop/vendor/drawio/img/lib/ibm/blockchain/hyperledger_fabric.svg
100644 blob 1f8ca48dddf6880ee62940ac855da773d5ee266c	apps/desktop/vendor/drawio/img/lib/ibm/blockchain/identity_access_manager.svg
100644 blob 905a88c9e7e97bfadb49b50473762c8492d0fe31	apps/desktop/vendor/drawio/img/lib/ibm/blockchain/key_management.svg
100644 blob e5d1ca3b64513b40a15cd85d544bd86346e55ddd	apps/desktop/vendor/drawio/img/lib/ibm/blockchain/ledger.svg
100644 blob 31f1636df04277b73cea48b1e4be49d05541b02e	apps/desktop/vendor/drawio/img/lib/ibm/blockchain/membership.svg
100644 blob f5da064e1fd873e54b1835bb605183786d2fbc04	apps/desktop/vendor/drawio/img/lib/ibm/blockchain/membership_services_provider_api.svg
100644 blob c24f1ac088cb342c8969d89105a83b78e52d1f02	apps/desktop/vendor/drawio/img/lib/ibm/blockchain/message_bus.svg
100644 blob a80ea75827c59cea9ab82ddfbe7b82bc1e332018	apps/desktop/vendor/drawio/img/lib/ibm/blockchain/node.svg
100644 blob d9c407a80d61fd34efd0aedc1bb7881a0c84abb7	apps/desktop/vendor/drawio/img/lib/ibm/blockchain/services.svg
100644 blob b912689713fab6d2d250f2ec120ded39687c6c5a	apps/desktop/vendor/drawio/img/lib/ibm/blockchain/smart_contract.svg
100644 blob c17272fb94fc48221acf2940002fe4ab3b26f9ef	apps/desktop/vendor/drawio/img/lib/ibm/blockchain/transaction_manager.svg
100644 blob 782a322a7bf018ea234a65ea2c3118acc1afa9e3	apps/desktop/vendor/drawio/img/lib/ibm/blockchain/wallet.svg
100644 blob 58a1c2991996aeb4c8d025e342d1a3b85eb013d3	apps/desktop/vendor/drawio/img/lib/ibm/data/caches.svg
100644 blob b29ba42c2d6ca5d57629e32856c6d314ca0e8b1b	apps/desktop/vendor/drawio/img/lib/ibm/data/cloud.svg
100644 blob 735ffe88a1e308e7676a6a84b2580f054087cedf	apps/desktop/vendor/drawio/img/lib/ibm/data/conversation_trained_deployed.svg
100644 blob 7db7ab8f60301d02cf0e870b67e39dbc4f53bb48	apps/desktop/vendor/drawio/img/lib/ibm/data/data_services.svg
100644 blob 3cafa57ec1b190f508bc6194269aa8d6552a8f61	apps/desktop/vendor/drawio/img/lib/ibm/data/data_sources.svg
100644 blob 3e680d354820aabe1fc2d3dcfd43adca19539dcc	apps/desktop/vendor/drawio/img/lib/ibm/data/device_identity_service.svg
100644 blob 567b0ac41d9a02619c0a872b0bb40fba78bb617f	apps/desktop/vendor/drawio/img/lib/ibm/data/device_registry.svg
100644 blob 1e1c35180096b997d2906924da66672c98b30bdf	apps/desktop/vendor/drawio/img/lib/ibm/data/enterprise_data.svg
100644 blob 6a03ae001d28f33f5f11c7aa58799ff95cdd90b5	apps/desktop/vendor/drawio/img/lib/ibm/data/enterprise_user_directory.svg
100644 blob 86d9e27ed3fc1fc402fc568fbbbcf1f7b05d1476	apps/desktop/vendor/drawio/img/lib/ibm/data/file_repository.svg
100644 blob b3efc1a8155f367d40c895c8ea4ad335c760479b	apps/desktop/vendor/drawio/img/lib/ibm/data/ground_truth.svg
100644 blob a46d240a399c5c12198bef3488287ff33457bb88	apps/desktop/vendor/drawio/img/lib/ibm/data/model.svg
100644 blob e9f379cf4f37569ee63fda60620739a5fd5e5fb1	apps/desktop/vendor/drawio/img/lib/ibm/data/tms_data_interface.svg
100644 blob 3d010dc0acd6f4ae1b59de5bfda42b6db1d34d11	apps/desktop/vendor/drawio/img/lib/ibm/devops/artifact_management.svg
100644 blob 016138ea8153087af945d09cef38a2f9a3a5691c	apps/desktop/vendor/drawio/img/lib/ibm/devops/build_test.svg
100644 blob db4d30e76ff5dd5e3cfc3463e8b8f70212501c46	apps/desktop/vendor/drawio/img/lib/ibm/devops/code_editor.svg
100644 blob 57ad6e1e412f616a8cc053d1df7317d83db11096	apps/desktop/vendor/drawio/img/lib/ibm/devops/collaborative_development.svg
100644 blob c7b8536db6432787c3ea8e4ffdccf4d301eb4e7c	apps/desktop/vendor/drawio/img/lib/ibm/devops/configuration_management.svg
100644 blob 6ebc78972480bb2c28ba3cc4fc109adc2a010331	apps/desktop/vendor/drawio/img/lib/ibm/devops/continuous_deploy.svg
100644 blob 295d1acea029d6acc4d4e05b6479dc0ef4af6d2f	apps/desktop/vendor/drawio/img/lib/ibm/devops/continuous_testing.svg
100644 blob 59baaa9ab6ca6f2fb6d5d7aefb9f134bdc36d67f	apps/desktop/vendor/drawio/img/lib/ibm/devops/devops.svg
100644 blob 4cd9db2c766fffb6838975fa578b6ba9d76d9fbc	apps/desktop/vendor/drawio/img/lib/ibm/devops/provision.svg
100644 blob f9d15f9f50e8c2f7c454e520dbffe64de4b581e1	apps/desktop/vendor/drawio/img/lib/ibm/devops/release_management.svg
100644 blob 318b17b40cbf31cc3b7f0d999882e64fdb305bd1	apps/desktop/vendor/drawio/img/lib/ibm/infrastructure/channels.svg
100644 blob 05c278e5f81d00e158ce34d2463f42d62453930e	apps/desktop/vendor/drawio/img/lib/ibm/infrastructure/cloud_messaging.svg
100644 blob 7022c575632efba30dc920b6ffc91b47ac87ed00	apps/desktop/vendor/drawio/img/lib/ibm/infrastructure/dashboard.svg
100644 blob baa3412b82327bfb0fd9fad26b394e9b857cfd68	apps/desktop/vendor/drawio/img/lib/ibm/infrastructure/diagnostics.svg
100644 blob fce78e7ce8e17cbf52502ff96458d1ac4437848f	apps/desktop/vendor/drawio/img/lib/ibm/infrastructure/edge_services.svg
100644 blob c207b85765baaa0bd80c903656e892a535ee46da	apps/desktop/vendor/drawio/img/lib/ibm/infrastructure/enterprise_messaging.svg
100644 blob 91f425dbc4c66dd237220e7158040f97c3cbb0ed	apps/desktop/vendor/drawio/img/lib/ibm/infrastructure/event_feed.svg
100644 blob be4c1aeb37661a53fc83b397cb3c4d9521db2e0e	apps/desktop/vendor/drawio/img/lib/ibm/infrastructure/infrastructure_services.svg
100644 blob ce92f1ea302afc5ffe98fda3f46307d4b8fbff0c	apps/desktop/vendor/drawio/img/lib/ibm/infrastructure/interservice_communication.svg
100644 blob 6a71c75668dd041ddeda2057d9809db1c3dceb53	apps/desktop/vendor/drawio/img/lib/ibm/infrastructure/load_balancing_routing.svg
100644 blob c43b9ccb148c48d176365fbe51cbbe455dc27305	apps/desktop/vendor/drawio/img/lib/ibm/infrastructure/microservices_mesh.svg
100644 blob 2171d9348a4b95d63ecea7f23d28fd5ec2c329cf	apps/desktop/vendor/drawio/img/lib/ibm/infrastructure/mobile_backend.svg
100644 blob 601becaff3c471b4e86bb3c446866fe98e311834	apps/desktop/vendor/drawio/img/lib/ibm/infrastructure/mobile_provider_network.svg
100644 blob 21215ee9b9397cd5a72eb47266d5fccaab331a4c	apps/desktop/vendor/drawio/img/lib/ibm/infrastructure/monitoring.svg
100644 blob f8e5bc032a67fb3bc964f9e6e6e823c2b6356ef2	apps/desktop/vendor/drawio/img/lib/ibm/infrastructure/monitoring_logging.svg
100644 blob ed824be71d827c0c8ca6a2844a49457cda6a6fe8	apps/desktop/vendor/drawio/img/lib/ibm/infrastructure/peer_services.svg
100644 blob e2330fd35b0509c415a9c39737e831fb8cdd3c89	apps/desktop/vendor/drawio/img/lib/ibm/infrastructure/service_discovery_configuration.svg
100644 blob b5b4b5f3341401d8d99a6157da2bc721634085b6	apps/desktop/vendor/drawio/img/lib/ibm/infrastructure/transformation_connectivity.svg
100644 blob 7eb97edfba8a239e1c18e29aa31f2257cf0795b9	apps/desktop/vendor/drawio/img/lib/ibm/management/alert_notification.svg
100644 blob 4a65181864492816cb574b7db08c01d43d0ea215	apps/desktop/vendor/drawio/img/lib/ibm/management/api_management.svg
100644 blob 2edd802e270aca91a8f17151bcfa7f63b361bec8	apps/desktop/vendor/drawio/img/lib/ibm/management/cloud_management.svg
100644 blob 43d2e2fb2dc3db0e22ce24d52285c3571b97b1e0	apps/desktop/vendor/drawio/img/lib/ibm/management/cluster_management.svg
100644 blob 59a889cc63931e3df2aa0abcf393d75e0ffd8e39	apps/desktop/vendor/drawio/img/lib/ibm/management/content_management.svg
100644 blob 007a040f2027efd416c415f3312787a63f5d8745	apps/desktop/vendor/drawio/img/lib/ibm/management/data_services.svg
100644 blob 005e7c2ca4462bf750edc99e9d6c366bd026db4c	apps/desktop/vendor/drawio/img/lib/ibm/management/device_management.svg
100644 blob ac836a19a69936af9526516253e145a5e832644f	apps/desktop/vendor/drawio/img/lib/ibm/management/information_governance.svg
100644 blob d6999e148c5cc1189b64bf5ee6edbc6888eddadc	apps/desktop/vendor/drawio/img/lib/ibm/management/it_service_management.svg
100644 blob 79823134f2e26d7509eecaa560bdae3a8d51c359	apps/desktop/vendor/drawio/img/lib/ibm/management/management.svg
100644 blob a162373aec3633dfb9862ee594cb0d07d9b881c8	apps/desktop/vendor/drawio/img/lib/ibm/management/monitoring_metrics.svg
100644 blob 35e5d69d0140cf1172df494ff8dd7b09fef457b2	apps/desktop/vendor/drawio/img/lib/ibm/management/process_management.svg
100644 blob 847b5c547fcd80701e027d71a4e6359075969892	apps/desktop/vendor/drawio/img/lib/ibm/management/provider_cloud_portal_service.svg
100644 blob 70cdb30fa1f28e2b50fa387d689dafff0e337568	apps/desktop/vendor/drawio/img/lib/ibm/management/push_notifications.svg
100644 blob 3853a7482a9e3ada9f49065788d73b90d3f3a249	apps/desktop/vendor/drawio/img/lib/ibm/management/service_management_tools.svg
100644 blob 176e09a847a207284437ad86421bad9e98eb9af2	apps/desktop/vendor/drawio/img/lib/ibm/miscellaneous/bluemix.svg
100644 blob 3f660ab792f9d8a0002e53584fb3a5afc4274cf5	apps/desktop/vendor/drawio/img/lib/ibm/miscellaneous/cloudant.svg
100644 blob 2988521c54b5f73e750e99ef344ce05722d06ce6	apps/desktop/vendor/drawio/img/lib/ibm/miscellaneous/cognitive_services.svg
100644 blob a0b9a0ffae2a104f5a21cf4670da9b21bdfaa7e7	apps/desktop/vendor/drawio/img/lib/ibm/miscellaneous/ibm_containers.svg
100644 blob 25ca054ed7c4ca885e21e509da0f9877bfef630a	apps/desktop/vendor/drawio/img/lib/ibm/miscellaneous/ibm_public_cloud.svg
100644 blob 25ca054ed7c4ca885e21e509da0f9877bfef630a	apps/desktop/vendor/drawio/img/lib/ibm/miscellaneous/iot_cloud.svg
100644 blob 49fc74fc5f79e07a9a39bddb88f6785fcb3c5981	apps/desktop/vendor/drawio/img/lib/ibm/miscellaneous/microservices_application.svg
100644 blob b9a266cbac6451e2e7aed5e51ac4bbe8b7d1dead	apps/desktop/vendor/drawio/img/lib/ibm/miscellaneous/object_storage.svg
100644 blob 652dcc8c0e336e3b9fd117550b5a7e6a7d890fce	apps/desktop/vendor/drawio/img/lib/ibm/miscellaneous/offline_capabilities.svg
100644 blob 9807f67badd55da88c171d9b0296b214a66fbabf	apps/desktop/vendor/drawio/img/lib/ibm/miscellaneous/openwhisk.svg
100644 blob 47e57217243345bec825e776e4d44a212710dfa2	apps/desktop/vendor/drawio/img/lib/ibm/miscellaneous/peer_cloud.svg
100644 blob 8269e02d3d8d74feec2377c4d56c3483ea8c130b	apps/desktop/vendor/drawio/img/lib/ibm/miscellaneous/retrieve_rank.svg
100644 blob 51d3998fb5038e4d6b54f29d39235150cb6e7ac5	apps/desktop/vendor/drawio/img/lib/ibm/miscellaneous/scalable.svg
100644 blob 4840ec8a0e37a4f6378185eb60d7f3b061354f16	apps/desktop/vendor/drawio/img/lib/ibm/miscellaneous/text_to_speech.svg
100644 blob 682c0a2e0a638b8142e57c0848b70851817d9069	apps/desktop/vendor/drawio/img/lib/ibm/security/api_security.svg
100644 blob 14f7181a277a098f01c4946c34a7d4e8f29578ec	apps/desktop/vendor/drawio/img/lib/ibm/security/blockchain_security_service.svg
100644 blob 4803335ad839d6c22f422b19a2cc064ed4dd935a	apps/desktop/vendor/drawio/img/lib/ibm/security/data_security.svg
100644 blob e825c928e51b5c318ab9243b9af9be38a7a41cf2	apps/desktop/vendor/drawio/img/lib/ibm/security/firewall.svg
100644 blob d8152d22fd563fd0238f6ddefa26cef2bc21f15c	apps/desktop/vendor/drawio/img/lib/ibm/security/gateway.svg
100644 blob d966e315bb43276062cee3d4f131df271450d09d	apps/desktop/vendor/drawio/img/lib/ibm/security/governance_risk_compliance.svg
100644 blob 51c0dd1e350f21732f0152be66c7af4cfd671d78	apps/desktop/vendor/drawio/img/lib/ibm/security/identity_access_management.svg
100644 blob 254ec06f398db2feccce1cc1dd0c5442cac22287	apps/desktop/vendor/drawio/img/lib/ibm/security/identity_provider.svg
100644 blob 48a634a24ec84e77ec91723ef6edd45010b0f186	apps/desktop/vendor/drawio/img/lib/ibm/security/infrastructure_security.svg
100644 blob 7d4f860a561b843f1a6dbcc1732fd329b99946ed	apps/desktop/vendor/drawio/img/lib/ibm/security/physical_security.svg
100644 blob c993bea7f98f427f219a5018360e416c5a8d62cf	apps/desktop/vendor/drawio/img/lib/ibm/security/security_monitoring_intelligence.svg
100644 blob 62bad2a03cfe317a212e8d7d10a6c7842dd4224f	apps/desktop/vendor/drawio/img/lib/ibm/security/security_services.svg
100644 blob c58904e2eafa0cbe2d04a840aeb78b0768d49024	apps/desktop/vendor/drawio/img/lib/ibm/security/trustend_computing.svg
100644 blob defea60a0eea398d64e83381aaef6cb0703347e1	apps/desktop/vendor/drawio/img/lib/ibm/security/vpn.svg
100644 blob eaeb89c7bf9c53fbb649b029ea684aa0b63284ad	apps/desktop/vendor/drawio/img/lib/ibm/social/communities.svg
100644 blob 3770fe008a8b4d022e25c2b2d5275db51e72a30c	apps/desktop/vendor/drawio/img/lib/ibm/social/file_sync.svg
100644 blob b0f5c504a37df25f86673e6de3c326338b72380b	apps/desktop/vendor/drawio/img/lib/ibm/social/live_collaboration.svg
100644 blob 6319610ff153bbb84cfb12a97c06c9d6da3ef681	apps/desktop/vendor/drawio/img/lib/ibm/social/messaging.svg
100644 blob c2dac7e6f1e34eb91f7e726403d16d361ca38859	apps/desktop/vendor/drawio/img/lib/ibm/social/networking.svg
100644 blob 303e20300002926eea1916f06860e2abe3c888e3	apps/desktop/vendor/drawio/img/lib/ibm/users/browser.svg
100644 blob 4690cd4a5969b8b936633b31ad91293ebf12fb1e	apps/desktop/vendor/drawio/img/lib/ibm/users/device.svg
100644 blob 8b7dddb89dccac57f7822b2f1f8568bef1a8f9aa	apps/desktop/vendor/drawio/img/lib/ibm/users/integrated_digital_experiences.svg
100644 blob eb506b27de7b5649e387b277cb54e0921302089b	apps/desktop/vendor/drawio/img/lib/ibm/users/physical_entity.svg
100644 blob ccee0b70930a13c1e6b09098eca8e8573412d349	apps/desktop/vendor/drawio/img/lib/ibm/users/sensor.svg
100644 blob 967baf733e118637a2a2fa682f40a357a107c2ef	apps/desktop/vendor/drawio/img/lib/ibm/users/user.svg
100644 blob bde6e1947d2353387195db6c0ffa0128f33f33c2	apps/desktop/vendor/drawio/img/lib/ibm/vpc/ACLRules.svg
100644 blob bedfb402a2f22642c4e39b537af25fad0054e5a7	apps/desktop/vendor/drawio/img/lib/ibm/vpc/BareMetalServer.svg
100644 blob d920ec2e516e319264fc22e5976b018366b9b401	apps/desktop/vendor/drawio/img/lib/ibm/vpc/BlockStorage.svg
100644 blob 1ae3e01512f808babddce8fceec40aa732fe59a1	apps/desktop/vendor/drawio/img/lib/ibm/vpc/Bridge.svg
100644 blob 68589ba8e23c77a068e8ea0050ca15563d29b144	apps/desktop/vendor/drawio/img/lib/ibm/vpc/ClassicInfrastructure.svg
100644 blob 6fce8ca96c8992d99c9e1fe42c6d1cb100a2bd81	apps/desktop/vendor/drawio/img/lib/ibm/vpc/ClassicInfrastructureTag.svg
100644 blob 23dff805331ee90b6f03a34a07b56779847ed941	apps/desktop/vendor/drawio/img/lib/ibm/vpc/CloudServices.svg
100644 blob 440be544fca5a306746ff7ab575c8dfa1e45de18	apps/desktop/vendor/drawio/img/lib/ibm/vpc/CloudTag.svg
100644 blob ff64a627edc67a38cb75527bfd22a866cf041ac3	apps/desktop/vendor/drawio/img/lib/ibm/vpc/DirectLink.svg
100644 blob ca27e5f96a27dd3e53485de852863c1d99832601	apps/desktop/vendor/drawio/img/lib/ibm/vpc/Enterprise.svg
100644 blob eeed9cc1a651443ab65e74cd3df91817ac3c91bd	apps/desktop/vendor/drawio/img/lib/ibm/vpc/Enterprise2.svg
100644 blob 71a47f2d3d03d836dcbcaef947d277c0353a80a9	apps/desktop/vendor/drawio/img/lib/ibm/vpc/EnterpriseTag.svg
100644 blob 15b305a1e545c8573aa3301f17e0695e4410c6d4	apps/desktop/vendor/drawio/img/lib/ibm/vpc/Firewall.svg
100644 blob ccc2dd330a6a39f25ff3f431864d6744b78653f6	apps/desktop/vendor/drawio/img/lib/ibm/vpc/FloatingIP.svg
100644 blob 1300635ec2a272c8557ecfc4e262427a1e711a9e	apps/desktop/vendor/drawio/img/lib/ibm/vpc/GatewayAppliance.svg
100644 blob 3d6d5e92ed4028e1ee5d77d0318f801e86957ec1	apps/desktop/vendor/drawio/img/lib/ibm/vpc/IBMCloud.svg
100644 blob 9bda3fcf1a1d248a6f2b2e5151d6f311d7b1494d	apps/desktop/vendor/drawio/img/lib/ibm/vpc/Image.svg
100644 blob 3a3701c6000264969ab3ccbaff28ac59d53641d9	apps/desktop/vendor/drawio/img/lib/ibm/vpc/ImageService.svg
100644 blob 5b9aa7b3973d41a2f85a48ccd13ebbf4dacd8b68	apps/desktop/vendor/drawio/img/lib/ibm/vpc/Instance.svg
100644 blob 8ae421032fc8486eb74ff7f73339f592c415143d	apps/desktop/vendor/drawio/img/lib/ibm/vpc/Internet.svg
100644 blob add594efd63f901c7d7bcc0844c8d35047c88212	apps/desktop/vendor/drawio/img/lib/ibm/vpc/InternetServices.svg
100644 blob 87fab32275d2667e66606a41a8dabcb0ef70e1e0	apps/desktop/vendor/drawio/img/lib/ibm/vpc/InternetServices2.svg
100644 blob b2a82997e3cb417cee7ccf8e939eef5a0c5e6107	apps/desktop/vendor/drawio/img/lib/ibm/vpc/Key.svg
100644 blob de0eb6ffc02930564ef217c9c67eef28f69df4d0	apps/desktop/vendor/drawio/img/lib/ibm/vpc/LoadBalancer.svg
100644 blob 684ebc49e00cabb7175dd7bb58beee27b9d0a874	apps/desktop/vendor/drawio/img/lib/ibm/vpc/LoadBalancerListener.svg
100644 blob 9160659eb67b7f8c5945be1a98fa46e4dd4528e8	apps/desktop/vendor/drawio/img/lib/ibm/vpc/LoadBalancerPool.svg
100644 blob 680aeb4befd7016e81d4cf3f757d319229a1b807	apps/desktop/vendor/drawio/img/lib/ibm/vpc/Marketplace.svg
100644 blob 42b4d5aff527115f5c627198a1ce7dc15e801c18	apps/desktop/vendor/drawio/img/lib/ibm/vpc/ObjectStorage.svg
100644 blob a913ee91ce96885206d20fc474197e873e2799fc	apps/desktop/vendor/drawio/img/lib/ibm/vpc/PowerInstance.svg
100644 blob c40cf781d4ad9742b7ed0992763260b010911fe5	apps/desktop/vendor/drawio/img/lib/ibm/vpc/PublicGateway.svg
100644 blob 1f6be11adfdf3eb912582292edf641debab8c92f	apps/desktop/vendor/drawio/img/lib/ibm/vpc/PublicTag.svg
100644 blob 7a4af198c7ef8e137bc65247cb5f442186565516	apps/desktop/vendor/drawio/img/lib/ibm/vpc/RegionTag.svg
100644 blob 39e86f84e803bbb2ecb64e2321e9c5c94848d409	apps/desktop/vendor/drawio/img/lib/ibm/vpc/Router.svg
100644 blob 01fbcfad7b76167a5c435399b4080ce64e5b05da	apps/desktop/vendor/drawio/img/lib/ibm/vpc/Rules.svg
100644 blob 38541a9ea1b32a290a372f405b417288bb763681	apps/desktop/vendor/drawio/img/lib/ibm/vpc/SecurityGroupRules.svg
100644 blob 81e128fd5b3d5206ac99572157771abe0e34810d	apps/desktop/vendor/drawio/img/lib/ibm/vpc/Subnet.svg
100644 blob 5f9f0ff8004686a52687bb03923bc7020cf224f3	apps/desktop/vendor/drawio/img/lib/ibm/vpc/SubnetTag.svg
100644 blob 9c36efdfe5f4050efac592efc657f2192da69af6	apps/desktop/vendor/drawio/img/lib/ibm/vpc/SubnetTag2.svg
100644 blob c3ba9421300f26329f62d6bc40352eedc90e261c	apps/desktop/vendor/drawio/img/lib/ibm/vpc/TransitGateway.svg
100644 blob 18880c9de7fcb1d45c11be7ef4033b3a8c9e31f4	apps/desktop/vendor/drawio/img/lib/ibm/vpc/VPCTag.svg
100644 blob 1ed73fcd2e502b0340633bd49df3070fb081a370	apps/desktop/vendor/drawio/img/lib/ibm/vpc/VPN.svg
100644 blob 0d596fb5f218bcf6083943135067c1c1cd0e2447	apps/desktop/vendor/drawio/img/lib/ibm/vpc/VPNConnection.svg
100644 blob 6d136af9b714bd7afb38b8c64584431b71b32801	apps/desktop/vendor/drawio/img/lib/ibm/vpc/VPNGateway.svg
100644 blob e549fb804bc5cc74a413de95e3e0a3811fb6e28d	apps/desktop/vendor/drawio/img/lib/ibm/vpc/VPNPolicy.svg
100644 blob 396f9c9413243825793026cc24c4d39c7b77bac0	apps/desktop/vendor/drawio/img/lib/ibm/vpc/VirtualPrivateCloud.svg
100644 blob f227b8ccadd6d021d128f86bab1fce4b1e819fff	apps/desktop/vendor/drawio/img/lib/ibm/vpc/ZoneTag.svg
100644 blob ce6a6353818aee39df2e13404f87b9295bcefa8b	apps/desktop/vendor/drawio/img/lib/mscae/ADFS.svg
100644 blob 1ff81dbce0a44687196c1e954bdc9ab9cee6b19c	apps/desktop/vendor/drawio/img/lib/mscae/API.svg
100644 blob 4cd1a0fd55c277b674ed4bf657710e23dba6e3aa	apps/desktop/vendor/drawio/img/lib/mscae/APIDefinition.svg
100644 blob 2b544c7a23c4c340538e8286173585cd3bba4224	apps/desktop/vendor/drawio/img/lib/mscae/API_Management.svg
100644 blob 179e1289dcb21b184d139f44ca9159b56df2dba4	apps/desktop/vendor/drawio/img/lib/mscae/ARMExplorer.svg
100644 blob 27ba5c403b086fb444d833c1398c8be486416f37	apps/desktop/vendor/drawio/img/lib/mscae/Access_Review.svg
100644 blob b09a57c625f9e233ef1c6b8d903b06620fcbd8fd	apps/desktop/vendor/drawio/img/lib/mscae/ActiveDirectory.svg
100644 blob cd5958eda706bb050e1fa0e08c22ff994c3adaf7	apps/desktop/vendor/drawio/img/lib/mscae/ActiveDirectoryDomain.svg
100644 blob a5bc09a756e104fc6e25f7344976fec8db5ed2e4	apps/desktop/vendor/drawio/img/lib/mscae/Active_Directory.svg
100644 blob 38fdfe9aa5cbb9f9353e14f3355fcbd70f7657e4	apps/desktop/vendor/drawio/img/lib/mscae/Active_Directory_Health_Monitoring.svg
100644 blob 1cab08c9570d57f3d9ef3a489784069216d92075	apps/desktop/vendor/drawio/img/lib/mscae/AddTeamMember.svg
100644 blob e26cb84de9dff5a732e5cbbbe2ca82594141e944	apps/desktop/vendor/drawio/img/lib/mscae/Address_Space.svg
100644 blob a2c2ca64c016309b765e96e30882359559a98c88	apps/desktop/vendor/drawio/img/lib/mscae/Advisor.svg
100644 blob a0d4ed8626c5ffed98ded583ace86765038bbae4	apps/desktop/vendor/drawio/img/lib/mscae/Alien.svg
100644 blob 27b547ba960c6afb50eff8de49d3d613b2ba9799	apps/desktop/vendor/drawio/img/lib/mscae/AlienSad.svg
100644 blob 93ef8228635213a32f971cdc1cf7f0329efe5ff7	apps/desktop/vendor/drawio/img/lib/mscae/Analysis_Services.svg
100644 blob e8abb9521e3278cfa8a8755cd8274b6e6e2c1e8d	apps/desktop/vendor/drawio/img/lib/mscae/AppServiceConnectivity.svg
100644 blob 7532da3f9296b7cf93f91e234c063d766216265b	apps/desktop/vendor/drawio/img/lib/mscae/AppServiceEnvironment.svg
100644 blob ec99bd66b90271174dba0a6a2bbbcfb335c95aa8	apps/desktop/vendor/drawio/img/lib/mscae/App_Configuration.svg
100644 blob 572355b69d0bf705164dd2d6c37d1b86d22b6458	apps/desktop/vendor/drawio/img/lib/mscae/App_Registrations.svg
100644 blob 27319250713764332b9f715454983e4fd225652b	apps/desktop/vendor/drawio/img/lib/mscae/App_Service.svg
100644 blob 43bcdb6d4b7c205ba341e6e20185f50fe691122b	apps/desktop/vendor/drawio/img/lib/mscae/App_Service_API_Apps.svg
100644 blob a5add821d61501135efe0a99a70748c45f9b84f4	apps/desktop/vendor/drawio/img/lib/mscae/App_Service_Frontend.svg
100644 blob 725302e5bb82bacda9e33ce68af732282dd65d12	apps/desktop/vendor/drawio/img/lib/mscae/App_Service_IPAddress.svg
100644 blob 32966a15e345c9d55b24c08cb13fa311a28f9846	apps/desktop/vendor/drawio/img/lib/mscae/App_Service_Mobile_App.svg
100644 blob 8a58c3aaca5a4d9312401e335eda5ee028c9253d	apps/desktop/vendor/drawio/img/lib/mscae/App_Service_Worker_Pools.svg
100644 blob f37d91e9cdee6ec89b78bb565ff592f97e79cc96	apps/desktop/vendor/drawio/img/lib/mscae/App_Services.svg
100644 blob 6fb332e93f326b2858ee16a6fb6350aba0504595	apps/desktop/vendor/drawio/img/lib/mscae/Application_Gateway.svg
100644 blob 4cad5e006ce0f42da60245401aeded477b062552	apps/desktop/vendor/drawio/img/lib/mscae/Application_Insights.svg
100644 blob 0702bf19830dbed26b8ddd4326ebd6f176f7ab12	apps/desktop/vendor/drawio/img/lib/mscae/Application_Security_Groups.svg
100644 blob 99cd9ba39dfd52c0549fd70ee314ad2b6b159769	apps/desktop/vendor/drawio/img/lib/mscae/Archive_Storage.svg
100644 blob f32172a0d662bf78a283862b08f213b281147dfa	apps/desktop/vendor/drawio/img/lib/mscae/Auditing.svg
100644 blob 6fb68fc674b196036a3ff1bff605195a4031595f	apps/desktop/vendor/drawio/img/lib/mscae/AuditingServer.svg
100644 blob f173c3cee62d852670f5cf493084b361f4f59273	apps/desktop/vendor/drawio/img/lib/mscae/AutoBackup.svg
100644 blob 8e8ced13e23ee9b8f0834412728fe1ea24a46aa1	apps/desktop/vendor/drawio/img/lib/mscae/Automation.svg
100644 blob 2ce16b1c08c99c6373de02b4ca375075e6dd12d1	apps/desktop/vendor/drawio/img/lib/mscae/Avatar.svg
100644 blob ba89c610ff4431ea6a7c488d4c9518ee11fea5d3	apps/desktop/vendor/drawio/img/lib/mscae/AvatarDefault.svg
100644 blob c7d4781ced2d3ff4e5b0ced02238f2e609cff52f	apps/desktop/vendor/drawio/img/lib/mscae/AvatarUnknown.svg
100644 blob 6dca931c5e014ec20d500896deb642b5eac11cd5	apps/desktop/vendor/drawio/img/lib/mscae/Azure API for FHIR.svg
100644 blob 7b6d0d8880865cbba68e28ad12afbb652fa6274b	apps/desktop/vendor/drawio/img/lib/mscae/AzureFXTEdgeFiler.svg
100644 blob 264290626fe951f42b5e2dfd020d72c195975592	apps/desktop/vendor/drawio/img/lib/mscae/Azure_AD_B2C.svg
100644 blob 354ecc5ad14631a4253a09d0a4fe967a9a8fddad	apps/desktop/vendor/drawio/img/lib/mscae/Azure_AD_Domain_Services.svg
100644 blob a9081a5d5cd7cf1dc1bb39177b821eae64615dd4	apps/desktop/vendor/drawio/img/lib/mscae/Azure_AD_Identity_Protection.svg
100644 blob 715567484d37e612abbf308217c14430141bbd02	apps/desktop/vendor/drawio/img/lib/mscae/Azure_AD_Privileged_Identity_Management.svg
100644 blob 6dca931c5e014ec20d500896deb642b5eac11cd5	apps/desktop/vendor/drawio/img/lib/mscae/Azure_API_for_FHIR.svg
100644 blob 2ab5cf1fcd89525e4119ac449e71c5eb95a40a64	apps/desktop/vendor/drawio/img/lib/mscae/Azure_Artifacts.svg
100644 blob 27853e092f3b397c3854ad743c546da76661f45e	apps/desktop/vendor/drawio/img/lib/mscae/Azure_Boards.svg
100644 blob 8f1890f9674b06db7a6a9904d7f0c0799f5ad185	apps/desktop/vendor/drawio/img/lib/mscae/Azure_Cache_for_Redis.svg
100644 blob accb424ff3f264f9e3e1314861fe2e13abe7dccd	apps/desktop/vendor/drawio/img/lib/mscae/Azure_Data_Explorer_Clusters.svg
100644 blob 9643181e81d31054a0afe6a2731eaaae26c83f38	apps/desktop/vendor/drawio/img/lib/mscae/Azure_Database_Migration_Services.svg
100644 blob 3b98d3b7932ed766de69afe599fb74ecb734dc96	apps/desktop/vendor/drawio/img/lib/mscae/Azure_Database_for_MariaDB_servers.svg
100644 blob b4c87b83eef0cffe590096c5207a8e76990c3683	apps/desktop/vendor/drawio/img/lib/mscae/Azure_Database_for_MySQL_servers.svg
100644 blob 0236e4d26d8c5f99433c574cc869e3c1a07b9b95	apps/desktop/vendor/drawio/img/lib/mscae/Azure_Database_for_PostgreSQL_servers.svg
100644 blob 15e56c5e7472e982aaa6a3dc4da4de4528af04cb	apps/desktop/vendor/drawio/img/lib/mscae/Azure_DevOps.svg
100644 blob 647d6e183e56c383762ea5ff00df1d9b6c293205	apps/desktop/vendor/drawio/img/lib/mscae/Azure_Digital_Twins.svg
100644 blob 290c31ce6d39235f6343f5cd9c2e164b61c898e0	apps/desktop/vendor/drawio/img/lib/mscae/Azure_Firewall.svg
100644 blob c21ed7ca5cf97c32b705510127648c94c563177a	apps/desktop/vendor/drawio/img/lib/mscae/Azure_Home.svg
100644 blob abf275bf785c12aea9caa5b461f2e4a83fed5022	apps/desktop/vendor/drawio/img/lib/mscae/Azure_IoT_Hub.svg
100644 blob 074d5ac41da9645f6782dec8484a51794c5605f4	apps/desktop/vendor/drawio/img/lib/mscae/Azure_IoT_Hub_Security.svg
100644 blob 3c304751eedc719ab1ccdf19ab988c1b20389ff0	apps/desktop/vendor/drawio/img/lib/mscae/Azure_Maps.svg
100644 blob 367065af048a2f77a49555830e222cd2139c1f3f	apps/desktop/vendor/drawio/img/lib/mscae/Azure_Media_Player.svg
100644 blob bb67316f6516801e3b4443d2433bada35bfddf9b	apps/desktop/vendor/drawio/img/lib/mscae/Azure_NetApp_files.svg
100644 blob 125dd54a71d16ab8bc78eefdfadc14bc62334eae	apps/desktop/vendor/drawio/img/lib/mscae/Azure_Pipelines.svg
100644 blob ee9ef6b5347bd13afa669f711033bf75ec1a6fb0	apps/desktop/vendor/drawio/img/lib/mscae/Azure_Repos.svg
100644 blob 283affa959de3f5bf545de9e6c48d77bd2197c49	apps/desktop/vendor/drawio/img/lib/mscae/Azure_Sentinel.svg
100644 blob 44660d77d9c3fc32574ebaedf949eb7faf02625f	apps/desktop/vendor/drawio/img/lib/mscae/Azure_Sphere.svg
100644 blob 0074d0ce9ec6b9d126a9718af03b097b6e85b98c	apps/desktop/vendor/drawio/img/lib/mscae/Azure_Test_Plans.svg
100644 blob 4edf5f2ca25a5b8a48ed05b9ce62b7f2194d79a6	apps/desktop/vendor/drawio/img/lib/mscae/Backlog.svg
100644 blob 505491ea098d174fc8c3691f2ba5396b7873f41b	apps/desktop/vendor/drawio/img/lib/mscae/Backup.svg
100644 blob 69eb31bcf42981f58c7716b0b0bdbf98b6fdd485	apps/desktop/vendor/drawio/img/lib/mscae/Batch.svg
100644 blob 8895ac3e9385a782fa48fc3a0e46f2d6baab5c54	apps/desktop/vendor/drawio/img/lib/mscae/Batch_AI.svg
100644 blob 404970eb49c0e4d76be01a521231253dd6eeb303	apps/desktop/vendor/drawio/img/lib/mscae/Batch_Accounts.svg
100644 blob 1ec82c5e2a327dca4a0bf25cdab196da300e090f	apps/desktop/vendor/drawio/img/lib/mscae/Batch_Task.svg
100644 blob ddc34a4ef49363acbf8ad909561c8bafb1204fe9	apps/desktop/vendor/drawio/img/lib/mscae/Batch_TaskVM.svg
100644 blob 0546062559eb2a2a52cc041ba5ea5f91f46d2fa2	apps/desktop/vendor/drawio/img/lib/mscae/BillingHub.svg
100644 blob f3ca4923c71ef4afee2e13f5ec0456a4c1859b26	apps/desktop/vendor/drawio/img/lib/mscae/BizTalk_Services.svg
100644 blob 5745e7321044b5f1018e494f93b4d217da7f188e	apps/desktop/vendor/drawio/img/lib/mscae/BizTalk_Services_Hybrid_Connections.svg
100644 blob f7928040c39ffad85681f5adbd197c0e2e00e66f	apps/desktop/vendor/drawio/img/lib/mscae/BlobBlock.svg
100644 blob c0f05b4a74467307d472a0e0b32a87fe99fda2d3	apps/desktop/vendor/drawio/img/lib/mscae/BlobPage.svg
100644 blob 0d626301a11442c5da206603a084f9d5bb8ce9e3	apps/desktop/vendor/drawio/img/lib/mscae/Blockchain.svg
100644 blob 1f214ec35d7b3e1d4f65fdd06222a73099fb3bf6	apps/desktop/vendor/drawio/img/lib/mscae/Blog_Storage.svg
100644 blob 42472013618b042f4b1ae2b990cb2ef8abf473ce	apps/desktop/vendor/drawio/img/lib/mscae/Blueprints.svg
100644 blob f4758d55807250372711fdbd119a8a6639b89a8e	apps/desktop/vendor/drawio/img/lib/mscae/Book.svg
100644 blob 782424b527a24f02f16a024d80cd7011c9431bf4	apps/desktop/vendor/drawio/img/lib/mscae/Bot_Services.svg
100644 blob 75b78daaa7f4dad4c267788229ac4ff4fc6944a2	apps/desktop/vendor/drawio/img/lib/mscae/Branch.svg
100644 blob 213f9d52107ef1b4cca95b577a260ab7f7cf5c37	apps/desktop/vendor/drawio/img/lib/mscae/Browser.svg
100644 blob 4ed9ed51572558845d3859b46c8c5db5b1da770d	apps/desktop/vendor/drawio/img/lib/mscae/Bug.svg
100644 blob cfb1b0b368d6cf590f28b7a70763359208f3c33b	apps/desktop/vendor/drawio/img/lib/mscae/Building_Blocks.svg
100644 blob ae9336b7ea39ccce57a7f51c1f394e270a80829a	apps/desktop/vendor/drawio/img/lib/mscae/Builds.svg
100644 blob 4cd743fb538c2f1e98e4317795e9959a4c69a741	apps/desktop/vendor/drawio/img/lib/mscae/CDNrocket.svg
100644 blob 61dba99b620f360fe4842fdc9b3da58da6e3c5d2	apps/desktop/vendor/drawio/img/lib/mscae/Cache_Redis_Product.svg
100644 blob f48fc6fff3b8b16b8b0f146d4996c34f7f07f24b	apps/desktop/vendor/drawio/img/lib/mscae/Cache_including_Redis.svg
100644 blob 2c6fe517831215a5e2ba0c81ced8dfff53e7ba2a	apps/desktop/vendor/drawio/img/lib/mscae/Calendar.svg
100644 blob ff75857c7c59b0fed2b8f09cb1cb86f0a4b79ead	apps/desktop/vendor/drawio/img/lib/mscae/Certificate.svg
100644 blob 694e3768f7d1ce73443d517fbdaf24354d5809be	apps/desktop/vendor/drawio/img/lib/mscae/Chart.svg
100644 blob 4750b98f95777c45009276774af354f2361ddee7	apps/desktop/vendor/drawio/img/lib/mscae/Check.svg
100644 blob ddbf987153da2423f9144ba97b8efe9325b6eb39	apps/desktop/vendor/drawio/img/lib/mscae/Citrix_Virtual_Desktops_Essentials.svg
100644 blob 79036aeb9dae8c106a56e426141a5b3d271de276	apps/desktop/vendor/drawio/img/lib/mscae/ClassicIPAddress.svg
100644 blob 475aae8736d7ed41ee15f78154a88abc7cfcad30	apps/desktop/vendor/drawio/img/lib/mscae/ClassicStorage.svg
100644 blob ac275a79c52b90e6d34b19e9e734a46a94502610	apps/desktop/vendor/drawio/img/lib/mscae/Client_Apps.svg
100644 blob 84017263a8a1b43815dea52f0283e5f07aa34c3b	apps/desktop/vendor/drawio/img/lib/mscae/Clock.svg
100644 blob e4263a5d410b12d0850b10bdcf4ec929e01aea30	apps/desktop/vendor/drawio/img/lib/mscae/CloudSimple_Nodes.svg
100644 blob 6ccf3ab17b5567e77fd832f25e436bdaa0bae51e	apps/desktop/vendor/drawio/img/lib/mscae/CloudSimple_Services.svg
100644 blob 48c941de7124e807485a408bccea1e904af33601	apps/desktop/vendor/drawio/img/lib/mscae/CloudSimple_Virtual_Machines.svg
100644 blob 91bcf0a7d62c58393572a20eea46d48bb9a08846	apps/desktop/vendor/drawio/img/lib/mscae/Cloud_Cycle.svg
100644 blob 1f02e843706e542f9df1c2c3a03ac05304f83b4e	apps/desktop/vendor/drawio/img/lib/mscae/Cloud_Service.svg
100644 blob c826f78fafc603d3d7033b1754c38ba5418f9403	apps/desktop/vendor/drawio/img/lib/mscae/Cloud_Services_Classic.svg
100644 blob 516ce2c159dbd895ab182ca2100bba83b7423ca5	apps/desktop/vendor/drawio/img/lib/mscae/Code.svg
100644 blob edd3f65d4dbd81d8dfcc97227a0537e9b1fe6c92	apps/desktop/vendor/drawio/img/lib/mscae/Cognitive_Services.svg
100644 blob 1be445eed9f3a41477f59fca7043fcb9f09c825c	apps/desktop/vendor/drawio/img/lib/mscae/Cognitive_Services_Computer_Vision.svg
100644 blob 5f8f65a8d8a571a6c0ce6dcd11ae2dd435418938	apps/desktop/vendor/drawio/img/lib/mscae/Cognitive_Services_Speech.svg
100644 blob ae82a5bca84a16e7e4f08ac12f0f97ec31ebf0bf	apps/desktop/vendor/drawio/img/lib/mscae/Cognitive_Services_emotion.svg
100644 blob 009d9ab03da687c844f1f1310b7b01884a6b2369	apps/desktop/vendor/drawio/img/lib/mscae/Cognitive_Services_face.svg
100644 blob a9d2b63861efaebc2da3added48cd31c44436cf2	apps/desktop/vendor/drawio/img/lib/mscae/Cognitive_Services_luis.svg
100644 blob e8d7e413e73b14e09ea350c2a909b76e1f00f257	apps/desktop/vendor/drawio/img/lib/mscae/Cognitive_Services_recommendations.svg
100644 blob 41c582b010757ab52792661ffb008195a1941f88	apps/desktop/vendor/drawio/img/lib/mscae/Cognitive_Services_textanalytics.svg
100644 blob 3da783669744b4e356322d06719e842980d031e5	apps/desktop/vendor/drawio/img/lib/mscae/Cognitive_Services_web_language_model.svg
100644 blob fdb0ddba19ef2812fd4c9fa61790bc111e1a0257	apps/desktop/vendor/drawio/img/lib/mscae/Commits.svg
100644 blob 64923195be8c2cc29230364bc608bb7f4a83ee39	apps/desktop/vendor/drawio/img/lib/mscae/Connection.svg
100644 blob c03b230d3134d37d00647b9bc5488411a8750a61	apps/desktop/vendor/drawio/img/lib/mscae/Connections.svg
100644 blob 227fa2285077810d9a02b5a984f7e93064640f94	apps/desktop/vendor/drawio/img/lib/mscae/ContactInfo.svg
100644 blob 16f85b4612cac6a0ddf85cd9ef6c94cb7f93a33f	apps/desktop/vendor/drawio/img/lib/mscae/Container_Instances.svg
100644 blob d6de61be327be803570e5f700753301b8a201f6e	apps/desktop/vendor/drawio/img/lib/mscae/Container_Registries.svg
100644 blob 2a528624c8d2bef2959db5632cd0629b7725e6ed	apps/desktop/vendor/drawio/img/lib/mscae/Container_Service.svg
100644 blob 7370e1b1038de1679c9b5895e08be4a74c8564f0	apps/desktop/vendor/drawio/img/lib/mscae/ContentManagementSystem.svg
100644 blob 1810ab52d774e1a9ce42dcf706f538e379368c08	apps/desktop/vendor/drawio/img/lib/mscae/Content_Delivery_Network.svg
100644 blob 6dabead66d3704048454a550cb3f826d05fc0259	apps/desktop/vendor/drawio/img/lib/mscae/Content_Protection.svg
100644 blob e4f67c715b1cae428c652e82ad7439cf6f49ad7c	apps/desktop/vendor/drawio/img/lib/mscae/ContinuousExport.svg
100644 blob f0dafa3f0b29b46909a655626268f5d54b0a19b9	apps/desktop/vendor/drawio/img/lib/mscae/Controllers.svg
100644 blob 2c12f15fcd8eda5eb8b5b147f5433d5ee3e4c3cd	apps/desktop/vendor/drawio/img/lib/mscae/Controls.svg
100644 blob 8d8bcceff9fae5fcc9ae574b2a4ddb7c1ac35cfd	apps/desktop/vendor/drawio/img/lib/mscae/ControlsHorizontal.svg
100644 blob 6ac3548f0a105993df62380679e7017d923b7140	apps/desktop/vendor/drawio/img/lib/mscae/CosmosDB.svg
100644 blob 4e839424b3e28eccddeb739991cf0c76a133ea80	apps/desktop/vendor/drawio/img/lib/mscae/Counter.svg
100644 blob eef8354e4187f57d39b09e1c9fd963b0f66c0f58	apps/desktop/vendor/drawio/img/lib/mscae/Cubes.svg
100644 blob 1bcb06de6a5a3b4d2aa31d701046fe59fb1c7eec	apps/desktop/vendor/drawio/img/lib/mscae/CustomDomain.svg
100644 blob 2c3cf586220b0846f1342e3a42a7f1802cad7fba	apps/desktop/vendor/drawio/img/lib/mscae/CustomerInsights.svg
100644 blob ebad195b74792c4cc4592f8c1c809300c167ba2b	apps/desktop/vendor/drawio/img/lib/mscae/Customer_Lockbox.svg
100644 blob 9a0e6dca6eeb7934040d44f4a42eaa6a0b9c8e8b	apps/desktop/vendor/drawio/img/lib/mscae/DC_OS.svg
100644 blob cf5c9e3e773d853eac7077b967644eb3ae182619	apps/desktop/vendor/drawio/img/lib/mscae/DDOS_Protection_Plans.svg
100644 blob df04aa0fb4f9914f2e8e842a6d5045483d94a380	apps/desktop/vendor/drawio/img/lib/mscae/DNS.svg
100644 blob b9836ba094fc7a878dbfbc0372662b9a555f4721	apps/desktop/vendor/drawio/img/lib/mscae/DNS_Private_Zones.svg
100644 blob db22ec5f4cb8174f3bd4956ee1009b106aa13270	apps/desktop/vendor/drawio/img/lib/mscae/DataServices_category_rollup.svg
100644 blob 0728c77f59e570d66b30a6a70043b93e4410a4aa	apps/desktop/vendor/drawio/img/lib/mscae/Data_Box.svg
100644 blob a82336a9547c37b098d3d46978d0c4875b2897fe	apps/desktop/vendor/drawio/img/lib/mscae/Data_Box_Edge_Data_Box_Gateway.svg
100644 blob c103b5f8c1e6c5e485ce08fc2f7c8587a6ce4b84	apps/desktop/vendor/drawio/img/lib/mscae/Data_Catalog.svg
100644 blob 46d79b6fdffadb838ee13dc4094a1561b4dc44b8	apps/desktop/vendor/drawio/img/lib/mscae/Data_Factory.svg
100644 blob 0102b6da6e447d5e829dd9382803f6112601f3a7	apps/desktop/vendor/drawio/img/lib/mscae/Data_Lake.svg
100644 blob d637874b773857c65675debc41f2bd581785e3a8	apps/desktop/vendor/drawio/img/lib/mscae/Data_Lake_Analytics.svg
100644 blob b495c616575ec32246b2b350da338033cfec04c2	apps/desktop/vendor/drawio/img/lib/mscae/Data_Lake_Storage.svg
100644 blob 871cf5d8cbdcda37fe3978a75fe5f5277aeaa9fe	apps/desktop/vendor/drawio/img/lib/mscae/Data_Lake_Store.svg
100644 blob 5314d24a087b04073bdf9475f5e7a362469d328c	apps/desktop/vendor/drawio/img/lib/mscae/Data_Warehouse.svg
100644 blob dc34b9f95efc43eb0a4ba34fd01c034a43ff0cca	apps/desktop/vendor/drawio/img/lib/mscae/DatabaseRestore.svg
100644 blob add15ad549e6c614e09dd7b6399647af78e0a27a	apps/desktop/vendor/drawio/img/lib/mscae/Database_General.svg
100644 blob 1549e5d24672b6f407e4ce6ec029506106ba575d	apps/desktop/vendor/drawio/img/lib/mscae/Databricks.svg
100644 blob 85c3cb953b2ff4bba899155a98a22738d46921c7	apps/desktop/vendor/drawio/img/lib/mscae/Dedicated_Event_Hub.svg
100644 blob 8fc9861293482ea309c32f4d63ca8960dd562fdb	apps/desktop/vendor/drawio/img/lib/mscae/DevConsole.svg
100644 blob 830fd2fedaa5179f65952868f49ec5b730e051d8	apps/desktop/vendor/drawio/img/lib/mscae/DevTest_Labs.svg
100644 blob 4f58a7479e3ea48d63acc59b756d348f38003ae6	apps/desktop/vendor/drawio/img/lib/mscae/Developer_Tools.svg
100644 blob d5883224ba22d5d3647e85561d8aac68ced6c23c	apps/desktop/vendor/drawio/img/lib/mscae/Device_Compliance.svg
100644 blob bfddb8ed69bda53bf18102395a6bef6c4b3a5cbd	apps/desktop/vendor/drawio/img/lib/mscae/Device_Config.svg
100644 blob 6a9e04b8c9589e9eef24f553d9db25f5898b95c2	apps/desktop/vendor/drawio/img/lib/mscae/Device_Provisioning_Services.svg
100644 blob c6d03ea6909673d3cfc36f1bf910912cc18a6056	apps/desktop/vendor/drawio/img/lib/mscae/Devices_Groups.svg
100644 blob 2cb41bbf6bfbdb678819b06dcaea5e8a192ecc6e	apps/desktop/vendor/drawio/img/lib/mscae/DirectorySync.svg
100644 blob 4a39178f9157466bc18c3674ce4464b0855c6109	apps/desktop/vendor/drawio/img/lib/mscae/Discard.svg
100644 blob 6bdda1483f1c74bf221a3c837f8b6fd2da8a0aca	apps/desktop/vendor/drawio/img/lib/mscae/Discs.svg
100644 blob 4af6bffbf5567e6877de6f86204bfa20cadb4ec4	apps/desktop/vendor/drawio/img/lib/mscae/Docker.svg
100644 blob 5b81718c2459810986f182103dfd39c4fd8ad327	apps/desktop/vendor/drawio/img/lib/mscae/DocumentDB.svg
100644 blob 8d7c88798f7567920a2090e5828a03f9b83e4491	apps/desktop/vendor/drawio/img/lib/mscae/Download.svg
100644 blob 434632c9e91d230f0e0162415ac05cb8ca4c0a0a	apps/desktop/vendor/drawio/img/lib/mscae/Education.svg
100644 blob 4a8f89c992518ae8ce7236e56909598a9f4b0188	apps/desktop/vendor/drawio/img/lib/mscae/Elastic_Database_Pools.svg
100644 blob e5dec592ed2694e4133f20f5a3022d2f035d8de9	apps/desktop/vendor/drawio/img/lib/mscae/Elastic_Job_Agents.svg
100644 blob 82132ba01a0197b8239c63552b010c0512ef071a	apps/desktop/vendor/drawio/img/lib/mscae/Enrollment.svg
100644 blob 56690aa47b69c58c882c5e792afb559702cea67b	apps/desktop/vendor/drawio/img/lib/mscae/Enterprise_Applications.svg
100644 blob fccccf8a166b289a4604b4a4f109a66087997a29	apps/desktop/vendor/drawio/img/lib/mscae/EventLog.svg
100644 blob 592a886d773d3ffe663386e2c92b127e94939cac	apps/desktop/vendor/drawio/img/lib/mscae/Event_Grid.svg
100644 blob 679a9adad86e45ed3f323400c593d9103fc7c09d	apps/desktop/vendor/drawio/img/lib/mscae/Event_Grid_Topics.svg
100644 blob 95f32a9fd49570e4c6885e7022e05e5f8c76193e	apps/desktop/vendor/drawio/img/lib/mscae/Event_Hub_Clusters.svg
100644 blob 96f6552fdcd7cf8fa7a39e211585252b09d42e88	apps/desktop/vendor/drawio/img/lib/mscae/Event_Hubs.svg
100644 blob e9de51cf3617a3fb043950b6941c2496394191fb	apps/desktop/vendor/drawio/img/lib/mscae/Exchange_On_premises_Access.svg
100644 blob 643725d1e03c54b8dd5d66c9271fc345da5e83ec	apps/desktop/vendor/drawio/img/lib/mscae/Express_Route.svg
100644 blob 5fbd7cc1c93fb6494d6fab1098c14ffab12ade83	apps/desktop/vendor/drawio/img/lib/mscae/Extensions.svg
100644 blob 963a034dfecb5a04c8db0b4c86788eb04a0f7fad	apps/desktop/vendor/drawio/img/lib/mscae/Favorite.svg
100644 blob c561adbef44737108daa407ac4dd0d1e765226c7	apps/desktop/vendor/drawio/img/lib/mscae/File.svg
100644 blob 41281c9ea046a647cdb2f294b74f06b972216fb0	apps/desktop/vendor/drawio/img/lib/mscae/Files.svg
100644 blob f3218a89361fb9250079c56847b1497fb19da557	apps/desktop/vendor/drawio/img/lib/mscae/Folder.svg
100644 blob 2acc9e2a3fce323ec9f7c4ad7a1c2237867f500a	apps/desktop/vendor/drawio/img/lib/mscae/FolderBlank.svg
100644 blob 5731b085a9241dd55304333d9b4498f45be2b347	apps/desktop/vendor/drawio/img/lib/mscae/FolderCube.svg
100644 blob dbe3c2b524cc6d250a89162aed43f683a2fd4aa6	apps/desktop/vendor/drawio/img/lib/mscae/FolderWebsite.svg
100644 blob 9dc63bcb049a60abca7615933d584943e01d72ab	apps/desktop/vendor/drawio/img/lib/mscae/ForPlacementOnly.svg
100644 blob 203aa8aa3588091889ba239b87f47b42ae393715	apps/desktop/vendor/drawio/img/lib/mscae/Free_Services.svg
100644 blob 947c040846b00835423145d5f53da08ff437741f	apps/desktop/vendor/drawio/img/lib/mscae/Front_Doors.svg
100644 blob fc640d8df5cc60021718c58f9cdc237854fe6187	apps/desktop/vendor/drawio/img/lib/mscae/Ftp.svg
100644 blob cfa9359b595ea7547139ee30815691a006b10678	apps/desktop/vendor/drawio/img/lib/mscae/Functions.svg
100644 blob 2f3399405f63eda6d53bfc57a4955aa6d9ec6737	apps/desktop/vendor/drawio/img/lib/mscae/GalleryManagement.svg
100644 blob d59067b9f3c37864efe9364105f856fd4199d4d1	apps/desktop/vendor/drawio/img/lib/mscae/Gateway.svg
100644 blob 2d938d5ee852dfa5fc3050412844e7c8b7eb603a	apps/desktop/vendor/drawio/img/lib/mscae/Gear.svg
100644 blob 137c8cb4499955d97ba040a0adb4cb58f434fbf1	apps/desktop/vendor/drawio/img/lib/mscae/GearAlternate.svg
100644 blob 41b9c0f7cfb3f615411d41ce71a5a204a41c68b1	apps/desktop/vendor/drawio/img/lib/mscae/GearAlternate_2.svg
100644 blob dde474af8b8eb32daed219ec091ec2eed5ab922f	apps/desktop/vendor/drawio/img/lib/mscae/Gear_2.svg
100644 blob 5eea30e88edd5b5bdf74c076a2fb1965f2f9e890	apps/desktop/vendor/drawio/img/lib/mscae/General_Storage.svg
100644 blob 469507e67c8718c5e7faf1bec91d00a4b33f20f7	apps/desktop/vendor/drawio/img/lib/mscae/Genomics_Accounts.svg
100644 blob 9c796f89291400c9a691d02773e2bb05f5484c31	apps/desktop/vendor/drawio/img/lib/mscae/GeoReplicationPremium.svg
100644 blob ebcd2cc3f5d4bfa72296ade674f8c29979d8c197	apps/desktop/vendor/drawio/img/lib/mscae/GeoReplicationStandard.svg
100644 blob a114e4c7a6c4677797891d8cb187d7b00201f396	apps/desktop/vendor/drawio/img/lib/mscae/GetMoreLicense.svg
100644 blob ca32fac7fe843794cf3889711170b839a9c2dc42	apps/desktop/vendor/drawio/img/lib/mscae/GetStarted.svg
100644 blob 46343a69103f374735c656f675829d085aa94687	apps/desktop/vendor/drawio/img/lib/mscae/Gift.svg
100644 blob bc8c13d982f4548ea7dd5802ae3dde051ad824a5	apps/desktop/vendor/drawio/img/lib/mscae/Globe.svg
100644 blob 8d72a04a3dc3ffd7fb6135b4510abb3dd92a9134	apps/desktop/vendor/drawio/img/lib/mscae/GlobeError.svg
100644 blob eb95183df11b84d2c816aa8c5399bfe229a0c544	apps/desktop/vendor/drawio/img/lib/mscae/GlobeSuccess.svg
100644 blob 00af83b1fb4ca2fbbb30a55170a96920c9a928fe	apps/desktop/vendor/drawio/img/lib/mscae/GlobeWarning.svg
100644 blob 5b5047d4701106055f933f4e138cc870cdb473f9	apps/desktop/vendor/drawio/img/lib/mscae/Go.svg
100644 blob 311d7b76b744aa86e721619a73d1c31de0aecbc3	apps/desktop/vendor/drawio/img/lib/mscae/GreatScott.svg
100644 blob 8a5e5155a8ced7578eea5452d5fbf6723208bee2	apps/desktop/vendor/drawio/img/lib/mscae/Grid.svg
100644 blob eaafa997501f4de50512e418dcce2a37f44efdf4	apps/desktop/vendor/drawio/img/lib/mscae/Grid3x3.svg
100644 blob b099caf22c2133ddf8669d0b832a1162d4ebe2ad	apps/desktop/vendor/drawio/img/lib/mscae/Guest_Assignments.svg
100644 blob 999387da8c973fce74517d49fa4971a17387abd1	apps/desktop/vendor/drawio/img/lib/mscae/Guide.svg
100644 blob e330c4214ffabedb7b706a2d4b58b7f2738e46cd	apps/desktop/vendor/drawio/img/lib/mscae/Guide_2.svg
100644 blob 8789cee4b8910d85ba7d9479c84e645e855195e3	apps/desktop/vendor/drawio/img/lib/mscae/HDInsight.svg
100644 blob 06528e1bbe2ceea757257c762c95159c2b7a8359	apps/desktop/vendor/drawio/img/lib/mscae/HDInsightClusters.svg
100644 blob 24c686b638f300fa0358c3a56cb05f428df79a56	apps/desktop/vendor/drawio/img/lib/mscae/Hammer.svg
100644 blob 46705e2e73e72b2ba26f0463be713f190dcc03f6	apps/desktop/vendor/drawio/img/lib/mscae/Heart.svg
100644 blob b3a8a983d7cff91d832ff325a9834ac35f47e71e	apps/desktop/vendor/drawio/img/lib/mscae/HeartPulse.svg
100644 blob c381ffeb73824b2a8b79438f85994b5d0b199a43	apps/desktop/vendor/drawio/img/lib/mscae/Home.svg
100644 blob 7fa2c0064101b2cbdffcd3bc33699d8ad8aa8752	apps/desktop/vendor/drawio/img/lib/mscae/HybridConnectionEndpoint.svg
100644 blob d9d70ffe0261ae3858c5f8a3b5b55a9439db4454	apps/desktop/vendor/drawio/img/lib/mscae/IOT_edge.svg
100644 blob 544531b1a31ec3dfe03ee4128587b373456e35a7	apps/desktop/vendor/drawio/img/lib/mscae/Identity_Governance.svg
100644 blob 4aab5fc7e3efdb570a14c132a816c03843666ef4	apps/desktop/vendor/drawio/img/lib/mscae/Image.svg
100644 blob e7d4e8bf2ff56061b6291b19ee349e7f9282470d	apps/desktop/vendor/drawio/img/lib/mscae/Image_Definitions.svg
100644 blob df224f48a8f97b3adb68c27fb9ee48e6f0493fb2	apps/desktop/vendor/drawio/img/lib/mscae/Image_Versions.svg
100644 blob fde8e1c1e3162f37d24aa9dca3e70f0ce4c318ca	apps/desktop/vendor/drawio/img/lib/mscae/InboundNAT.svg
100644 blob 85d1fa9e0971faf6364893963ea15ab6ba570a4b	apps/desktop/vendor/drawio/img/lib/mscae/InboundRule.svg
100644 blob 1ae9d3e5dace41ad7dc19fa936cae60f6d77fa1f	apps/desktop/vendor/drawio/img/lib/mscae/Info.svg
100644 blob df6a5b141ce80467a2fac11033d547173585a43a	apps/desktop/vendor/drawio/img/lib/mscae/Info_2.svg
100644 blob 68fc573b81f1cebe895f4f4b792006f24192872f	apps/desktop/vendor/drawio/img/lib/mscae/Input.svg
100644 blob 3ae87308a22b0b2b2d9ca746a4665ce629b3900a	apps/desktop/vendor/drawio/img/lib/mscae/InputOutput.svg
100644 blob 89c731174df61f8987dd3131a6e2c8cf79d91b86	apps/desktop/vendor/drawio/img/lib/mscae/InstallVisualStudio.svg
100644 blob 802e60e2906d0d70402906111c853d26f97f666e	apps/desktop/vendor/drawio/img/lib/mscae/Integration_Accounts.svg
100644 blob b8e718037078f11cee1a3727f95617e1fde2898f	apps/desktop/vendor/drawio/img/lib/mscae/Integration_Service_Environments.svg
100644 blob 32f171209660c4525070b88ce2fc6311fb2883d3	apps/desktop/vendor/drawio/img/lib/mscae/Intune_App_Protection.svg
100644 blob ba59069437848b3f6ca3a66116751b7395d84eed	apps/desktop/vendor/drawio/img/lib/mscae/Job.svg
100644 blob 25963a39a9c30b014e752e2307ec8a3bb70bd659	apps/desktop/vendor/drawio/img/lib/mscae/JourneyHub.svg
100644 blob 18a59450a9139dff9542f1652f45858309295fc5	apps/desktop/vendor/drawio/img/lib/mscae/Key.svg
100644 blob a06e7ffac688f25cce73e3d7f61e7f3972404c3c	apps/desktop/vendor/drawio/img/lib/mscae/KeyVault.svg
100644 blob 58ce23b647b4b0f5d1f0b215798039f70be391b8	apps/desktop/vendor/drawio/img/lib/mscae/Key_Vaults.svg
100644 blob 5be245a55bad8d71cd35ef06145918409e4996ee	apps/desktop/vendor/drawio/img/lib/mscae/KeyboardShortcuts.svg
100644 blob c6b926f5447d78f1303814fa3cac8906160ebb84	apps/desktop/vendor/drawio/img/lib/mscae/Kubernetes.svg
100644 blob 129506f01e92781f1060315d0eafd3e8136ef210	apps/desktop/vendor/drawio/img/lib/mscae/Kubernetes_Services.svg
100644 blob ce23b99896c5a5df11de88c6c93dce4a306f3b44	apps/desktop/vendor/drawio/img/lib/mscae/KuduKnife.svg
100644 blob 7e30cafe8d7d1e482991eda271d7d1809e9ce550	apps/desktop/vendor/drawio/img/lib/mscae/LaunchPortal.svg
100644 blob 1c9fddd25849899f3d4c71db7286f85e9e885155	apps/desktop/vendor/drawio/img/lib/mscae/LoadTest.svg
100644 blob 92b658f2e69267cc94c2d7f54b2dab300793d0c9	apps/desktop/vendor/drawio/img/lib/mscae/Load_Balancer_feature.svg
100644 blob a2100a9d9cfb275772d809ab9495296d5acd4e19	apps/desktop/vendor/drawio/img/lib/mscae/LocalNetwork.svg
100644 blob 0f53b7c8a8f07533f0a052e79f33d383c4769769	apps/desktop/vendor/drawio/img/lib/mscae/Local_Network_Gateways.svg
100644 blob e15ade07476780ce1b79924ca1c9946b9cc48b8b	apps/desktop/vendor/drawio/img/lib/mscae/Location.svg
100644 blob c0691ed5f014d8f062d812dbd634c4f2b16c42e1	apps/desktop/vendor/drawio/img/lib/mscae/Log.svg
100644 blob 000ae69c0b94a2ba1c1490ea9fa3f3edd0a0d94c	apps/desktop/vendor/drawio/img/lib/mscae/LogDiagnostics.svg
100644 blob 5f36c22f5a833fa5a057a0fe8a6138852245c865	apps/desktop/vendor/drawio/img/lib/mscae/LogStreaming.svg
100644 blob 4835e1ce45097f218cac2926557b4a80c0a87ff4	apps/desktop/vendor/drawio/img/lib/mscae/Log_Analytics_Workspaces.svg
100644 blob 9cdf5ca7cfbc6ba11c0e09ed2ef28786460a4d71	apps/desktop/vendor/drawio/img/lib/mscae/Logic_Apps.svg
100644 blob 06095ae583ff93a0741d3d741774be7003310b07	apps/desktop/vendor/drawio/img/lib/mscae/Logic_Apps_Custom_Connector.svg
100644 blob cbc52cb9a76199fa9d66e4224eff5758f7e93046	apps/desktop/vendor/drawio/img/lib/mscae/MD_snapshot.svg
100644 blob 84bf47731be8fd496e5cbdc519bfe8583823cf9b	apps/desktop/vendor/drawio/img/lib/mscae/MachineLearningServicePlans.svg
100644 blob 925fcd8bbf57fe9ffe4857f2ab31aba49bdfc93c	apps/desktop/vendor/drawio/img/lib/mscae/MachineLearningWebServices.svg
100644 blob c86f48c382f386d7572946658a2a2ce7d8eb5b4d	apps/desktop/vendor/drawio/img/lib/mscae/MachineLearningWorkspaces.svg
100644 blob 7b53b26f129d88ad91680689138c8dc3fa89d3d0	apps/desktop/vendor/drawio/img/lib/mscae/Machine_Learning.svg
100644 blob f0296a032dd28048478f5e5b7eadc663bf6d60c9	apps/desktop/vendor/drawio/img/lib/mscae/Machine_Learning_Service_Workspaces.svg
100644 blob b3b2340d425696b88895e7734c36f8ddfc05bcac	apps/desktop/vendor/drawio/img/lib/mscae/Machine_Learning_Studio_Web_Service_Plans.svg
100644 blob e75ddb288491c146aaa563e557d50d36cb531678	apps/desktop/vendor/drawio/img/lib/mscae/Machine_Learning_Studio_Web_Services.svg
100644 blob 1ce98f13154e144c812b07a218b57be08c9aa380	apps/desktop/vendor/drawio/img/lib/mscae/Machine_Learning_Studio_Workspaces.svg
100644 blob adf6f163f6bdf8f27e7ae4ce744865b19bfd5ff7	apps/desktop/vendor/drawio/img/lib/mscae/ManagePortal.svg
100644 blob e8fd9639f5e3c86b5d80e3e16f7135dec85a1cce	apps/desktop/vendor/drawio/img/lib/mscae/ManagedApplications.svg
100644 blob 4474b3dc12b159ca9143ea9ba4c524251a703819	apps/desktop/vendor/drawio/img/lib/mscae/Managed_Applications.svg
100644 blob 514b8fced077514d5e83c9025dee86b57d372e8a	apps/desktop/vendor/drawio/img/lib/mscae/Managed_Databases.svg
100644 blob 6312ccea8cec8ab89168ac169aa55fea3c4a4e53	apps/desktop/vendor/drawio/img/lib/mscae/Managed_Desktop.svg
100644 blob 5887b1cc9903551c99169717cc78c5ddb6d7bc42	apps/desktop/vendor/drawio/img/lib/mscae/Managed_Identities.svg
100644 blob 8be70afedeadcafcd4faf43242a419a287f37b72	apps/desktop/vendor/drawio/img/lib/mscae/Management_Groups.svg
100644 blob 51479a46fdb32aa51bf6fc98ae2788c10b921870	apps/desktop/vendor/drawio/img/lib/mscae/Management_Portal.svg
100644 blob f7a69a7d20a9f0eb8618d50d6ffd1bbdfa67168a	apps/desktop/vendor/drawio/img/lib/mscae/MediaFile.svg
100644 blob 4f979a4b3fa6bf5f1bc12cb039cb7f9826d2d90c	apps/desktop/vendor/drawio/img/lib/mscae/Media_Encoding.svg
100644 blob cb7c5c2587c2ce50d691aa2755d0308abf594abe	apps/desktop/vendor/drawio/img/lib/mscae/Media_On_Demand.svg
100644 blob f5cf6e98125e04f2c53c24891455bded63314963	apps/desktop/vendor/drawio/img/lib/mscae/Media_Services.svg
100644 blob 85e0815eba12f7fb206828c6ab1e799b1cab3d26	apps/desktop/vendor/drawio/img/lib/mscae/Migration_Projects.svg
100644 blob ddcb8b69ec67a06e75e4f4cfe3554b9ca8a07f49	apps/desktop/vendor/drawio/img/lib/mscae/Mobile_Engagement.svg
100644 blob edfcd42b1f007f910d297483fe69e0e846487aea	apps/desktop/vendor/drawio/img/lib/mscae/Module.svg
100644 blob 052e33e87585e3f6dbb766913ce6443f9c02d7df	apps/desktop/vendor/drawio/img/lib/mscae/Monitor.svg
100644 blob 20a12e34b160a7e2813f20121ddaa132b05b583b	apps/desktop/vendor/drawio/img/lib/mscae/Monitoring.svg
100644 blob 38ac5821d6e5ba4867373355e8933a4a3c208959	apps/desktop/vendor/drawio/img/lib/mscae/Multi_Factor_Authentication.svg
100644 blob f9db7ddcba478c76dbcb7c88b395b4a42007e244	apps/desktop/vendor/drawio/img/lib/mscae/MySQL_ClearDB_database.svg
100644 blob 382eb13333cecec67f10a8d0d6d62bc434bb7666	apps/desktop/vendor/drawio/img/lib/mscae/NSG.svg
100644 blob 61cb1d8f29ac8cd361977abafaba0975a28f0fa7	apps/desktop/vendor/drawio/img/lib/mscae/NetworkInterfaceCard.svg
100644 blob a89982490fb55d4a71bb2c0999f3eb3f36f2d322	apps/desktop/vendor/drawio/img/lib/mscae/Network_Security_Groups_Classic.svg
100644 blob 26ed958254dc43411b0e050881b5361ce8b13a41	apps/desktop/vendor/drawio/img/lib/mscae/Network_watcher.svg
100644 blob d48f3732501c3cb9de3685cd34b76431e06d3db6	apps/desktop/vendor/drawio/img/lib/mscae/New.svg
100644 blob 29799b0318cfab113431385a0213f6557e8d49d8	apps/desktop/vendor/drawio/img/lib/mscae/NextBill.svg
100644 blob da58a49d338749d4183c402d2f3e79bc6fc65c8b	apps/desktop/vendor/drawio/img/lib/mscae/Non_Azure_Machine.svg
100644 blob 7fc894319f7012d0b133ddc9dace29cbefa6e61b	apps/desktop/vendor/drawio/img/lib/mscae/Notification.svg
100644 blob fe152a56b9ae9e46001b6e7ce0cbf5733515a3be	apps/desktop/vendor/drawio/img/lib/mscae/Notification_Hubs.svg
100644 blob 901c86ce0ae17a550290cabf2ca523f4b4b038a0	apps/desktop/vendor/drawio/img/lib/mscae/OS_Images_Classic.svg
100644 blob 4ce3c1d0bdb70910513f11ecf60584105dede336	apps/desktop/vendor/drawio/img/lib/mscae/Offer.svg
100644 blob 7c5a5a30ddce2070f707a56e5d1fdaa352d3422a	apps/desktop/vendor/drawio/img/lib/mscae/OnPremiseSetup.svg
100644 blob 68f108ec13e1b3306b49685beccac3f76db5457b	apps/desktop/vendor/drawio/img/lib/mscae/On_Premises_Data_Gateways.svg
100644 blob b4e614b94e816812f7909d3e2ce0773a5e9aa5a6	apps/desktop/vendor/drawio/img/lib/mscae/OpenShift.svg
100644 blob ea75a2201beb48c271ed9d7e833c55f53832e141	apps/desktop/vendor/drawio/img/lib/mscae/Operations_Management_Suite.svg
100644 blob d60dab9508884187e4f65f99ad15563f98dfb712	apps/desktop/vendor/drawio/img/lib/mscae/OutboundNAT.svg
100644 blob a96c80299439c8463b3046239246eede15108840	apps/desktop/vendor/drawio/img/lib/mscae/OutboundRule.svg
100644 blob 14a1ffd234787195dc6d6a3f821812181245f09a	apps/desktop/vendor/drawio/img/lib/mscae/Output.svg
100644 blob 72ae8661193f1b94429480501e959a11c3fecec9	apps/desktop/vendor/drawio/img/lib/mscae/Paused.svg
100644 blob d5be4197ffcaa5e1908bf1fc3ba07f46f4fc558d	apps/desktop/vendor/drawio/img/lib/mscae/Peerings.svg
100644 blob 1f25fed2e8f10382e4eacccd9f87856f3897bc17	apps/desktop/vendor/drawio/img/lib/mscae/Pending.svg
100644 blob 75d9cea65d94c3c86e2c8ac958e847281f72283b	apps/desktop/vendor/drawio/img/lib/mscae/Person.svg
100644 blob b0ac813bc07ea644c8ea59240716e2d1c840a9e8	apps/desktop/vendor/drawio/img/lib/mscae/PersonWithFriend.svg
100644 blob cffaf29a84ba9686c82bd3dcbe9a4f78a765aa69	apps/desktop/vendor/drawio/img/lib/mscae/Phone.svg
100644 blob e42194ead7d8032b9cd8e32b8379da40c7d95229	apps/desktop/vendor/drawio/img/lib/mscae/PluralSight_mono.svg
100644 blob b3f188b76020859c91b6b74fcec0f2eba5ddc357	apps/desktop/vendor/drawio/img/lib/mscae/Policy.svg
100644 blob d977e4a62e02604604335b48f67d3fe962675fd9	apps/desktop/vendor/drawio/img/lib/mscae/PortalCurrent.svg
100644 blob a403da6dc851eab55ae05c6f7fcec2c6db13cfb9	apps/desktop/vendor/drawio/img/lib/mscae/Postpone.svg
100644 blob 31c74da4d71e0f8051f1a2adff46e2cc37df25f6	apps/desktop/vendor/drawio/img/lib/mscae/Power.svg
100644 blob bf8bf818472e75eea1f4770985c54a3c8f7acaa5	apps/desktop/vendor/drawio/img/lib/mscae/PowerUp.svg
100644 blob 84f7052d1badab986491dc56852f70b8cc55d249	apps/desktop/vendor/drawio/img/lib/mscae/PowerUp_2.svg
100644 blob 5a5fc67fb2e311cf92cc90aeca21c6ad12de08c8	apps/desktop/vendor/drawio/img/lib/mscae/Powershell.svg
100644 blob 12883ccc393303184ddba48a18db0ab830bcb14b	apps/desktop/vendor/drawio/img/lib/mscae/PreviewRight.svg
100644 blob 961965d1383d37d8fc4db810ec11e28140ea09e3	apps/desktop/vendor/drawio/img/lib/mscae/Probe.svg
100644 blob f6f51d29d7fbcd89fc92f8a9373e8b2e2fae2dd5	apps/desktop/vendor/drawio/img/lib/mscae/ProcessExplorer.svg
100644 blob fb9a4344068d5c506f366594bae3a2072c830907	apps/desktop/vendor/drawio/img/lib/mscae/ProductionReadyDB.svg
100644 blob 04de5fff80434847c4c0e0aa268b78757fdad6be	apps/desktop/vendor/drawio/img/lib/mscae/Publish.svg
100644 blob a484f52af75212cc2dc2f2cf84cdc3663e09c1a9	apps/desktop/vendor/drawio/img/lib/mscae/PullRequest.svg
100644 blob d4a93598580ecb7ea06020a24376fa52a50b9e49	apps/desktop/vendor/drawio/img/lib/mscae/QSDiagnostics.svg
100644 blob 973c5b50d29e90ec9c00e4381545984c6bd4a260	apps/desktop/vendor/drawio/img/lib/mscae/QSFile.svg
100644 blob dc1a4a14369827b3d1cbe45eca78a0148e4101b9	apps/desktop/vendor/drawio/img/lib/mscae/QSMail.svg
100644 blob 0f73a14e7adb47bf6290ff74533e926d5d05bebc	apps/desktop/vendor/drawio/img/lib/mscae/QSWarning.svg
100644 blob 225e484b826c7f48d45b5326fa3f7f84261353ca	apps/desktop/vendor/drawio/img/lib/mscae/Queued.svg
100644 blob d160233114c92ac7cb9e9af3754bcaedaec240ad	apps/desktop/vendor/drawio/img/lib/mscae/Queues_Storage.svg
100644 blob ad51b0b5b71f9ce41ec67662a25f9c3e6e531782	apps/desktop/vendor/drawio/img/lib/mscae/Quick_Start_Center.svg
100644 blob 00a908fc96fa340d95d12e14a3c73d422f928d2a	apps/desktop/vendor/drawio/img/lib/mscae/Quickstart.svg
100644 blob 42d0bb6458ad97f593df596d15d86ec0708e9777	apps/desktop/vendor/drawio/img/lib/mscae/Quota.svg
100644 blob ab6ec665435e3423b44189857e9283e529972adb	apps/desktop/vendor/drawio/img/lib/mscae/RDMA.svg
100644 blob 23a9a02a10eb5369e23266b6a4a9bb3f6a6acf01	apps/desktop/vendor/drawio/img/lib/mscae/Rain.svg
100644 blob fc6d289d2a81d062a7a8c060100b2902d2c85ca8	apps/desktop/vendor/drawio/img/lib/mscae/Recommendation.svg
100644 blob 72fc007154584a9ae281e72d305659b31d8e2931	apps/desktop/vendor/drawio/img/lib/mscae/RemoteApp.svg
100644 blob 74fcbc542c9529da25af17919abeea24619debdd	apps/desktop/vendor/drawio/img/lib/mscae/Reservations.svg
100644 blob 4e36b5b3e07c4bd9720df4529a1eb97a1f5cf691	apps/desktop/vendor/drawio/img/lib/mscae/ResourceDefault.svg
100644 blob e8cad14876976cab1817200dfe30277b11dbeb85	apps/desktop/vendor/drawio/img/lib/mscae/ResourceGroup.svg
100644 blob d1913e768ff4a2e2d1733b3d1d4b1290bca975da	apps/desktop/vendor/drawio/img/lib/mscae/ResourceLinked.svg
100644 blob 211b927ae0de80eee0f2c3d701bff266098fbbdc	apps/desktop/vendor/drawio/img/lib/mscae/ResourceProvider.svg
100644 blob 96b4bb313d8059f5be3454fc413c9854ee9074d6	apps/desktop/vendor/drawio/img/lib/mscae/ResourceRole.svg
100644 blob aa9dba0e4f26070fbe243126be2f43e9fda3f55f	apps/desktop/vendor/drawio/img/lib/mscae/Resource_Explorer.svg
100644 blob ec599c9e6796f70c2155542d3e249133dc4bd28b	apps/desktop/vendor/drawio/img/lib/mscae/Resource_Graph_Explorer.svg
100644 blob e8cad14876976cab1817200dfe30277b11dbeb85	apps/desktop/vendor/drawio/img/lib/mscae/Resource_Groups.svg
100644 blob 40aad89d6b8f1f773e53ba0b168bfb83aa9c5a08	apps/desktop/vendor/drawio/img/lib/mscae/Route_Filter.svg
100644 blob 90f87c69d7fac119e3dee98f7c280815459ed1c2	apps/desktop/vendor/drawio/img/lib/mscae/Rule.svg
100644 blob 51a71620cecd3a931c94e0a989909d031f6b3799	apps/desktop/vendor/drawio/img/lib/mscae/RunbookSource.svg
100644 blob afeb9407f33d8ca8c9843e5e2012e74af0212b58	apps/desktop/vendor/drawio/img/lib/mscae/Runbooks.svg
100644 blob 5833a12ee962f536fc6b1a6f54cc4dca38355fea	apps/desktop/vendor/drawio/img/lib/mscae/SAP_HANA_on_Azure.svg
100644 blob 181df839113ffade0d76a44315c84c13ae7d4e17	apps/desktop/vendor/drawio/img/lib/mscae/SDK.svg
100644 blob b9888864ab681535b45c4f003f72e9bb52381fdf	apps/desktop/vendor/drawio/img/lib/mscae/SQLQueryPerformanceCheck.svg
100644 blob 5314d24a087b04073bdf9475f5e7a362469d328c	apps/desktop/vendor/drawio/img/lib/mscae/SQL_DataWarehouse.svg
100644 blob 86fa3db077a8979540c843c5c876c99fea0e8c68	apps/desktop/vendor/drawio/img/lib/mscae/SQL_Database_generic.svg
100644 blob ff4c220ee3bf63196ea7a664d619190ad5767e70	apps/desktop/vendor/drawio/img/lib/mscae/SQL_Managed_Instances.svg
100644 blob ae49089174f12f4038a6afd7046af46ae9832ddf	apps/desktop/vendor/drawio/img/lib/mscae/SQL_Servers.svg
100644 blob a059c442fb71e05063e4468881db0f8c237ce052	apps/desktop/vendor/drawio/img/lib/mscae/SQL_Stretch_Database.svg
100644 blob f13c46d53c262d8acc4e80bbba72229c401cc505	apps/desktop/vendor/drawio/img/lib/mscae/SSD.svg
100644 blob d3bff9af30d68130a96e27898e27a747ef9d5c16	apps/desktop/vendor/drawio/img/lib/mscae/Scale.svg
100644 blob f8468180701360f6cf702f826759e38d62b2cbbd	apps/desktop/vendor/drawio/img/lib/mscae/ScaleAlt.svg
100644 blob d803a479e652ae3f6eff8bf5d7d4d060d619d72e	apps/desktop/vendor/drawio/img/lib/mscae/SchedulerJob.svg
100644 blob 546cc0d8f3b866bb06f99d11c0d55a41359aa8e4	apps/desktop/vendor/drawio/img/lib/mscae/SchedulerJobCollection.svg
100644 blob 12b432ef9b93afeb041c1a88703a4f09c1c671e1	apps/desktop/vendor/drawio/img/lib/mscae/Search.svg
100644 blob 9bcb03859526be6a5a480dc18adfabaef56b7340	apps/desktop/vendor/drawio/img/lib/mscae/SearchGrid.svg
100644 blob 8ca6b9527af52ab8e1c32dbbbe68fbd3b3d95bbd	apps/desktop/vendor/drawio/img/lib/mscae/Security_Baselines.svg
100644 blob 511959b99fb14d37932d2f86bda6258dbc2ecee4	apps/desktop/vendor/drawio/img/lib/mscae/Security_Center.svg
100644 blob 8ecf29fc9bee60716e222342d1ece28d186ed9bb	apps/desktop/vendor/drawio/img/lib/mscae/SendGrid_Accounts.svg
100644 blob 2d9d07fb43f41d82db5a710d544bc9f9153a50db	apps/desktop/vendor/drawio/img/lib/mscae/Server.svg
100644 blob 01285efa28ad20f4f17e690983b131a5bf56d332	apps/desktop/vendor/drawio/img/lib/mscae/ServerFarm.svg
100644 blob ee5e3598467dc53b64f2795a53b24621bf233405	apps/desktop/vendor/drawio/img/lib/mscae/ServerProxy.svg
100644 blob 01c3caa2257e2727cf7df60e80f14599193e51c3	apps/desktop/vendor/drawio/img/lib/mscae/ServiceHealth.svg
100644 blob c1b35619c2ddd0ee4c1a261f9bbdd457299eb02b	apps/desktop/vendor/drawio/img/lib/mscae/Service_Bus.svg
100644 blob 7b0c2847692e3bf6e07bddf3a7793a0c373a64da	apps/desktop/vendor/drawio/img/lib/mscae/Service_Bus_Queues.svg
100644 blob 692dc9f46d82cade8c1c9b720e63cb27beb9ea73	apps/desktop/vendor/drawio/img/lib/mscae/Service_Bus_Relay.svg
100644 blob 59c63bd8025f9b17b76a5d5c92501ba8cb4280cb	apps/desktop/vendor/drawio/img/lib/mscae/Service_Bus_Topics.svg
100644 blob 17c644cfeaeda660604553ad890f3ab92542f4f1	apps/desktop/vendor/drawio/img/lib/mscae/Service_Catalog_Managed_Application_Definitions.svg
100644 blob 53862a45177ff7b31289b45b2d0c58faf3b6af75	apps/desktop/vendor/drawio/img/lib/mscae/Service_Endpoint_Policies.svg
100644 blob a7d8412dd79911fe5cfcfe2447d181c752e8f9c9	apps/desktop/vendor/drawio/img/lib/mscae/Service_Fabric.svg
100644 blob 16ded3cc986a8cf07b2263f97535ff3be2e9a739	apps/desktop/vendor/drawio/img/lib/mscae/Shared_Dashboard.svg
100644 blob e91af035dc83111b901d22ddefa7d76800e0bac7	apps/desktop/vendor/drawio/img/lib/mscae/Shared_Image_Galleries.svg
100644 blob 3042796fe591d73e2a85f655f22a4d269b10bc6a	apps/desktop/vendor/drawio/img/lib/mscae/ShieldFirewall.svg
100644 blob 723f2376a22958e3d3b12ff6f526523b8e30abc3	apps/desktop/vendor/drawio/img/lib/mscae/SignalR.svg
100644 blob 0a68c036c7ad5bb743412b26b5fe536ffa9e845e	apps/desktop/vendor/drawio/img/lib/mscae/Site_Recovery.svg
100644 blob 1d7065c326c5e79d8bb8f393b96552ed3b4795d7	apps/desktop/vendor/drawio/img/lib/mscae/Software_Update.svg
100644 blob a37a9167d0f9fbc811d46bc920c06ea68c23250b	apps/desktop/vendor/drawio/img/lib/mscae/Software_as_a_Service.svg
100644 blob 51a151fe7f4e783bba07bff31700a87ef6b59ad9	apps/desktop/vendor/drawio/img/lib/mscae/Solutions.svg
100644 blob df70dc744d3b76bcc5c144691c26452fcde463e9	apps/desktop/vendor/drawio/img/lib/mscae/Spatial_Anchor.svg
100644 blob ea075fa8276be8bfe4a33b9e0007e82f7ec5e3f6	apps/desktop/vendor/drawio/img/lib/mscae/StackOverflow.svg
100644 blob 2c1f1494f6365e555920036606fa6bda0946e09e	apps/desktop/vendor/drawio/img/lib/mscae/StorSimple.svg
100644 blob 6aedab28b17394caa07c41a597b1bd274ecf4873	apps/desktop/vendor/drawio/img/lib/mscae/StorSimple_Data_Managers.svg
100644 blob ac33203b97fbef6f09d92c8340b1a1e0b96814c6	apps/desktop/vendor/drawio/img/lib/mscae/Storage.svg
100644 blob ff3d36c24b8d233c97f299ea353c3a4837fcd24f	apps/desktop/vendor/drawio/img/lib/mscae/StorageAzureFiles.svg
100644 blob ac60892a58fe88d68413f842ba25613d93e34a4a	apps/desktop/vendor/drawio/img/lib/mscae/StorageContainer.svg
100644 blob f0990f1c04c4f4fe057aa5b945db4fbc4667ac71	apps/desktop/vendor/drawio/img/lib/mscae/StorageQueue.svg
100644 blob f41e25fb00bcfaee5dfadea8f09bbb6079f9e34f	apps/desktop/vendor/drawio/img/lib/mscae/StorageReplica.svg
100644 blob 896ea69a68496029801503b5a138e18286b397f0	apps/desktop/vendor/drawio/img/lib/mscae/Storage_Accounts.svg
100644 blob 87767013eb388ab1fc28e2cb60dd725cedeac1d4	apps/desktop/vendor/drawio/img/lib/mscae/Storage_Explorer.svg
100644 blob a0056ee26b4ef612143db8156f56f949214efefb	apps/desktop/vendor/drawio/img/lib/mscae/Storage_sync_service.svg
100644 blob 122dfeb0cfc186aef45c5dbbb99eb6a050526fb1	apps/desktop/vendor/drawio/img/lib/mscae/Store_Marketplace.svg
100644 blob f5be14ed0acfc3e563530c7c6f7b5dd3a78ceefb	apps/desktop/vendor/drawio/img/lib/mscae/Stream_Analytics.svg
100644 blob 9c8355cd09698906fab9848223bd36eed781df99	apps/desktop/vendor/drawio/img/lib/mscae/Subnet.svg
100644 blob a5d6c0eaa0a50fc2186b165b3ab1a489f32fb511	apps/desktop/vendor/drawio/img/lib/mscae/Support.svg
100644 blob 936b2ef90c52ca233f143b035e114cde5940b291	apps/desktop/vendor/drawio/img/lib/mscae/Support_2.svg
100644 blob 6218f7cca992e0091cb95b4e01de55655b0ab714	apps/desktop/vendor/drawio/img/lib/mscae/Support_Requests.svg
100644 blob 8f45818eb0293ae27c3dfa3548453b1c7d7d0c0f	apps/desktop/vendor/drawio/img/lib/mscae/TFSVCRepository.svg
100644 blob f91551450ab2b958a651946867e4be9a482aed8d	apps/desktop/vendor/drawio/img/lib/mscae/Table_Storage.svg
100644 blob db3c541fd0383fe879bb2668619e2f44923f6955	apps/desktop/vendor/drawio/img/lib/mscae/Tag.svg
100644 blob f045c435eef49807405ef8094a100877defc60fd	apps/desktop/vendor/drawio/img/lib/mscae/Tags.svg
100644 blob 551fe2a34058c2e4337b57b9b8de5d1ae9c42605	apps/desktop/vendor/drawio/img/lib/mscae/Task.svg
100644 blob 4fdeb8271338059f4607d405730aa233ba262281	apps/desktop/vendor/drawio/img/lib/mscae/TaskVM.svg
100644 blob 97d9d2bf776faf7b184a278b4097d1bfcc0a4ae2	apps/desktop/vendor/drawio/img/lib/mscae/Tasks.svg
100644 blob d3afbefc96bea87e805ef6e8e6996c57e601a7e0	apps/desktop/vendor/drawio/img/lib/mscae/TasksPolychromatic.svg
100644 blob bf5977e707e7370a0b9fe26404997186f3849d9b	apps/desktop/vendor/drawio/img/lib/mscae/Tax.svg
100644 blob 9be8374d7d6e4d6d61521247973093912e84d8c8	apps/desktop/vendor/drawio/img/lib/mscae/TeamProject.svg
100644 blob e5d8e28ca4e327509192369a991f7ffd71177f32	apps/desktop/vendor/drawio/img/lib/mscae/Templates.svg
100644 blob 64c18e9d0e6254a36c5111b61702d9a1be9771f6	apps/desktop/vendor/drawio/img/lib/mscae/Tenant_Status.svg
100644 blob 4d53204b292e58d4cf8a42604016b9036a4492d7	apps/desktop/vendor/drawio/img/lib/mscae/TimeSeriesInsights.svg
100644 blob db31ad693774a10c943c5381fdd49164a3356655	apps/desktop/vendor/drawio/img/lib/mscae/Time_Series_Insights_environments.svg
100644 blob e39eb7a8b7ea6070c4830879b39276267a8b0da6	apps/desktop/vendor/drawio/img/lib/mscae/Toolbox.svg
100644 blob 7568c6cdaadaad224a584c74e8452f17ccf56b47	apps/desktop/vendor/drawio/img/lib/mscae/Tools.svg
100644 blob c83f385a05cabce367860ddf9753f3ca529fd992	apps/desktop/vendor/drawio/img/lib/mscae/TrafficManagerDisabled.svg
100644 blob 6dfbbce6d836ea833a1bea7be23d5f5421c57b3c	apps/desktop/vendor/drawio/img/lib/mscae/TrafficManagerEnabled.svg
100644 blob 6355507960b87d092f69cdf28efbcf29edf596b6	apps/desktop/vendor/drawio/img/lib/mscae/Traffic_Manager.svg
100644 blob ae2767b1a78ebd51a328f622e47907dfa20f57ae	apps/desktop/vendor/drawio/img/lib/mscae/Two_User_Icon.svg
100644 blob 5377595ddd0ecfdf81e9eaba48f0d5e45d40debe	apps/desktop/vendor/drawio/img/lib/mscae/Unidentified_Feature_Object.svg
100644 blob 09a4097aa1d0fbe1fcac66b2e1c346256939d0ae	apps/desktop/vendor/drawio/img/lib/mscae/UserDefinedRoute.svg
100644 blob 64c18e9d0e6254a36c5111b61702d9a1be9771f6	apps/desktop/vendor/drawio/img/lib/mscae/User_Health_Icon.svg
100644 blob c670f486b102020362db37c9c0abafa9a9741f81	apps/desktop/vendor/drawio/img/lib/mscae/User_Privacy.svg
100644 blob bed7eec79622955297261579299dc20514c665d3	apps/desktop/vendor/drawio/img/lib/mscae/User_Resource.svg
100644 blob 37b57c75c54d464f09741a2c840e3a6256fa6e25	apps/desktop/vendor/drawio/img/lib/mscae/VMScale.svg
100644 blob de1abb23ccde770a98136b4fe394ce7b79be9c5b	apps/desktop/vendor/drawio/img/lib/mscae/VM_Images.svg
100644 blob 87a9247cacf0cae1f1751d34631c8edb7d2262a5	apps/desktop/vendor/drawio/img/lib/mscae/VM_Linux.svg
100644 blob 3ec1056bf0bcdf73ee28fb050fec0400e619e677	apps/desktop/vendor/drawio/img/lib/mscae/VM_Linux_Non_Azure.svg
100644 blob 3197823eddca81564a394f87fb7c6ffcd8dbc91b	apps/desktop/vendor/drawio/img/lib/mscae/VM_Non_Azure.svg
100644 blob c5fba28fd7a52b8afbc31113614c87dd06aa10f7	apps/desktop/vendor/drawio/img/lib/mscae/VM_Scale_Set.svg
100644 blob c8ae0425295e7eb39645cb7a0f6ed084e3e190ae	apps/desktop/vendor/drawio/img/lib/mscae/VM_Windows_Non_Azure.svg
100644 blob a6272b0305d5ede6f5ca2e7487fdf5ada1a34b39	apps/desktop/vendor/drawio/img/lib/mscae/VPNPointToSite.svg
100644 blob b3fb0f773ed5511e13f4eac19712d201b18bfd9e	apps/desktop/vendor/drawio/img/lib/mscae/VPNSiteToSite.svg
100644 blob eef337cdb460d8538eee5dfaad27f8b35a131159	apps/desktop/vendor/drawio/img/lib/mscae/VPN_Gateway.svg
100644 blob 83b6da6503b78b22ef25360d1a66a37d411a1071	apps/desktop/vendor/drawio/img/lib/mscae/Variables.svg
100644 blob 187e6edc01db4f8696947dabb73add356eda0d58	apps/desktop/vendor/drawio/img/lib/mscae/Versions.svg
100644 blob 9c3486083dfe72444a8c6e555f6ca849d84a4fc4	apps/desktop/vendor/drawio/img/lib/mscae/VirtualMachineLinux.svg
100644 blob a675cd29ddcfe90e32701ec766e8b1177779be97	apps/desktop/vendor/drawio/img/lib/mscae/VirtualMachineWindows.svg
100644 blob 0bd309ae7cdd519a83e2efe84a2c74fa2ac08890	apps/desktop/vendor/drawio/img/lib/mscae/Virtual_Clusters.svg
100644 blob a50d3ee763248cfc49005a05ef19c4a8fe9472fd	apps/desktop/vendor/drawio/img/lib/mscae/Virtual_Datacenter.svg
100644 blob 01b1a23a8de4a8cb83b59a9c9ea778b74eb791cf	apps/desktop/vendor/drawio/img/lib/mscae/Virtual_Machine.svg
100644 blob 1cfe126e498b2456c9364c3a7d8d1fdb87966017	apps/desktop/vendor/drawio/img/lib/mscae/Virtual_Machine_2.svg
100644 blob 371b0a19a5e82d0e084ba1070be74c4cedb0d714	apps/desktop/vendor/drawio/img/lib/mscae/Virtual_Machines_Availability_Set.svg
100644 blob 9586c6a4c86bd5e1c67665d7ff51278d1982b1b5	apps/desktop/vendor/drawio/img/lib/mscae/Virtual_Machines_Linux.svg
100644 blob 655b6f2459d8af7744bd87d7a14f751ca2ec2caa	apps/desktop/vendor/drawio/img/lib/mscae/Virtual_Network.svg
100644 blob b9ef0f57f706f992c761f0308500f7a5965ba0b9	apps/desktop/vendor/drawio/img/lib/mscae/Virtual_Network_Classic.svg
100644 blob 0be4f458438d439fac55c78c89ba12fe426f18f4	apps/desktop/vendor/drawio/img/lib/mscae/Virtual_WANs.svg
100644 blob c29cc848e00f91cd7912909ae49724e7ab1565d1	apps/desktop/vendor/drawio/img/lib/mscae/Visual_Studio_Team_Services_CodePlex_source.svg
100644 blob 3ece85c66a8d35e476cde38b2cad6d6faf19bbda	apps/desktop/vendor/drawio/img/lib/mscae/WebAppUmbraco.svg
100644 blob 3c953f0e814b86add2a1be1d963df69e39a56e4c	apps/desktop/vendor/drawio/img/lib/mscae/WebAppWordPress.svg
100644 blob d5875919a7743bffbf47e79ffcd6c2ab32b29ec7	apps/desktop/vendor/drawio/img/lib/mscae/WebApp_WebJobs.svg
100644 blob 849dc71be8866077606f434e0dd10303e97d5ed9	apps/desktop/vendor/drawio/img/lib/mscae/WebEnvironment.svg
100644 blob b7bf08a2d3828f1e2cb20994bf1aa7a4681b3db1	apps/desktop/vendor/drawio/img/lib/mscae/WebHosting.svg
100644 blob 9ed464f57655da7fee5da056c082f5399dd3c2aa	apps/desktop/vendor/drawio/img/lib/mscae/WebNetwork.svg
100644 blob 707192b8afdd6cc795dd324152135ba7c6f9dafc	apps/desktop/vendor/drawio/img/lib/mscae/WebSlots.svg
100644 blob 2b2516072ba8b3954d65f012386055cebdc841d5	apps/desktop/vendor/drawio/img/lib/mscae/WebTest.svg
100644 blob 76a4e62dddfa8ba37bdf845a69fc5945383a8633	apps/desktop/vendor/drawio/img/lib/mscae/Web_App_Firewall.svg
100644 blob 823d6481b94f57bbc4d66f5cef55933a022e332c	apps/desktop/vendor/drawio/img/lib/mscae/Webhooks.svg
100644 blob 48c295de19bbdab8929107539fec889faf536f1c	apps/desktop/vendor/drawio/img/lib/mscae/WebsitePower.svg
100644 blob 9f4f2e2562018ddfa0b089ae101caf62eaeec888	apps/desktop/vendor/drawio/img/lib/mscae/WebsiteReplicator.svg
100644 blob 256415e81764d76d0434c322297fb86bd2debaa8	apps/desktop/vendor/drawio/img/lib/mscae/WebsiteSettings.svg
100644 blob a6db8acd9cde0211b1b7aecac6158a4bb0ddc5a5	apps/desktop/vendor/drawio/img/lib/mscae/WebsiteStaging.svg
100644 blob 195d4f2ec05b676bd7cd495f42afaa69d6664101	apps/desktop/vendor/drawio/img/lib/mscae/Windows_10_IoT_Core_Services.svg
100644 blob 476f8921b51b91113eb0ab707cc0f7e722c541e7	apps/desktop/vendor/drawio/img/lib/mscae/Workflow.svg
100644 blob f123de783b7724024a23001106578e2ddb305ab9	apps/desktop/vendor/drawio/img/lib/mscae/Wrench.svg
100644 blob 6de6e01c2255b4b60243cb48b033c8326a4b08d8	apps/desktop/vendor/drawio/img/lib/mscae/XboxController.svg
100644 blob 3af763ed2eb755e6a3ad71d6ed041afc91488918	apps/desktop/vendor/drawio/img/lib/mscae/dataExport.svg
100644 blob aca9e56b233bf2996208507c0f7e21eb4e9e569b	apps/desktop/vendor/drawio/img/lib/mscae/dataRetention.svg
100644 blob 667fdf126cb1bd9834f186c4f1d39150eba9ce2a	apps/desktop/vendor/drawio/img/lib/mscae/dep/App_Service_Logic_App.svg
100644 blob 78cbae7b9df5893ee7b9606e8a31573fae726ae1	apps/desktop/vendor/drawio/img/lib/mscae/dep/Application_Gateway.svg
100644 blob c9bbf91350bc301c8c696da785c83e0caae453a4	apps/desktop/vendor/drawio/img/lib/mscae/dep/Content_Delivery_Network.svg
100644 blob cff6fd326946e3624aa21acfcd2f6b66464d2a97	apps/desktop/vendor/drawio/img/lib/mscae/dep/DataWarehouse.svg
100644 blob 89beae045c7de8d1358e3425429631f9533299e7	apps/desktop/vendor/drawio/img/lib/mscae/dep/Data_Lake.svg
100644 blob 3e1de769645cfbb1318c01435957f65df66abc1d	apps/desktop/vendor/drawio/img/lib/mscae/dep/Data_Lake_Analytics.svg
100644 blob 6fe9f7545ea3930fcf08346aa4523979e3b5bd91	apps/desktop/vendor/drawio/img/lib/mscae/dep/Data_Lake_Store.svg
100644 blob 5a688f6421e8cd4c66aceb2549c6703b3f41c06f	apps/desktop/vendor/drawio/img/lib/mscae/dep/SQL_Server_Stretch_DB.svg
100644 blob b55c26ca955dc11eba6a60162b5cfbcf11c147b5	apps/desktop/vendor/drawio/img/lib/mscae/eBooks.svg
100644 blob 5cc03898effe4630b6d183a1bfd6aeeacf9feb40	apps/desktop/vendor/drawio/img/lib/mscae/healthErrorBadge.svg
100644 blob 24ac34cddefd9d04a9f5d64e6c44d302b5fb8b02	apps/desktop/vendor/drawio/img/lib/mscae/healthWarningBadge.svg
100644 blob 130c84788d08c26e521f0eeae10a2cf81f0bdf75	apps/desktop/vendor/drawio/img/lib/mscae/overageCosts.svg
100644 blob c7a4570a1944b2a82d3fb3eafaa43e289c433583	apps/desktop/vendor/drawio/img/lib/mscae/serversAndMobileDevices.svg
100644 blob c38b273ba2489bf07cce46d617b77d32c4d993f0	apps/desktop/vendor/drawio/img/lib/sap/1.svg
100644 blob ec511f06c5ce92eccc33cee0ef82fe2ff296ee88	apps/desktop/vendor/drawio/img/lib/sap/10.svg
100644 blob 942e07a82819c2ad2c71436abd625cfcc83d70a0	apps/desktop/vendor/drawio/img/lib/sap/11.svg
100644 blob 3805c75139db202d07ddb5db4134d8ac1394cebc	apps/desktop/vendor/drawio/img/lib/sap/12.svg
100644 blob 21b36d39406175853197d1b60546841e8b9f44f6	apps/desktop/vendor/drawio/img/lib/sap/13.svg
100644 blob 2c3d278497de75f797d82641ba625fac8a480a4e	apps/desktop/vendor/drawio/img/lib/sap/2.svg
100644 blob b3d70d6ff34151b4852c8528b03609ecc3be4300	apps/desktop/vendor/drawio/img/lib/sap/3.svg
100644 blob 10d1079dc5e690ef92444a5c25804e57c2e0b79e	apps/desktop/vendor/drawio/img/lib/sap/4.svg
100644 blob 93cfe3ce82817402d7efc30ad71fc51c48322f6f	apps/desktop/vendor/drawio/img/lib/sap/5.svg
100644 blob 6441ef3207a765e41cf35c8206a4de4b37fe0e79	apps/desktop/vendor/drawio/img/lib/sap/6.svg
100644 blob 8c1f64d220a925ab71a8caad50437fb06a250024	apps/desktop/vendor/drawio/img/lib/sap/7.svg
100644 blob 43cf079d34cb334d24099d2cd4bfbe4925ebebd6	apps/desktop/vendor/drawio/img/lib/sap/8.svg
100644 blob 5e0c348a5d39e4f042cc12116de575135822652d	apps/desktop/vendor/drawio/img/lib/sap/9.svg
100644 blob 298767da5613be8c59b786375130418823e2a509	apps/desktop/vendor/drawio/img/lib/sap/API.svg
100644 blob b2f74a2104a64108bf865dfd6d07758fb31d077f	apps/desktop/vendor/drawio/img/lib/sap/API_Business_Hub_Enterprise.svg
100644 blob 6cd5e7e9cf532c37b767fc041bca79e5814f72b9	apps/desktop/vendor/drawio/img/lib/sap/Adapter.svg
100644 blob c82b3f386d87a6c604a900c05f976ef576dc90e9	apps/desktop/vendor/drawio/img/lib/sap/Admin.svg
100644 blob a3eeff1d2194c4b3f4bc957067e2c7d4d1e7d107	apps/desktop/vendor/drawio/img/lib/sap/Alert.svg
100644 blob 6d44e2a783a93ef3d19bbf57c964c9398f046264	apps/desktop/vendor/drawio/img/lib/sap/App.svg
100644 blob 23eb222ac352d38372fe4006043da37ab151b2f6	apps/desktop/vendor/drawio/img/lib/sap/Application_Autoscaler.svg
100644 blob 2e464e9579379526cf41c0298d91d048f4eda1ac	apps/desktop/vendor/drawio/img/lib/sap/Application_Frontend_Service.svg
100644 blob d12f0dc2b6541715c835d63f8b642a1b69194bf6	apps/desktop/vendor/drawio/img/lib/sap/Application_Vulnerability_Report.svg
100644 blob f0bf89ca66182b39606714bce1c44f31cdc771b9	apps/desktop/vendor/drawio/img/lib/sap/Building.svg
100644 blob bf46f7ab9cdfa3f1a3988c79cd85fff7c2363825	apps/desktop/vendor/drawio/img/lib/sap/Business_Application_Studio.svg
100644 blob 7ebc86bfff6ac46934e8c458877ba0a904bff460	apps/desktop/vendor/drawio/img/lib/sap/Business_Entity_Recognition.svg
100644 blob 380d05e1ba6493a724bc8e079351cb7ceacdf560	apps/desktop/vendor/drawio/img/lib/sap/Business_Process_Model_Connector_for_SAP_Signavio_Solutions.svg
100644 blob b2e907399459e590dc698eb5a05b452a1ccb0785	apps/desktop/vendor/drawio/img/lib/sap/Cloud.svg
100644 blob a6576c2d53f08a8522cf98004eb8f82f47f59a99	apps/desktop/vendor/drawio/img/lib/sap/Cloud_Connector.svg
100644 blob 3aa5598f925369cd48a4f1e3b53d15075ed9bebe	apps/desktop/vendor/drawio/img/lib/sap/Cloud_Connector2.svg
100644 blob 43ab1b947a647bebd916c586ab567f3d5971ad64	apps/desktop/vendor/drawio/img/lib/sap/Cloud_Integration_Automation.svg
100644 blob c420f821c9f892ce22f1531dbe9a725d20e3ad8b	apps/desktop/vendor/drawio/img/lib/sap/Cloud_Integration_Automation2.svg
100644 blob 30caf20e763b44ecbb33efc2b3b4da3d634f057b	apps/desktop/vendor/drawio/img/lib/sap/Cloud_Transport_Management.svg
100644 blob 1afe904c2b5190d3bb641326a684acbf7242f8ad	apps/desktop/vendor/drawio/img/lib/sap/Data_Attribute_Recommendation.svg
100644 blob 7f8d02b7f8dba337e567e52ae008b050bfb0e5a0	apps/desktop/vendor/drawio/img/lib/sap/Deploy.svg
100644 blob 4d8eebe505c63e146d76070438074c539de9a817	apps/desktop/vendor/drawio/img/lib/sap/Desktop.svg
100644 blob 3f7e1fb6ebfa791094228f49ce340589ae41f36a	apps/desktop/vendor/drawio/img/lib/sap/Devices.svg
100644 blob 2114e565a8d84b83f19975ddf9c4eae5bf1732c8	apps/desktop/vendor/drawio/img/lib/sap/Document.svg
100644 blob 925f964550cf1bec8c583325c621f27b1da010a3	apps/desktop/vendor/drawio/img/lib/sap/Document_Information_Extraction.svg
100644 blob 9863a4db5ad61013811ef466c1a5957ca8eab479	apps/desktop/vendor/drawio/img/lib/sap/Documents.svg
100644 blob 5ff2ad75e5a034baadef9339ad336ae049bc9942	apps/desktop/vendor/drawio/img/lib/sap/Edge_Integration_Cell.svg
100644 blob 9625c4fb74a943c858e609c822738cda0102b7eb	apps/desktop/vendor/drawio/img/lib/sap/Event.svg
100644 blob 92f494a7c973052d6574f2a92e39c3e9a2c97a4f	apps/desktop/vendor/drawio/img/lib/sap/Extensibility_Service.svg
100644 blob c89bca6a343e949230d3b17afb781f7134d6a59e	apps/desktop/vendor/drawio/img/lib/sap/Factory.svg
100644 blob 06013220786ff502f4ef8741ff1fa039cb4064d1	apps/desktop/vendor/drawio/img/lib/sap/Feature.svg
100644 blob 47c5d1eec1c7c49b57ba778b606458d48a46fbcf	apps/desktop/vendor/drawio/img/lib/sap/HTML5_App_Repository.svg
100644 blob 60564f672948e33b9b5ddacc7410dd969aa2c3cd	apps/desktop/vendor/drawio/img/lib/sap/Identity_Authentication.svg
100644 blob 8749e17587667fe2d9f75021dd501233cfb4a1b8	apps/desktop/vendor/drawio/img/lib/sap/Identity_Authentication2.svg
100644 blob 8ae088def8a47666de59d5366c84455c4bda7e9e	apps/desktop/vendor/drawio/img/lib/sap/Identity_Directory.svg
100644 blob 71109caba773c16f6a76ddcfebd4e9414f263ef7	apps/desktop/vendor/drawio/img/lib/sap/Identity_Directory2.svg
100644 blob f1dd9b03d18564ba674b11149b2a0346836f797a	apps/desktop/vendor/drawio/img/lib/sap/Identity_Provisioning.svg
100644 blob 331f3d4c39d07839666c96625de4cdd45a5befde	apps/desktop/vendor/drawio/img/lib/sap/Identity_Provisioning2.svg
100644 blob b78bcd53bbc9f849c313cfbce586698ea1b6e6bc	apps/desktop/vendor/drawio/img/lib/sap/Info.svg
100644 blob f6de493a9e17c9bc2b07c49eab431556f13f7db2	apps/desktop/vendor/drawio/img/lib/sap/Intelligent_Situation_Automation.svg
100644 blob 7766cb32f6992ba59c309026bd6360b74265d9f6	apps/desktop/vendor/drawio/img/lib/sap/Invoice_Object_Recommendation.svg
100644 blob 9ba36608f21e9c95af3f25577874d5d748ed2994	apps/desktop/vendor/drawio/img/lib/sap/Invoice_Object_Recommendation2.svg
100644 blob afc4166235aea637663a04c8319ff356d3ad4bef	apps/desktop/vendor/drawio/img/lib/sap/Joule_Studio.svg
100644 blob c831b679f8e20dbcc8539827c7c316f8c4fb8c66	apps/desktop/vendor/drawio/img/lib/sap/Key.svg
100644 blob 847802dc106d3e914429b77f3e69f612bbcca263	apps/desktop/vendor/drawio/img/lib/sap/Landscape_Portal_for_SAP_S4HANA_Cloud_ABAP_Environment.svg
100644 blob 5207c3c2568f55b498ff27dd8f62eb34ca45371b	apps/desktop/vendor/drawio/img/lib/sap/Link.svg
100644 blob db403aca36661fb969be5e864b63526ed4f316bd	apps/desktop/vendor/drawio/img/lib/sap/Locked.svg
100644 blob 0c02f49405e3fabdded6ac4da1bbe4160ec4266d	apps/desktop/vendor/drawio/img/lib/sap/Machine.svg
100644 blob ae5b4f4d4d5fea0d9a1d87970663086ef9989607	apps/desktop/vendor/drawio/img/lib/sap/Message.svg
100644 blob 8a5d3c70c5fc597935aa48db5e6940adc7154898	apps/desktop/vendor/drawio/img/lib/sap/Mobile.svg
100644 blob d10d9cdfc7fde4797cd41807de57926bc0ea49db	apps/desktop/vendor/drawio/img/lib/sap/OAuth_20.svg
100644 blob 7568007b6b23199ab38e687f3dc126649ac1c279	apps/desktop/vendor/drawio/img/lib/sap/Object_Store_on_SAP_BTP.svg
100644 blob 8a8cd7b978e29a5fc9746aa7d48a4fd0644b6a9b	apps/desktop/vendor/drawio/img/lib/sap/On-Premise.svg
100644 blob 865aeec15dc6625f3cae261d6cf0add16c0a22ce	apps/desktop/vendor/drawio/img/lib/sap/Personalized_Recommendation.svg
100644 blob 3cebe40e6cae5194722f0d2e3e843e27c37d732d	apps/desktop/vendor/drawio/img/lib/sap/SAP_AI_Core.svg
100644 blob 58e1691d6dbca1d6c35ff3823ae25ac5975ec965	apps/desktop/vendor/drawio/img/lib/sap/SAP_AI_Launchpad.svg
100644 blob acbc4ff4fa5cb3e34cb432a3605aede193f35f35	apps/desktop/vendor/drawio/img/lib/sap/SAP_Alert_Notification_service_for_SAP_BTP.svg
100644 blob ca7baf223de1a62071d9daf6c7303b89c83f63f2	apps/desktop/vendor/drawio/img/lib/sap/SAP_Analytics_Cloud.svg
100644 blob 8789e2c507c520ce0229f10db7fc6d187f5724ae	apps/desktop/vendor/drawio/img/lib/sap/SAP_Analytics_Cloud_Embedded_Edition.svg
100644 blob a16c8dfe5fc3e4c63e991d248c0e85bee7e62f37	apps/desktop/vendor/drawio/img/lib/sap/SAP_Application_Logging_service_for_SAP_BTP.svg
100644 blob 3bd425c82cb016cdad96e0a7937f62770c6b1d03	apps/desktop/vendor/drawio/img/lib/sap/SAP_Asset_Performance_Management.svg
100644 blob dca03d32dc000bc7dd785b24f8d89127db27a5f2	apps/desktop/vendor/drawio/img/lib/sap/SAP_Audit_Log_Service.svg
100644 blob 2a622b24b5cd81de0cc54bf04f204e0cc7a3642d	apps/desktop/vendor/drawio/img/lib/sap/SAP_Authorization_Management_Service.svg
100644 blob ccbd28fda317b554827b990defa70672c4d00dcf	apps/desktop/vendor/drawio/img/lib/sap/SAP_Authorization_and_Trust_Management_service.svg
100644 blob 92e5e1d3543376d6094f696896414f404dd8652a	apps/desktop/vendor/drawio/img/lib/sap/SAP_Automation_Pilot.svg
100644 blob 6784fe78860d9ba506ccd2f2105d759f62dd74f6	apps/desktop/vendor/drawio/img/lib/sap/SAP_BTP,_ABAP_environment.svg
100644 blob 6839557c91b63c0af32f4ed2a1e92668f58623a7	apps/desktop/vendor/drawio/img/lib/sap/SAP_BTP,_Cloud_Foundry_runtime.svg
100644 blob d5529dcb79fe0ee1b788fc9b4aa6479e197738bb	apps/desktop/vendor/drawio/img/lib/sap/SAP_BTP,_Kyma_runtime.svg
100644 blob 0f44b1f8f04c2f8fcb710111355d25e226187e0f	apps/desktop/vendor/drawio/img/lib/sap/SAP_Build.svg
100644 blob cc85776cc56f81737b9f1eb57ea5ed04722bcce6	apps/desktop/vendor/drawio/img/lib/sap/SAP_Build_Apps.svg
100644 blob db2fa5d380c184b88454786c5e02782abbf4f963	apps/desktop/vendor/drawio/img/lib/sap/SAP_Build_Apps_-_Copy.svg
100644 blob 7c824de3b84e5e770944d7c055e030fbd4c4dcab	apps/desktop/vendor/drawio/img/lib/sap/SAP_Build_Code.svg
100644 blob f5485267cfab7e3cbe7b20d8c4f378bd428aa1a3	apps/desktop/vendor/drawio/img/lib/sap/SAP_Build_Process_Automation.svg
100644 blob ff9ca3943f16bf36de7106b2fc97873245b81ef8	apps/desktop/vendor/drawio/img/lib/sap/SAP_Build_Process_Automation_-_Copy.svg
100644 blob f988e34591a002f6e378ec952fbd8b87dbbae0a7	apps/desktop/vendor/drawio/img/lib/sap/SAP_Build_Work_Zone_-_Advanced_Edition.svg
100644 blob f988e34591a002f6e378ec952fbd8b87dbbae0a7	apps/desktop/vendor/drawio/img/lib/sap/SAP_Build_Work_Zone_-_Standard_Edition.svg
100644 blob 21503d130f4610ed93863eb80c3ab1a1b4d49c5c	apps/desktop/vendor/drawio/img/lib/sap/SAP_Business_Accelerator_Hub.svg
100644 blob 2bed30cbdddd8d35b2019ae00bac4328d7af61a5	apps/desktop/vendor/drawio/img/lib/sap/SAP_Business_Data_Cloud.svg
100644 blob e5c0903440943a7fd05a44faf396e5043465504b	apps/desktop/vendor/drawio/img/lib/sap/SAP_Cloud_ALM.svg
100644 blob 7a3f0db786fb33de1800a1ff0460abcd6ce67af9	apps/desktop/vendor/drawio/img/lib/sap/SAP_Cloud_Application_Programming_Model.svg
100644 blob f5a052864496c3423ec0d6e18b68b36eaffd9f5a	apps/desktop/vendor/drawio/img/lib/sap/SAP_Cloud_Identity,_SAP_Malware_Scanning_Service.svg
100644 blob 976bbac585c1d13ee43cef96e017c87139c78b02	apps/desktop/vendor/drawio/img/lib/sap/SAP_Cloud_Identity_Service.svg
100644 blob 07bd831258baaf8d0d12b5f57775a0072dd5057a	apps/desktop/vendor/drawio/img/lib/sap/SAP_Cloud_Logging.svg
100644 blob 2b86d27086bc48c6f27d084cd79b05e410647902	apps/desktop/vendor/drawio/img/lib/sap/SAP_Cloud_Management_Service.svg
100644 blob 2f2f441b0394759d738a047ec053315b5c109427	apps/desktop/vendor/drawio/img/lib/sap/SAP_Cloud_Transport_Management.svg
100644 blob 711326793e9eeabb5be30a08bf4d48c3a8c3d1e0	apps/desktop/vendor/drawio/img/lib/sap/SAP_Collaborative_Demand_and_Capacity_Management.svg
100644 blob 659385c52206ff7bb9785dae7ac756874d36c6c1	apps/desktop/vendor/drawio/img/lib/sap/SAP_Connectivity_Service.svg
100644 blob 21940f8f263e9911ce6bf66f82053fc6d71c5a20	apps/desktop/vendor/drawio/img/lib/sap/SAP_Content_Agent_Service.svg
100644 blob bf39e1ca63c1239e959a587540f803be51367f53	apps/desktop/vendor/drawio/img/lib/sap/SAP_Continuous_Integration_and_Delivery.svg
100644 blob 70bd7a8e69ac6d362fc850bfe4e91524fc07538f	apps/desktop/vendor/drawio/img/lib/sap/SAP_Credential_Store.svg
100644 blob 09ff6fe6300032e0a2fe6c04ba2847fa9c1f1d61	apps/desktop/vendor/drawio/img/lib/sap/SAP_Custom_Domain_service.svg
100644 blob 8d24b19c3c9ba081b3444dca3281908cfada0a8c	apps/desktop/vendor/drawio/img/lib/sap/SAP_Data_Privacy_Integration.svg
100644 blob c28ed36ed704106c46e2f94b775e36be6af87431	apps/desktop/vendor/drawio/img/lib/sap/SAP_Data_Retention_Manager.svg
100644 blob 1abc4ea7257e212026430a62d23fce35c9750c52	apps/desktop/vendor/drawio/img/lib/sap/SAP_Datasphere.svg
100644 blob eb6a13c62f0241426c9a0995d7e36faff5a15f53	apps/desktop/vendor/drawio/img/lib/sap/SAP_Destination_service.svg
100644 blob 579c4c114e0aa3c38993808f786b4b25af61c938	apps/desktop/vendor/drawio/img/lib/sap/SAP_Digital_Assistant.svg
100644 blob 20eba0c9b51ff91fe2357a8e8ffc1c0c185d8b0b	apps/desktop/vendor/drawio/img/lib/sap/SAP_Digital_Assistant_Service.svg
100644 blob 58351f96bf10a2f7de556a63d6046850cbeb3c7d	apps/desktop/vendor/drawio/img/lib/sap/SAP_Digital_Manufacturing.svg
100644 blob 10373edabdc28ac651c994a8afff5a44a27fa540	apps/desktop/vendor/drawio/img/lib/sap/SAP_Document_Grounding.svg
100644 blob c243100998ebc6066d2d71ac89c2621805e3206a	apps/desktop/vendor/drawio/img/lib/sap/SAP_Document_Management_Service.svg
100644 blob f541ae5773081e9700d3020a6aa45e292357bbb3	apps/desktop/vendor/drawio/img/lib/sap/SAP_Event_Broker_for_SAP_Cloud_Applications.svg
100644 blob 011c6516cfa865baa650bb9915325fed978c649d	apps/desktop/vendor/drawio/img/lib/sap/SAP_Green_Token.svg
100644 blob 4034d152907a3378fffbee537c3a3d74874cfa1e	apps/desktop/vendor/drawio/img/lib/sap/SAP_HANA_Cloud.svg
100644 blob 73145234c1d854a7caa8d83a1cd2285a80b9731e	apps/desktop/vendor/drawio/img/lib/sap/SAP_HANA_Spatial_Services.svg
100644 blob 0ad85bbbf45247912883ed9638233c488222831c	apps/desktop/vendor/drawio/img/lib/sap/SAP_Health_Data_Services_for_FHIR.svg
100644 blob 416b117cdd29c023c9cc476cbaa29ed9f48cb3b9	apps/desktop/vendor/drawio/img/lib/sap/SAP_Integration_Suite.svg
100644 blob 8997c482d2035bd66b440807ee746a7eb1b059f5	apps/desktop/vendor/drawio/img/lib/sap/SAP_Integration_Suite_-_API_Managment.svg
100644 blob ba964c67e790f6c21b5c0298635085c5aaa9e14c	apps/desktop/vendor/drawio/img/lib/sap/SAP_Integration_Suite_-_Advanced_Event_Mesh.svg
100644 blob 098b878a448286b3a5297974159fba37cb295746	apps/desktop/vendor/drawio/img/lib/sap/SAP_Integration_Suite_-_Cloud_Integration.svg
100644 blob 24af44f3759cc189744d9c2d074895c43cfef410	apps/desktop/vendor/drawio/img/lib/sap/SAP_Integration_Suite_-_Data_Space_Integration.svg
100644 blob 3330c35a1480d93a9e1c51f1373e3eaa54a63b85	apps/desktop/vendor/drawio/img/lib/sap/SAP_Integration_Suite_-_Event_Mesh.svg
100644 blob 65a3212d4ea1e51cc4caeda60083008b6e5e789f	apps/desktop/vendor/drawio/img/lib/sap/SAP_Integration_Suite_-_Integration_Advisor.svg
100644 blob d4cb798c5fc7f4bab3fc03631c6dce635c2f9aaa	apps/desktop/vendor/drawio/img/lib/sap/SAP_Integration_Suite_-_Integration_Assessment.svg
100644 blob 4769754dac338e8865dea782d24f8b4a8b5aeb17	apps/desktop/vendor/drawio/img/lib/sap/SAP_Integration_Suite_-_Migration_Assessment.svg
100644 blob 40913b303acffd9e0154a0d27f0cf893a08ee9bc	apps/desktop/vendor/drawio/img/lib/sap/SAP_Integration_Suite_-_Open_Connectors.svg
100644 blob 5f2a88ef9eed52c95a0d7390d33874faae16f00e	apps/desktop/vendor/drawio/img/lib/sap/SAP_Integration_Suite_-_SAP_Graph.svg
100644 blob e72e12b78096130b1e211faf07bc55fdf4d3da3b	apps/desktop/vendor/drawio/img/lib/sap/SAP_Integration_Suite_-_Trading_Partner_Management.svg
100644 blob cba6acbe8e1b2cb7aa2d3ac2daf27c2b9670d35c	apps/desktop/vendor/drawio/img/lib/sap/SAP_Job_Scheduling_service.svg
100644 blob 963d462451deebe554bedd135da8041ff418fac4	apps/desktop/vendor/drawio/img/lib/sap/SAP_Keystore_Service.svg
100644 blob b85d047084ea958c4804fe21d1192a26f2131788	apps/desktop/vendor/drawio/img/lib/sap/SAP_Landscape_Management_Cloud.svg
100644 blob 2a230f53b1b57e39a0b479d9fea6598ed1d97304	apps/desktop/vendor/drawio/img/lib/sap/SAP_Logo.svg
100644 blob 03d5adc7f9749bee7c4ed1f5464ef705e027a3c9	apps/desktop/vendor/drawio/img/lib/sap/SAP_Master_Data_Governance.svg
100644 blob bb14abe0902bccc744897f1eb1772fe00579e8a9	apps/desktop/vendor/drawio/img/lib/sap/SAP_Master_Data_Integration.svg
100644 blob e3b9dfe3d440b19c7364f4f6c927bbb45c332bbd	apps/desktop/vendor/drawio/img/lib/sap/SAP_Mobile_Services.svg
100644 blob af5560a894e7956b56f673157aa4e77d1fc5f93a	apps/desktop/vendor/drawio/img/lib/sap/SAP_Monitoring_service_for_SAP_BTP.svg
100644 blob de27960899c739a80f284b10a137199d86b46640	apps/desktop/vendor/drawio/img/lib/sap/SAP_Omnichannel_Promotion_Pricing.svg
100644 blob ca0fd0395f5da78779e53b8654add1c50480981b	apps/desktop/vendor/drawio/img/lib/sap/SAP_PKI_Certificate_Service.svg
100644 blob 830466dbc136835ebd881cf6d7ed32c555851349	apps/desktop/vendor/drawio/img/lib/sap/SAP_Persistence_Service_ASE.svg
100644 blob 341c2995b4a0cff1f5e0f13a4d22c0d160351ae2	apps/desktop/vendor/drawio/img/lib/sap/SAP_Personal_Data_Manager.svg
100644 blob ff31b28030646e5e2c3ba8225c6e63e67e8099fc	apps/desktop/vendor/drawio/img/lib/sap/SAP_Private_Link_service.svg
100644 blob a182dc81bbce361abc0d4854dd29dfffa43ee142	apps/desktop/vendor/drawio/img/lib/sap/SAP_Project_and_Resource_Management.svg
100644 blob 8a818afbea06057089f1ce77ab0b7b4a09c80dc7	apps/desktop/vendor/drawio/img/lib/sap/SAP_Responsibility_Management_Service.svg
100644 blob 079233962460fbe8c20db9b3fe9ef45bb661d43a	apps/desktop/vendor/drawio/img/lib/sap/SAP_S4HANA_Cloud_for_Intelligent_Intercompany_Reconciliation.svg
100644 blob d0e4b686f5aa9dc6c15eccfc55b6dde531578353	apps/desktop/vendor/drawio/img/lib/sap/SAP_S4HANA_for_MS_Teams.svg
100644 blob 8d05f7cd67c234e4cf6d27689408d392eb008d38	apps/desktop/vendor/drawio/img/lib/sap/SAP_Secure_Login_Service_for_SAP_GUI.svg
100644 blob c67ee4c60a921c1e20721ebb5c79f942f728f230	apps/desktop/vendor/drawio/img/lib/sap/SAP_Service_Manager.svg
100644 blob 429cee6bbe608a8aaf738f339fd4f8e2926bcb46	apps/desktop/vendor/drawio/img/lib/sap/SAP_Software_as_a_Service_Provisioning_Service.svg
100644 blob 0c08606e4a1fa1edab2526f2afc3103c4ca05f2c	apps/desktop/vendor/drawio/img/lib/sap/SAP_Solution_Lifecycle_Management_Service.svg
100644 blob cf6d0f9f139cd1c4b180dad2826a0ea77ffbe5fe	apps/desktop/vendor/drawio/img/lib/sap/SAP_Sustainability_Data_Exchange.svg
100644 blob d56e579ab9cff813f526b86b7b6a2408df0598f8	apps/desktop/vendor/drawio/img/lib/sap/SAP_Task_Center.svg
100644 blob a6c770e0ac475c22ab5887468fd74fe58536b507	apps/desktop/vendor/drawio/img/lib/sap/SAP_Translation_Hub.svg
100644 blob 0b6e13b04e86a2f1a4e4d0da84c874a03564b8c5	apps/desktop/vendor/drawio/img/lib/sap/SAP_Variant_Configuration_and_Pricing.svg
100644 blob 3dbccd489e2923c02944e3df5b2d63b230e6ff3e	apps/desktop/vendor/drawio/img/lib/sap/SAP_Watch_List_Screening.svg
100644 blob e3f2aac963414953113229af59b4e929f1268a9d	apps/desktop/vendor/drawio/img/lib/sap/Service_Ticket_Intelligence.svg
100644 blob 0314e6821aa5031eca7671a1e124dc6d4b9929fa	apps/desktop/vendor/drawio/img/lib/sap/Service_Ticket_Intelligence2.svg
100644 blob d1ff4d9acd91fc379f02066ab7f305c42d8faa40	apps/desktop/vendor/drawio/img/lib/sap/Settings.svg
100644 blob b61ab9fde84a1c48cc24189e63f35e874fc290e4	apps/desktop/vendor/drawio/img/lib/sap/Success.svg
100644 blob 7542db2767d679428cdefa8bb512291bb6da3c07	apps/desktop/vendor/drawio/img/lib/sap/Third_Party.svg
100644 blob 9b67789e120b879c9be3a0163f05115da6839d9a	apps/desktop/vendor/drawio/img/lib/sap/UI5_flexibility_for_key_users.svg
100644 blob ca3f2d08177fd943c8e9ab421fa08a082af25ae6	apps/desktop/vendor/drawio/img/lib/sap/UI_Theme_Designer.svg
100644 blob 00ba77fa1bb4415b97725e2101f1771e9497e8b0	apps/desktop/vendor/drawio/img/lib/sap/User.svg
100644 blob bfa151398ccbf6e5e63b72243472315aadb90f1d	apps/desktop/vendor/drawio/img/lib/sap/Web.svg
100644 blob f6352a04552a006ec45898857643081b72604e45	apps/desktop/vendor/drawio/img/networking/Bridge_128x128.png
100644 blob 672cef5b08324f736de48203ababa0ed5fb22631	apps/desktop/vendor/drawio/img/networking/Certificate_128x128.png
100644 blob f6e5f98c18446c3128cb23e557ef504aa3dd00c0	apps/desktop/vendor/drawio/img/networking/Certificate_Off_128x128.png
100644 blob 59944f732b0b7ae8cfaec85fd6c2a98f23e6a770	apps/desktop/vendor/drawio/img/networking/Cloud_128x128.png
100644 blob 1bc057395006349d14ed63dc584c2f0561397582	apps/desktop/vendor/drawio/img/networking/Cloud_Computer_128x128.png
100644 blob 89515ee94654093c3105089f9a9cc5bd4f45a92d	apps/desktop/vendor/drawio/img/networking/Cloud_Computer_Private_128x128.png
100644 blob 39b8357785db09f94a9b6f876b4975830f97e3da	apps/desktop/vendor/drawio/img/networking/Cloud_Rack_128x128.png
100644 blob 9eff7cc79801d9d40e4febab80bb178db1abcb87	apps/desktop/vendor/drawio/img/networking/Cloud_Rack_Private_128x128.png
100644 blob ca74984bc06873cd2a7ab66ccdf7c351bd0eb330	apps/desktop/vendor/drawio/img/networking/Cloud_Server_128x128.png
100644 blob 0703f49164deb51e4e1ff2a9621cea974fe16fc4	apps/desktop/vendor/drawio/img/networking/Cloud_Server_Private_128x128.png
100644 blob 22658fbeafbbc2bbe5ad270702ab3b97dddd58a9	apps/desktop/vendor/drawio/img/networking/Cloud_Storage_128x128.png
100644 blob 5e4f7dc4da90e8fac89daf6d485594f830029fe1	apps/desktop/vendor/drawio/img/networking/Concentrator_128x128.png
100644 blob 2abd9885ac82672ab283c8fdc1bd8c5d7a7c25f5	apps/desktop/vendor/drawio/img/networking/Data_Filtering_128x128.png
100644 blob cd8608b98cdc1e19f5ec510d47e2cba5b13bad9e	apps/desktop/vendor/drawio/img/networking/Database_128x128.png
100644 blob 3722775dd1086e32f825e282c06b78e527624c69	apps/desktop/vendor/drawio/img/networking/Database_Add_128x128.png
100644 blob 0494e1fb4558268fc239d1b90aad263654112b8c	apps/desktop/vendor/drawio/img/networking/Database_Minus_128x128.png
100644 blob db5b3e91ec5c406210b031b283964791b703ca0c	apps/desktop/vendor/drawio/img/networking/Database_Move_Stack_128x128.png
100644 blob 9451103eadb2e1ec0e1c452f5dbc8bc7f979a6db	apps/desktop/vendor/drawio/img/networking/Database_Remove_128x128.png
100644 blob cb481b71673779e66aa79a47bc58f09795cf68dc	apps/desktop/vendor/drawio/img/networking/Email_128x128.png
100644 blob 2bfc40c599081291318f4a9fc541644fed548a92	apps/desktop/vendor/drawio/img/networking/Firewall-page1_128x128.png
100644 blob a2739ea355130c6a20a6f1755b4049419cc7ec76	apps/desktop/vendor/drawio/img/networking/Firewall_02_128x128.png
100644 blob ff20288aed1eb3dbe2c10a5c06c92d491268af22	apps/desktop/vendor/drawio/img/networking/Firewall_128x128.png
100644 blob 1331dd4fb8a7194660b4f1b94eac12c55a9ac4b9	apps/desktop/vendor/drawio/img/networking/Ip_Camera_128x128.png
100644 blob 49d72f5d8c73d13cbf14b629e359cfe24b3a9eff	apps/desktop/vendor/drawio/img/networking/Mainframe_128x128.png
100644 blob 95d7255cbd2ed9e810b6ecccbd4683ce5857d940	apps/desktop/vendor/drawio/img/networking/Modem_128x128.png
100644 blob 49a39fc2f3baeea7ed8d2f82e61e0ce1d1519676	apps/desktop/vendor/drawio/img/networking/Print_Server_128x128.png
100644 blob 76141a1a0cf9fb82ea038fa77c92fc61eba7f507	apps/desktop/vendor/drawio/img/networking/Print_Server_Wireless_128x128.png
100644 blob 3a1516ba5007bfe2dafc673d1e23e0cab2e18a04	apps/desktop/vendor/drawio/img/networking/Repeater_128x128.png
100644 blob 855951e6f9e29a6d6828f971224815f6c9a8d01c	apps/desktop/vendor/drawio/img/networking/Router_128x128.png
100644 blob 546081b8b0d938805da2fd2611fb4309705e1801	apps/desktop/vendor/drawio/img/networking/Router_Icon_128x128.png
100644 blob f87b966445d3615bb0113454393b063f36509cb6	apps/desktop/vendor/drawio/img/networking/Server_128x128.png
100644 blob 3afc9bfab529adae753c23b21f22261021684ad5	apps/desktop/vendor/drawio/img/networking/Server_Rack_128x128.png
100644 blob 05204cb32d7690684862274e0967c080ef1a372e	apps/desktop/vendor/drawio/img/networking/Server_Rack_Empty_128x128.png
100644 blob 07b140a143e3bb2fc55f9c4f05a6b2db941306bc	apps/desktop/vendor/drawio/img/networking/Server_Rack_Partial_128x128.png
100644 blob 45b921c88c8ee0153a0639bebaab6a0b63be7567	apps/desktop/vendor/drawio/img/networking/Switch_128x128.png
100644 blob 3581d705f66fcffea91791e2304db8a8be9d606b	apps/desktop/vendor/drawio/img/networking/UPS_128x128.png
100644 blob 7453825c8e148f4b6f4c390530dd0c0f876f74dd	apps/desktop/vendor/drawio/img/networking/Wireless_Router_128x128.png
100644 blob 8da4b53037424b8f6dfe6b33739e09da95b4c2db	apps/desktop/vendor/drawio/img/networking/Wireless_Router_N_128x128.png
100644 blob af9a4b3b058b07116dfdfd1fd585048986c5a839	apps/desktop/vendor/drawio/img/networking/power_distribution_unit_128x128.png
100644 blob 1a9810f9927abc335d0700a9454d6d490ecca66d	apps/desktop/vendor/drawio/img/people/Construction_Worker_Man_128x128.png
100644 blob 80ab364d8c40b895095ed35a406218cd0414a208	apps/desktop/vendor/drawio/img/people/Construction_Worker_Man_Black_128x128.png
100644 blob 5b962774cb7ac7da349ab9b144ca1c4dab818e23	apps/desktop/vendor/drawio/img/people/Construction_Worker_Woman_128x128.png
100644 blob 2defcbb9d435be0aa346242ff1cc37f01a6c5162	apps/desktop/vendor/drawio/img/people/Construction_Worker_Woman_Black_128x128.png
100644 blob 64c37617d9113149c44dd48f8a112f1ead29986e	apps/desktop/vendor/drawio/img/people/Doctor_Man_128x128.png
100644 blob 18c80a6ceae141f816592a919dad83e5dd4a8006	apps/desktop/vendor/drawio/img/people/Doctor_Man_Black_128x128.png
100644 blob ddf03dda47198e91aa737c30b5e72215caff9bd0	apps/desktop/vendor/drawio/img/people/Doctor_Woman_128x128.png
100644 blob bd7406ed9530db866b581368ab03e95dd3a2da31	apps/desktop/vendor/drawio/img/people/Doctor_Woman_Black_128x128.png
100644 blob 530f402a23969e8a05a5d5052e8303d6a39130c8	apps/desktop/vendor/drawio/img/people/Farmer_Man_128x128.png
100644 blob c5ca43a4e25978b28390b19b2bed568fae83f33e	apps/desktop/vendor/drawio/img/people/Farmer_Man_Black_128x128.png
100644 blob a8894d407314d5c9717eb822c0ecc8f26309a268	apps/desktop/vendor/drawio/img/people/Farmer_Woman_128x128.png
100644 blob 31d3bf846df2beaaa7196cbf3afee629ad79fae6	apps/desktop/vendor/drawio/img/people/Farmer_Woman_Black_128x128.png
100644 blob 95a4fdcaf166b47ab395c7dae6f349f3b9d62406	apps/desktop/vendor/drawio/img/people/Military_Officer_128x128.png
100644 blob 1abde81265edbbe9348c44a6eb09a6a6aabafde4	apps/desktop/vendor/drawio/img/people/Military_Officer_Black_128x128.png
100644 blob 05a9d57ec596ac128c45c8f685dba15311fe9740	apps/desktop/vendor/drawio/img/people/Military_Officer_Woman_128x128.png
100644 blob f6f92012d709ba4ecc739996ec955518d9523927	apps/desktop/vendor/drawio/img/people/Military_Officer_Woman_Black_128x128.png
100644 blob 8f237d9a2b59a5367747b301800dc87bda8b397b	apps/desktop/vendor/drawio/img/people/Nurse_Man_128x128.png
100644 blob fd38a87db1f0fd821864b1b580ade7b23813bc4d	apps/desktop/vendor/drawio/img/people/Nurse_Man_Black_128x128.png
100644 blob 9320c90777cc446c4be0ce93320a166fd01ef18f	apps/desktop/vendor/drawio/img/people/Nurse_Man_Green_128x128.png
100644 blob c350a8d5da900d87b7f0f3692ed448858d61209f	apps/desktop/vendor/drawio/img/people/Nurse_Man_Red_128x128.png
100644 blob ec0cc5dd2d44ab5369fd6cb7e0bec07c81e823ea	apps/desktop/vendor/drawio/img/people/Nurse_Woman_128x128.png
100644 blob 848630adbed673fb6ba3552868180c2dcf463c1e	apps/desktop/vendor/drawio/img/people/Nurse_Woman_Black_128x128.png
100644 blob 9ef83e366e2b47b5ce5ca76cb2d698513b67e446	apps/desktop/vendor/drawio/img/people/Nurse_Woman_Green_128x128.png
100644 blob 9e86a71c08c578921c395177fba9e2d0ebb292cc	apps/desktop/vendor/drawio/img/people/Nurse_Woman_Red_128x128.png
100644 blob 98ca515472c843081ee76383df29ea1512aa3558	apps/desktop/vendor/drawio/img/people/Pilot_Man_128x128.png
100644 blob 30d6f2823835f80ce4d9d8931efda150d13bc964	apps/desktop/vendor/drawio/img/people/Pilot_Man_Black_128x128.png
100644 blob 0540d457ab30513f3276188417381b0e9df5bd25	apps/desktop/vendor/drawio/img/people/Pilot_Woman_128x128.png
100644 blob 5d8d42070431c4446ed0ec097013e3aec67c5dcd	apps/desktop/vendor/drawio/img/people/Pilot_Woman_Black_128x128.png
100644 blob bdad67d92ee94c8af638a400203a90bb5d6b3f94	apps/desktop/vendor/drawio/img/people/Scientist_Man_128x128.png
100644 blob b99698cde7714c79bb1dd9b584d238fb66ce3f02	apps/desktop/vendor/drawio/img/people/Scientist_Man_Black_128x128.png
100644 blob ae2a944ab35a492a51c77b75bcfb73c4b58daaaf	apps/desktop/vendor/drawio/img/people/Scientist_Woman_128x128.png
100644 blob 278a5aa80a782f78cd84dd0bc9330ed7e80bc828	apps/desktop/vendor/drawio/img/people/Scientist_Woman_Black_128x128.png
100644 blob e2e56c524d580f181c189c55b4bcbb8db9e3a397	apps/desktop/vendor/drawio/img/people/Security_Man_128x128.png
100644 blob e7aa6c1003521c6b5925ba8ce6075cdb327b66a8	apps/desktop/vendor/drawio/img/people/Security_Man_Black_128x128.png
100644 blob a63b7f165bbe84a1852f8f7ec0ebce4b9691745d	apps/desktop/vendor/drawio/img/people/Security_Woman_128x128.png
100644 blob 1fc0ea782b5b316455d4542ac87c57d0d86dbe94	apps/desktop/vendor/drawio/img/people/Security_Woman_Black_128x128.png
100644 blob 378e06554ad3d2ba2278738b4057559b41a0070c	apps/desktop/vendor/drawio/img/people/Soldier_128x128.png
100644 blob 37018cd55b2f5ecff307d987605f30533d254378	apps/desktop/vendor/drawio/img/people/Soldier_Black_128x128.png
100644 blob 3168101a067280f042cde5fc14eef0afabe3ae41	apps/desktop/vendor/drawio/img/people/Suit_Man_128x128.png
100644 blob 439e47f905f54c773853156d040c9ab9d57f054a	apps/desktop/vendor/drawio/img/people/Suit_Man_Black_128x128.png
100644 blob 7912a90642772a82aa9511f8ab07d045daf80a94	apps/desktop/vendor/drawio/img/people/Suit_Man_Blue_128x128.png
100644 blob 2a3636ca237eb5f53422788be4069cf5f4d76375	apps/desktop/vendor/drawio/img/people/Suit_Man_Green_128x128.png
100644 blob 574b1a056ce8233ac21daec250a4321efd2461fa	apps/desktop/vendor/drawio/img/people/Suit_Man_Green_Black_128x128.png
100644 blob 341b2ec30c3536e811a7a16bdb9d48e2d543c636	apps/desktop/vendor/drawio/img/people/Suit_Woman_128x128.png
100644 blob f4d087b26f8f9bf77193a299d06edbd9fc29eba2	apps/desktop/vendor/drawio/img/people/Suit_Woman_Black_128x128.png
100644 blob c3b5d4990613ad29b6a27b9e50077e7d1ea7a85b	apps/desktop/vendor/drawio/img/people/Suit_Woman_Blue_128x128.png
100644 blob 202b187148b05b86c6303d0cf15250a1efc8c685	apps/desktop/vendor/drawio/img/people/Suit_Woman_Green_128x128.png
100644 blob caaec7e6e937af85b9158156ad05b0286ef4d350	apps/desktop/vendor/drawio/img/people/Suit_Woman_Green_Black_128x128.png
100644 blob 98c46b12d248111b5d7a05f9451bef106242315c	apps/desktop/vendor/drawio/img/people/Tech_Man_128x128.png
100644 blob 6666cbffb9d37503548c70397c4df3deb1aed321	apps/desktop/vendor/drawio/img/people/Tech_Man_Black_128x128.png
100644 blob 0df7ba34854324f0879cb4fc2705afd27cf385bb	apps/desktop/vendor/drawio/img/people/Telesales_Man_128x128.png
100644 blob a720883a54093d83888609243f15a82b3e5b53cd	apps/desktop/vendor/drawio/img/people/Telesales_Man_Black_128x128.png
100644 blob c16660d0e86a1fa1a78b755bb99e4f319d0b8f35	apps/desktop/vendor/drawio/img/people/Telesales_Woman_128x128.png
100644 blob a364fcae40a8f040047e1d8c269827915ecc3e32	apps/desktop/vendor/drawio/img/people/Telesales_Woman_Black_128x128.png
100644 blob 0d28098ead8a511dd1eda223ca17246d30ec60f7	apps/desktop/vendor/drawio/img/people/Waiter_128x128.png
100644 blob 09473f122434eda71d8c913ec8314ad9b35811de	apps/desktop/vendor/drawio/img/people/Waiter_Black_128x128.png
100644 blob 7c97798a2074fb021bd62cbfbc0c7468fd3cf8f6	apps/desktop/vendor/drawio/img/people/Waiter_Woman_128x128.png
100644 blob fba992eb31589442b7077a3e3597773f1cd917e8	apps/desktop/vendor/drawio/img/people/Waiter_Woman_Black_128x128.png
100644 blob 294dfdb51bde985f3b6e8acae7203d6bafcf96a6	apps/desktop/vendor/drawio/img/people/Worker_Black_128x128.png
100644 blob ef507dda67304c0dda1b239879fc4567779a059d	apps/desktop/vendor/drawio/img/people/Worker_Man_128x128.png
100644 blob 266c44acca8f56b2ad04908be7225b53c84e741f	apps/desktop/vendor/drawio/img/people/Worker_Woman_128x128.png
100644 blob a1f5b5bb366041238408a2d40d44ab04a521ac1d	apps/desktop/vendor/drawio/img/people/Worker_Woman_Black_128x128.png
100644 blob 85e95ab90a2029fe9e56970abe28d16be5b4080e	apps/desktop/vendor/drawio/img/telecommunication/Battery_0_128x128.png
100644 blob d573e09b33356293e5af9c6ed61904bf64b5dceb	apps/desktop/vendor/drawio/img/telecommunication/Battery_100_128x128.png
100644 blob a94dff1fdac455472bf4ec9ba3955d58a2e91897	apps/desktop/vendor/drawio/img/telecommunication/Battery_50_128x128.png
100644 blob 0058dfc7284fcd2cc2e2798e769396ff5c75cbd2	apps/desktop/vendor/drawio/img/telecommunication/Battery_75_128x128.png
100644 blob 169fec38ae7aea4426980b2c21b7ef49a7b2eb9c	apps/desktop/vendor/drawio/img/telecommunication/Battery_allstates_128x128.png
100644 blob 696bf3b0f09490843e909180327a69d0309a595c	apps/desktop/vendor/drawio/img/telecommunication/BlackBerry_128x128.png
100644 blob 8b3c50143321775bae075fffe80de95599a6b39d	apps/desktop/vendor/drawio/img/telecommunication/Cellphone_128x128.png
100644 blob 5c4b351383af2f9398fad4aebda7a2d43b9422b1	apps/desktop/vendor/drawio/img/telecommunication/HTC_smartphone_128x128.png
100644 blob 9a803e45a42a583a3c3a380d10dd1d1a12f69ccb	apps/desktop/vendor/drawio/img/telecommunication/Palm_Treo_128x128.png
100644 blob dd309ce070b76148acc59da13f4183c44b916af0	apps/desktop/vendor/drawio/img/telecommunication/Signal_tower_off_128x128.png
100644 blob 3a575a3ad5b15a8914d591977944e8dd5983cb34	apps/desktop/vendor/drawio/img/telecommunication/Signal_tower_on_128x128.png
100644 blob 1403a7f4705523998e8ba33ebf93d2220e9cf0d0	apps/desktop/vendor/drawio/img/telecommunication/iPhone_128x128.png
100644 blob fabef1177712387495be850050a0998e53e85b19	apps/desktop/vendor/drawio/index.html
100644 blob 4abb8a8866190f86e199c211582223f487cad1d7	apps/desktop/vendor/drawio/js/PostConfig.js
100644 blob 6ccc3ca46c24a0e5959e5af452db36b2c72123d0	apps/desktop/vendor/drawio/js/PreConfig.js
100644 blob 2c77496df445f78e669b5b3fb7f33f32e44a4512	apps/desktop/vendor/drawio/js/app.min.js
100644 blob 11e77af4774f9dbce3e475f1111453f71fa4d5e1	apps/desktop/vendor/drawio/js/bootstrap.js
100644 blob 519a77709cca955b90ed20e508c1f99a186e3451	apps/desktop/vendor/drawio/js/clear.js
100644 blob 21edec3671ec58eb60c0331cc2736287e6860b06	apps/desktop/vendor/drawio/js/elk/drawio-elk.min.js
100644 blob 6b2eaf78c90781ddddc84bb069344442807f99f7	apps/desktop/vendor/drawio/js/embed.dev.js
100644 blob 4caa83667b98fd9c844cf0d46d2499f3ec237d2e	apps/desktop/vendor/drawio/js/export-init.js
100644 blob 509423039148cbd7c6447736947e0a36d838000c	apps/desktop/vendor/drawio/js/export.js
100644 blob 8d09ed0fd02a1e31c666c6be4b2d7723cffc8e7a	apps/desktop/vendor/drawio/js/extensions.min.js
100644 blob 089f3be98c00d7cabc2c0ac558a4daef434331c8	apps/desktop/vendor/drawio/js/integrate.min.js
100644 blob d37312ecf7ef68e162b5337b4b1a5b515e1db6d4	apps/desktop/vendor/drawio/js/libavoid-js/CLAUDE.md
100644 blob b885a535c6e8726d4ccc275bd1c36bfaad726a1e	apps/desktop/vendor/drawio/js/libavoid-js/LICENSE
100644 blob f2e3bd18390fd2d5316cb284c7f715c00bd8b69d	apps/desktop/vendor/drawio/js/libavoid-js/README.md
100644 blob cbc4e2d8932eaf4878b404f23666a73c601aed5a	apps/desktop/vendor/drawio/js/libavoid-js/libavoid-routing.js
100644 blob d0d52032bd62b7eebc68dbc67d4db6346c9eb400	apps/desktop/vendor/drawio/js/libavoid-js/libavoid.min.js
100644 blob def905177bae2e2ef5ebe1b651a40747b76388d3	apps/desktop/vendor/drawio/js/main.js
100644 blob f4485e1007686ab584adaaa8c7709c8ece396f41	apps/desktop/vendor/drawio/js/math-print.js
100644 blob 352348592bbb3a6cbd47a3cc6dc0837aa0243dc7	apps/desktop/vendor/drawio/js/mermaid/drawio-mermaid.min.js
100644 blob 790aa40014308fc9989aaeb1a22be6d556052978	apps/desktop/vendor/drawio/js/open.js
100644 blob 3fa7d7cd962470b6a3352fd8e2d0d9608d9066ea	apps/desktop/vendor/drawio/js/orgchart.min.js
100644 blob ac355f40fa9cfd8052f647e00ac877830c866769	apps/desktop/vendor/drawio/js/plantuml/drawio-plantuml.min.js
100644 blob 1436ae171e253ae901ddbf95b63a28afbeb7889b	apps/desktop/vendor/drawio/js/shapes-14-6-5.min.js
100644 blob 293359fbb4ad6e245a8a6935114f18a4026e379c	apps/desktop/vendor/drawio/js/stencils.min.js
100644 blob 4e664b6c08d26a07919bbbaa5af4c015a9082bae	apps/desktop/vendor/drawio/js/viewer-static.min.js
100644 blob fdebf03351ff2dc1b9d1bb5c46ec4700f61c4720	apps/desktop/vendor/drawio/js/viewer.min.js
100644 blob a4382796b7f759ad0a0fdeda29c52cfd82052ed4	apps/desktop/vendor/drawio/js/vsdxImporter.js
100644 blob 1566cfc79ed2c2c837da1b4ac844dc526c4ea710	apps/desktop/vendor/drawio/math4/es5/core.js
100644 blob 6179ddce9c8c0b9ea9d047ed48a88a74d7c6b4b2	apps/desktop/vendor/drawio/math4/es5/fonts/mathjax-bbm-font-extension/chtml.js
100644 blob e26b31f222d3a0531113d364a6cdb14a98be3d61	apps/desktop/vendor/drawio/math4/es5/fonts/mathjax-bbm-font-extension/chtml/woff2/mjx-mb-bb.woff2
100644 blob deee4cc39cc81514844e0f082e34989122629933	apps/desktop/vendor/drawio/math4/es5/fonts/mathjax-bbm-font-extension/chtml/woff2/mjx-mb-bm.woff2
100644 blob b3caffb65f1651a77aa95ec8ee625b6be40d1e98	apps/desktop/vendor/drawio/math4/es5/fonts/mathjax-bbm-font-extension/chtml/woff2/mjx-mb-bn.woff2
100644 blob de71ed7c2eafb355f7c3e501ab18395e735eda3b	apps/desktop/vendor/drawio/math4/es5/fonts/mathjax-bbm-font-extension/chtml/woff2/mjx-mb-bss.woff2
100644 blob 856327c259ed098677be1671d4422f1e88fd23d7	apps/desktop/vendor/drawio/math4/es5/fonts/mathjax-bbm-font-extension/chtml/woff2/mjx-mb-bssb.woff2
100644 blob 8f10ce7a1ffce61ab6304ab72d52454215c017e9	apps/desktop/vendor/drawio/math4/es5/fonts/mathjax-bbm-font-extension/svg.js
100644 blob 56aa13d8fad84d4bd87bd48226706533d3974e9b	apps/desktop/vendor/drawio/math4/es5/fonts/mathjax-bboldx-font-extension/chtml.js
100644 blob 58f336ba2cda1707a08933e2bd1470f939e85b8c	apps/desktop/vendor/drawio/math4/es5/fonts/mathjax-bboldx-font-extension/chtml/woff2/mjx-mb-bb.woff2
100644 blob bad773d0b57f6f8fb6d56f811f2c3ddd9d667cae	apps/desktop/vendor/drawio/math4/es5/fonts/mathjax-bboldx-font-extension/chtml/woff2/mjx-mb-bbb.woff2
100644 blob f7efd6d64b6250aedccd3fec52dadfb7d9d9349b	apps/desktop/vendor/drawio/math4/es5/fonts/mathjax-bboldx-font-extension/chtml/woff2/mjx-mb-blb.woff2
100644 blob 86614fb43324e591f0fc403c0dd3bcaec2917f7d	apps/desktop/vendor/drawio/math4/es5/fonts/mathjax-bboldx-font-extension/svg.js
100644 blob ebff563ae25705efb90bd5d9e7438d12a54ba305	apps/desktop/vendor/drawio/math4/es5/fonts/mathjax-dsfont-font-extension/chtml.js
100644 blob 8e717282b0819bf4996af451014ff76ea33d6788	apps/desktop/vendor/drawio/math4/es5/fonts/mathjax-dsfont-font-extension/chtml/woff2/mjx-md-dr.woff2
100644 blob ae595716a9bba50cd683ee28a83383f227a9dbc6	apps/desktop/vendor/drawio/math4/es5/fonts/mathjax-dsfont-font-extension/chtml/woff2/mjx-md-ds.woff2
100644 blob b6a062fe7b898ea7f5a353e6446c80aad936049d	apps/desktop/vendor/drawio/math4/es5/fonts/mathjax-dsfont-font-extension/svg.js
100644 blob 040f0a94b9097732d7540c4fba38a0c4e7794f13	apps/desktop/vendor/drawio/math4/es5/fonts/mathjax-mhchem-font-extension/chtml.js
100644 blob 978767187f4fad8653b81555de1a5429e6408472	apps/desktop/vendor/drawio/math4/es5/fonts/mathjax-mhchem-font-extension/chtml/woff2/mjx-mhc-m.woff2
100644 blob 7ce764e452a7cfa8ca1d7604d830b53ed1db7720	apps/desktop/vendor/drawio/math4/es5/fonts/mathjax-mhchem-font-extension/svg.js
100644 blob 882e7a2de90f17d9f72aebc4acdd98a53ca1d50d	apps/desktop/vendor/drawio/math4/es5/fonts/mathjax-tex-font/chtml.js
100644 blob 6e72e420732b1df69806d93ed064f3cd16510fee	apps/desktop/vendor/drawio/math4/es5/fonts/mathjax-tex-font/chtml/woff2/mjx-tex-b.woff2
100644 blob 0b7dc6bd3fd441ce55a1f502f8b38455236bbf65	apps/desktop/vendor/drawio/math4/es5/fonts/mathjax-tex-font/chtml/woff2/mjx-tex-bi.woff2
100644 blob 63ed17c42a35fe234368fed5731760cc871d5825	apps/desktop/vendor/drawio/math4/es5/fonts/mathjax-tex-font/chtml/woff2/mjx-tex-brk.woff2
100644 blob 065201858efa57ac5626e318b596f93d4c773067	apps/desktop/vendor/drawio/math4/es5/fonts/mathjax-tex-font/chtml/woff2/mjx-tex-c.woff2
100644 blob b85908b21cb0accc07786f79c99583b358076abe	apps/desktop/vendor/drawio/math4/es5/fonts/mathjax-tex-font/chtml/woff2/mjx-tex-cb.woff2
100644 blob 93b60bfe141035e51102b9a6ca11baccf5a19b18	apps/desktop/vendor/drawio/math4/es5/fonts/mathjax-tex-font/chtml/woff2/mjx-tex-f.woff2
100644 blob 04934b9848c6fabf469da7ae471ca7477752e0dc	apps/desktop/vendor/drawio/math4/es5/fonts/mathjax-tex-font/chtml/woff2/mjx-tex-fb.woff2
100644 blob a69cc4cfd57fbbda20b72c4aca3b3fe59584b1fd	apps/desktop/vendor/drawio/math4/es5/fonts/mathjax-tex-font/chtml/woff2/mjx-tex-i.woff2
100644 blob b05e7b81c2997737646154c268784e0146b973aa	apps/desktop/vendor/drawio/math4/es5/fonts/mathjax-tex-font/chtml/woff2/mjx-tex-lo.woff2
100644 blob 12a656c38893f611baa7c2c9d48a7e8ad8455aa7	apps/desktop/vendor/drawio/math4/es5/fonts/mathjax-tex-font/chtml/woff2/mjx-tex-m.woff2
100644 blob 9a79fca8be9e9f02397cbb152b03015e6970799c	apps/desktop/vendor/drawio/math4/es5/fonts/mathjax-tex-font/chtml/woff2/mjx-tex-mi.woff2
100644 blob 734f41d2c3636dfa70140d350611d39dbe44ea15	apps/desktop/vendor/drawio/math4/es5/fonts/mathjax-tex-font/chtml/woff2/mjx-tex-n.woff2
100644 blob 46c9f6e25831f29bb32c9b957223e58b03814d69	apps/desktop/vendor/drawio/math4/es5/fonts/mathjax-tex-font/chtml/woff2/mjx-tex-ob.woff2
100644 blob 8f5b871ec4326cb1a54d6ee0e40211b44fb02938	apps/desktop/vendor/drawio/math4/es5/fonts/mathjax-tex-font/chtml/woff2/mjx-tex-os.woff2
100644 blob ba96f1971613e0e721e4fbf1b5127c7250b6db68	apps/desktop/vendor/drawio/math4/es5/fonts/mathjax-tex-font/chtml/woff2/mjx-tex-s3.woff2
100644 blob 9ea8ee533560c0e6f350e727979ec60862c1310f	apps/desktop/vendor/drawio/math4/es5/fonts/mathjax-tex-font/chtml/woff2/mjx-tex-s4.woff2
100644 blob 3b99ab827a175bb7be9a3d039db150df8733e772	apps/desktop/vendor/drawio/math4/es5/fonts/mathjax-tex-font/chtml/woff2/mjx-tex-so.woff2
100644 blob 3b50d28532ad58d74c67c9d0dab76d47bb86cb24	apps/desktop/vendor/drawio/math4/es5/fonts/mathjax-tex-font/chtml/woff2/mjx-tex-ss.woff2
100644 blob 204583aee933fb6f3f579438d1f60d9ec41edd03	apps/desktop/vendor/drawio/math4/es5/fonts/mathjax-tex-font/chtml/woff2/mjx-tex-ssb.woff2
100644 blob 05ca7a7e3e3e972506c120a933a472f07cc038c7	apps/desktop/vendor/drawio/math4/es5/fonts/mathjax-tex-font/chtml/woff2/mjx-tex-ssi.woff2
100644 blob 5a94116a1db2cb0d4d668522cfc8d965d715aceb	apps/desktop/vendor/drawio/math4/es5/fonts/mathjax-tex-font/chtml/woff2/mjx-tex-v.woff2
100644 blob c4591a7ecbac3a1e516e5cae4c1bc952045991aa	apps/desktop/vendor/drawio/math4/es5/fonts/mathjax-tex-font/chtml/woff2/mjx-tex-zero.woff2
100644 blob 4108a3a51b26fa10332feac11ba42e3b86808dd2	apps/desktop/vendor/drawio/math4/es5/fonts/mathjax-tex-font/svg.js
100644 blob 2ee9727da7dc31fc4ba4f043247bdae387312161	apps/desktop/vendor/drawio/math4/es5/input/asciimath.js
100644 blob e8a0fb50f9bf1ea22ebe3a1f037466a120a37a68	apps/desktop/vendor/drawio/math4/es5/input/tex.js
100644 blob 02067215730159befa3e2034eb2ed633c9c2a1d0	apps/desktop/vendor/drawio/math4/es5/input/tex/extensions/action.js
100644 blob 5c6acad71d70957e39e2c1fb2343047788379025	apps/desktop/vendor/drawio/math4/es5/input/tex/extensions/amscd.js
100644 blob 9eb2ff64b6c71e6f2a703024eb0fc0ac88a8902f	apps/desktop/vendor/drawio/math4/es5/input/tex/extensions/bbm.js
100644 blob db907fe2c86bec23e8e492114fc67bc6657453ff	apps/desktop/vendor/drawio/math4/es5/input/tex/extensions/bboldx.js
100644 blob da7703e2bf2f5f722c5b901b37395fcfe6ea780e	apps/desktop/vendor/drawio/math4/es5/input/tex/extensions/bbox.js
100644 blob c5f9915c9d21a1ff8fd0e672d98a8d6d15272cfb	apps/desktop/vendor/drawio/math4/es5/input/tex/extensions/begingroup.js
100644 blob ab3b4734669ac1620e7ff63be5c0d7b849b9d0b9	apps/desktop/vendor/drawio/math4/es5/input/tex/extensions/boldsymbol.js
100644 blob 25f507a8ae9758b9b5a03279cc02758f986b81b8	apps/desktop/vendor/drawio/math4/es5/input/tex/extensions/braket.js
100644 blob 2dc0d09392c4b383731d11c52559b3642c7c41c7	apps/desktop/vendor/drawio/math4/es5/input/tex/extensions/bussproofs.js
100644 blob 1fcb20a565f08ea47e7a942bda2a2562a70bdfef	apps/desktop/vendor/drawio/math4/es5/input/tex/extensions/cancel.js
100644 blob cd89e35756b5b8bf0262c378816f4e43b30d9e73	apps/desktop/vendor/drawio/math4/es5/input/tex/extensions/cases.js
100644 blob 817faf189ca1cf3825e679446e8b335c64797a8b	apps/desktop/vendor/drawio/math4/es5/input/tex/extensions/centernot.js
100644 blob 1cc33bc8c7d80937aa899837f3ef63da1217c7a6	apps/desktop/vendor/drawio/math4/es5/input/tex/extensions/color.js
100644 blob 0b32b3ca10fb181cfc7eecbf4e5f6b2f11f8928b	apps/desktop/vendor/drawio/math4/es5/input/tex/extensions/colortbl.js
100644 blob d4626700451c4033ef87884cf92d40aeed0da341	apps/desktop/vendor/drawio/math4/es5/input/tex/extensions/dsfont.js
100644 blob ebb4ffc87bc725b2684d0d02b406eef66758bc00	apps/desktop/vendor/drawio/math4/es5/input/tex/extensions/empheq.js
100644 blob 508327da610107ccabf5d0a117360f08cf8f8dcf	apps/desktop/vendor/drawio/math4/es5/input/tex/extensions/enclose.js
100644 blob d6782eb23ba92b9385bcfd1e7fffce42ff07479f	apps/desktop/vendor/drawio/math4/es5/input/tex/extensions/extpfeil.js
100644 blob ce94759473847fa47f77bf3f1e10f688e5b1c384	apps/desktop/vendor/drawio/math4/es5/input/tex/extensions/gensymb.js
100644 blob 47fedf08285e9ae4d6f9981b329e1181599fce94	apps/desktop/vendor/drawio/math4/es5/input/tex/extensions/html.js
100644 blob faf114095c32da14c1929151420870becfb7eb24	apps/desktop/vendor/drawio/math4/es5/input/tex/extensions/mathtools.js
100644 blob 46dac374dc19068b92ca55888d849170676c495b	apps/desktop/vendor/drawio/math4/es5/input/tex/extensions/mhchem.js
100644 blob cd2a80fb15a2f0e65f4e7f1957d80a0f77b2c8a0	apps/desktop/vendor/drawio/math4/es5/input/tex/extensions/physics.js
100644 blob 342847cca478f2276d48046e6024c5b4d03352ab	apps/desktop/vendor/drawio/math4/es5/input/tex/extensions/textcomp.js
100644 blob 8690a01531837146c9e0984f4ba130da82c901d1	apps/desktop/vendor/drawio/math4/es5/input/tex/extensions/unicode.js
100644 blob ad0bae390b8cbd46c6fee191093915611226295f	apps/desktop/vendor/drawio/math4/es5/input/tex/extensions/units.js
100644 blob 94b588f8ec1668cd7a104dae62c7e1578111a61c	apps/desktop/vendor/drawio/math4/es5/input/tex/extensions/upgreek.js
100644 blob f29ca533809950123a6cbe2c7ab5113796a13bc9	apps/desktop/vendor/drawio/math4/es5/input/tex/extensions/verb.js
100644 blob 00ac7059686b04628e8f0eddd40995eadea370a3	apps/desktop/vendor/drawio/math4/es5/output/chtml.js
100644 blob ed6a4b302314f79f89fa104c9c2693a0fba34471	apps/desktop/vendor/drawio/math4/es5/output/svg.js
100644 blob 16eaff903a7aff389c5199771ae2b4e4d7d69589	apps/desktop/vendor/drawio/math4/es5/startup.js
100644 blob ee377a03ca5767eb9f365293e68180b44a0d083e	apps/desktop/vendor/drawio/math4/es5/ui/safe.js
100644 blob 0932d7eb8bffff4059aaf7653a6ade1ecf62b016	apps/desktop/vendor/drawio/mxgraph/css/common.css
100644 blob 50e704fe39edced5ae64bf5139d9c70f3d8c12b5	apps/desktop/vendor/drawio/mxgraph/css/explorer.css
100644 blob ad55cab610a0422be13288ace4cf717afaf613b3	apps/desktop/vendor/drawio/mxgraph/images/button.gif
100644 blob 1069e94bb6b8555de51a4a47b835d9d151277f97	apps/desktop/vendor/drawio/mxgraph/images/close.gif
100644 blob 0276444a611969e0437c83d0149e1481f89c77e8	apps/desktop/vendor/drawio/mxgraph/images/collapsed.gif
100644 blob 14e1aeefdafe909cc23679d4d6f5a86046c22da6	apps/desktop/vendor/drawio/mxgraph/images/error.gif
100644 blob 3767b0baf89b67f38419d22b279a65a00085ba57	apps/desktop/vendor/drawio/mxgraph/images/expanded.gif
100644 blob e27cf3e19f622e66991b11bf09f20bf15495ff78	apps/desktop/vendor/drawio/mxgraph/images/maximize.gif
100644 blob 1e95e7cae4027b7a102220aed8629fa2cf0c7bc8	apps/desktop/vendor/drawio/mxgraph/images/minimize.gif
100644 blob 34a8d302e7953ccd6e5af9a1f38866666c38ef43	apps/desktop/vendor/drawio/mxgraph/images/normalize.gif
100644 blob 9074c395f4e3f6c3db275d9ca0298e0f3fc3f6b5	apps/desktop/vendor/drawio/mxgraph/images/point.gif
100644 blob ff558dba03b55e1cf337c540d94722b5f72b7119	apps/desktop/vendor/drawio/mxgraph/images/resize.gif
100644 blob 5c1b89566807692c4e28c65b4ee33b4f42f4c9ba	apps/desktop/vendor/drawio/mxgraph/images/separator.gif
100644 blob 76040f2b09d80470ad0536404ead54c3dba51d8e	apps/desktop/vendor/drawio/mxgraph/images/transparent.gif
100644 blob 705235f95c6a58100385aa6b689d40dcf6803fe4	apps/desktop/vendor/drawio/mxgraph/images/warning.gif
100644 blob 2f7878964ce8fcad001eaf06e3a60c751b781437	apps/desktop/vendor/drawio/mxgraph/images/warning.png
100644 blob 231def8bb5a44af3708c65e26d9d4196c00e8c94	apps/desktop/vendor/drawio/mxgraph/images/window-title.gif
100644 blob 6631c4f5f20e1090fbbbfce38c873e26f6259c0c	apps/desktop/vendor/drawio/mxgraph/images/window.gif
100644 blob 7d6e6a0734e1528ff1851d92b233d68167da714a	apps/desktop/vendor/drawio/mxgraph/mxClient.js
100644 blob ca6042fba621eace8723088f22042b1bc2ebcf96	apps/desktop/vendor/drawio/mxgraph/src/handler/mxCellHighlight.js
100644 blob 5b1456b71111d36688e3713aac70580622218f62	apps/desktop/vendor/drawio/mxgraph/src/handler/mxCellMarker.js
100644 blob 849250b4d043cc2595eec2abb2c32a5b9035a75a	apps/desktop/vendor/drawio/mxgraph/src/handler/mxCellTracker.js
100644 blob d8ed6e1ace365641402d437031f52b86364a87c4	apps/desktop/vendor/drawio/mxgraph/src/handler/mxConnectionHandler.js
100644 blob e781d1b0ca4f04eefa599d201d1155fe61b47c33	apps/desktop/vendor/drawio/mxgraph/src/handler/mxConstraintHandler.js
100644 blob 30e2d1ef326b836bf5a40b5bc6fea833896eb58a	apps/desktop/vendor/drawio/mxgraph/src/handler/mxEdgeHandler.js
100644 blob 57973019fb740c820dccce68eaf039f869f537b0	apps/desktop/vendor/drawio/mxgraph/src/handler/mxEdgeSegmentHandler.js
100644 blob 3e8ada542631ce450b25b71eefd74b191c944fcf	apps/desktop/vendor/drawio/mxgraph/src/handler/mxElbowEdgeHandler.js
100644 blob eb759500515fc96584d1ffdd33b5204fffc03a9b	apps/desktop/vendor/drawio/mxgraph/src/handler/mxGraphHandler.js
100644 blob 3478cba675521e592d2f9146d3dc5aeda0f0d671	apps/desktop/vendor/drawio/mxgraph/src/handler/mxHandle.js
100644 blob 4fff1b9dba2a9f2cb99570699b3f208c82955617	apps/desktop/vendor/drawio/mxgraph/src/handler/mxKeyHandler.js
100644 blob 53df1158e8fae58047277e2f48ca2596549e03d3	apps/desktop/vendor/drawio/mxgraph/src/handler/mxPanningHandler.js
100644 blob c9985601150bbba3e18e136b43048542039d8af1	apps/desktop/vendor/drawio/mxgraph/src/handler/mxPopupMenuHandler.js
100644 blob 89ee1951f8c2779ab62f0599b51b2742e5b866a1	apps/desktop/vendor/drawio/mxgraph/src/handler/mxRubberband.js
100644 blob a326a70be0a75fb48bb80b71cf328e226ddf2cc1	apps/desktop/vendor/drawio/mxgraph/src/handler/mxSelectionCellsHandler.js
100644 blob 6d53604fac5a0b9dc35e52d6adb04e198a2ff7b9	apps/desktop/vendor/drawio/mxgraph/src/handler/mxTooltipHandler.js
100644 blob c0142735200ffd4f5b870a9e22f4c7faedfe402a	apps/desktop/vendor/drawio/mxgraph/src/handler/mxVertexHandler.js
100644 blob f3631d6a0d17292de40e940f6647ba09c0f53ea7	apps/desktop/vendor/drawio/mxgraph/src/index.txt
100644 blob 4501d7d0ffdd3500e1e007ce6a345197514ebd31	apps/desktop/vendor/drawio/mxgraph/src/io/mxCellCodec.js
100644 blob 27a043c43729a11b9d50346b88d5d44c626fc94d	apps/desktop/vendor/drawio/mxgraph/src/io/mxChildChangeCodec.js
100644 blob 32f481a208075cf95340938b8caeffff7aedf1ad	apps/desktop/vendor/drawio/mxgraph/src/io/mxCodec.js
100644 blob 10ef28a6b98e2e9ff091d98952759a77ee0f6f15	apps/desktop/vendor/drawio/mxgraph/src/io/mxCodecRegistry.js
100644 blob f6daa7afed9542cbeeaacb5f751c47b93167bb21	apps/desktop/vendor/drawio/mxgraph/src/io/mxGenericChangeCodec.js
100644 blob 8bf44baf197c3016ad4dd3d5295f49a67253c8b0	apps/desktop/vendor/drawio/mxgraph/src/io/mxGraphCodec.js
100644 blob 32307dc219c544fce584f3f5d6886c1cc4ecb19b	apps/desktop/vendor/drawio/mxgraph/src/io/mxGraphViewCodec.js
100644 blob 8ca1929d54926b9420764479c54ea20308040c57	apps/desktop/vendor/drawio/mxgraph/src/io/mxModelCodec.js
100644 blob 8c422ca7fca6f4298070a66df672f3897c285a04	apps/desktop/vendor/drawio/mxgraph/src/io/mxObjectCodec.js
100644 blob 8cc358e06f562934409743769598bb5e865abc35	apps/desktop/vendor/drawio/mxgraph/src/io/mxRootChangeCodec.js
100644 blob 0ee95652d7cb0dab0f7524823ef18fed41cdf31d	apps/desktop/vendor/drawio/mxgraph/src/io/mxStylesheetCodec.js
100644 blob c65cf312bed1dd663b2a5b74460cf9eb644abeb8	apps/desktop/vendor/drawio/mxgraph/src/io/mxTerminalChangeCodec.js
100644 blob a865fe6971d3d136cce298a8d89bd37a13af946c	apps/desktop/vendor/drawio/mxgraph/src/layout/hierarchical/model/mxGraphAbstractHierarchyCell.js
100644 blob 914f46f7a1b9670863ca34a688103b90123bc682	apps/desktop/vendor/drawio/mxgraph/src/layout/hierarchical/model/mxGraphHierarchyEdge.js
100644 blob ce85e3fbad824d59afcadc3bb345bf435a877133	apps/desktop/vendor/drawio/mxgraph/src/layout/hierarchical/model/mxGraphHierarchyModel.js
100644 blob 10ee5eccc83152cd2fda0d9be4fc15f3f4c2977a	apps/desktop/vendor/drawio/mxgraph/src/layout/hierarchical/model/mxGraphHierarchyNode.js
100644 blob cb129db6b378bf7948eb7c30cc7596323ddccb23	apps/desktop/vendor/drawio/mxgraph/src/layout/hierarchical/model/mxSwimlaneModel.js
100644 blob 4ddf11f911b6e55d4f011d54d1ea6e10080cb9ce	apps/desktop/vendor/drawio/mxgraph/src/layout/hierarchical/mxHierarchicalLayout.js
100644 blob 59e60681ab2e7fae597c465cb42e08c8e051f009	apps/desktop/vendor/drawio/mxgraph/src/layout/hierarchical/mxSwimlaneLayout.js
100644 blob bffa6bd9d308639b72a490c07a66eccbff0b6080	apps/desktop/vendor/drawio/mxgraph/src/layout/hierarchical/stage/mxCoordinateAssignment.js
100644 blob 1e37a2b13de50ff9708151c12ee8565994e742ae	apps/desktop/vendor/drawio/mxgraph/src/layout/hierarchical/stage/mxHierarchicalLayoutStage.js
100644 blob 7403b8409cd05158a1873037f259969306c2fedf	apps/desktop/vendor/drawio/mxgraph/src/layout/hierarchical/stage/mxMedianHybridCrossingReduction.js
100644 blob 43f8b5b6b57ce315b4e00ce7f6e0b481cde9dc78	apps/desktop/vendor/drawio/mxgraph/src/layout/hierarchical/stage/mxMinimumCycleRemover.js
100644 blob 4e44420760d19370a2004053584454fb128e5f3e	apps/desktop/vendor/drawio/mxgraph/src/layout/hierarchical/stage/mxSwimlaneOrdering.js
100644 blob dd25b3950eb2d1dd11834e3454526175fdf59336	apps/desktop/vendor/drawio/mxgraph/src/layout/mxCircleLayout.js
100644 blob 48cf38e01d7f4601557a6caf3088b887cbaeb6ad	apps/desktop/vendor/drawio/mxgraph/src/layout/mxCompactTreeLayout.js
100644 blob e46130f1128ac53acb862485dd267115dbcbd680	apps/desktop/vendor/drawio/mxgraph/src/layout/mxCompositeLayout.js
100644 blob ff1ccdcc5f10421eb9afc459aa3ddbb10aebb051	apps/desktop/vendor/drawio/mxgraph/src/layout/mxEdgeLabelLayout.js
100644 blob 394dcc49fa685fa1acca0f16f26cb749c8a0dce8	apps/desktop/vendor/drawio/mxgraph/src/layout/mxFastOrganicLayout.js
100644 blob 1201e6aeb1e2aa09fee89357db1380c54e07070a	apps/desktop/vendor/drawio/mxgraph/src/layout/mxGraphLayout.js
100644 blob 1355173d253b9c429d3f45b6bac4a457f47b123d	apps/desktop/vendor/drawio/mxgraph/src/layout/mxParallelEdgeLayout.js
100644 blob 5c4dd554de31fd08dff96aab20b9c997d0e9fca2	apps/desktop/vendor/drawio/mxgraph/src/layout/mxPartitionLayout.js
100644 blob 9fc7cbc82376ad263dad3975a38289281e357487	apps/desktop/vendor/drawio/mxgraph/src/layout/mxRadialTreeLayout.js
100644 blob edc3c452654e767fafc7b38bf1e05b5d2f8d30dc	apps/desktop/vendor/drawio/mxgraph/src/layout/mxStackLayout.js
100644 blob 7df624cc7f636bd6fb82b236a57d38aa212f4241	apps/desktop/vendor/drawio/mxgraph/src/model/mxCell.js
100644 blob 2750abdcbcd1216a05c4cedbdb8256321aeac0cf	apps/desktop/vendor/drawio/mxgraph/src/model/mxCellPath.js
100644 blob ef9a421026e5553d711e9f78b9392ceaa1537eac	apps/desktop/vendor/drawio/mxgraph/src/model/mxGeometry.js
100644 blob 91b63c8d3ba2f003473aea3664897799271652d1	apps/desktop/vendor/drawio/mxgraph/src/model/mxGraphModel.js
100644 blob c69218edaf6e4caf82db206afe260cacaf42929e	apps/desktop/vendor/drawio/mxgraph/src/mxClient.js
100644 blob d0740f0b994da422605f8c83b75b70818342acbc	apps/desktop/vendor/drawio/mxgraph/src/shape/mxActor.js
100644 blob 87a8134eeab6f8529726107942917a1189adeb3c	apps/desktop/vendor/drawio/mxgraph/src/shape/mxArrow.js
100644 blob f704829a73608ee5311c447429641a8501cbdc28	apps/desktop/vendor/drawio/mxgraph/src/shape/mxArrowConnector.js
100644 blob 62b28f397f3ea5ccca48c126de4c9cca4526a88d	apps/desktop/vendor/drawio/mxgraph/src/shape/mxCloud.js
100644 blob 7eedc6aa25282a78279667a100cc26863e892000	apps/desktop/vendor/drawio/mxgraph/src/shape/mxConnector.js
100644 blob a516b1f3827e9a95ad65717e4d3dd2d67f3c381b	apps/desktop/vendor/drawio/mxgraph/src/shape/mxCylinder.js
100644 blob 4268a220ee7d03add00230fdfd519b2d7decc961	apps/desktop/vendor/drawio/mxgraph/src/shape/mxDoubleEllipse.js
100644 blob 1b49312bc478551f1ab86185c57ed27bc3c15df2	apps/desktop/vendor/drawio/mxgraph/src/shape/mxEllipse.js
100644 blob 0707c4ca9c2dcb802b3ef48dc228ba49d6bdaea8	apps/desktop/vendor/drawio/mxgraph/src/shape/mxHexagon.js
100644 blob 3e515da1ec3d3dcca58accc21fcf9f59be662792	apps/desktop/vendor/drawio/mxgraph/src/shape/mxImageShape.js
100644 blob 785a7541f9e2fd8c30460bf65db7228e42aac602	apps/desktop/vendor/drawio/mxgraph/src/shape/mxLabel.js
100644 blob d31da6474f9eea9fcedde1d1c5e4bb99f4bdc5a4	apps/desktop/vendor/drawio/mxgraph/src/shape/mxLine.js
100644 blob b8badfe0562e851ac7943fe2e3896d2d5ca825d4	apps/desktop/vendor/drawio/mxgraph/src/shape/mxMarker.js
100644 blob 958a687e62b88ad34ec97af43b9a951274938e80	apps/desktop/vendor/drawio/mxgraph/src/shape/mxPolyline.js
100644 blob 26fff6237f5e8034790e9a82d49b050d1b5c1579	apps/desktop/vendor/drawio/mxgraph/src/shape/mxRectangleShape.js
100644 blob 4767e902bb451a81a8448b2a339a5bf7e9e867b1	apps/desktop/vendor/drawio/mxgraph/src/shape/mxRhombus.js
100644 blob 643c4311ef7d7b8639a173470bda26f9d5f16e2f	apps/desktop/vendor/drawio/mxgraph/src/shape/mxShape.js
100644 blob 9762d6386b569d17b018602c1d24dcf2eeffcf1a	apps/desktop/vendor/drawio/mxgraph/src/shape/mxStencil.js
100644 blob ea77bb98fc1acc5f7925d87ea5f4c6cf012804ff	apps/desktop/vendor/drawio/mxgraph/src/shape/mxStencilRegistry.js
100644 blob 64ada9a9b157ff66170f19987b2b7950232ab598	apps/desktop/vendor/drawio/mxgraph/src/shape/mxSwimlane.js
100644 blob 95c5f54dee9509726c43db15f98382e54a5dba3e	apps/desktop/vendor/drawio/mxgraph/src/shape/mxText.js
100644 blob 87df90a4e8e59b7ae3826cb304332df9c3d3aba4	apps/desktop/vendor/drawio/mxgraph/src/shape/mxTriangle.js
100644 blob c50ecf3cf99d01c6e1265297309c807f76e03760	apps/desktop/vendor/drawio/mxgraph/src/util/mxAbstractCanvas2D.js
100644 blob f204b76e76bfe8d00fa3d56d2ef5e62ceb7d5be8	apps/desktop/vendor/drawio/mxgraph/src/util/mxAnimation.js
100644 blob 03d38693b2bb70245c9c27b6710cca66cf5acd02	apps/desktop/vendor/drawio/mxgraph/src/util/mxAutoSaveManager.js
100644 blob aebf258ee973ec178fce90f91f56e9841aa33afa	apps/desktop/vendor/drawio/mxgraph/src/util/mxClipboard.js
100644 blob 9bf9ea673b95df98c48d7abc55d66585bf0d1c16	apps/desktop/vendor/drawio/mxgraph/src/util/mxConstants.js
100644 blob 44f6ba52978afb8f8d491a2ef002e3a71316763d	apps/desktop/vendor/drawio/mxgraph/src/util/mxDictionary.js
100644 blob 94789b5eb859acd775e83d03e18dad96913ba905	apps/desktop/vendor/drawio/mxgraph/src/util/mxDivResizer.js
100644 blob d6d8e87e2b12fe5a704dd02b277f0caf13905690	apps/desktop/vendor/drawio/mxgraph/src/util/mxDragSource.js
100644 blob 1cbfee521d7034de4b824f7fd379d53ecfee667d	apps/desktop/vendor/drawio/mxgraph/src/util/mxEffects.js
100644 blob 476ba247c78c3059b8d65c0acd31e97ee0a88ee5	apps/desktop/vendor/drawio/mxgraph/src/util/mxEvent.js
100644 blob 9a7df6c96bbc0ab83f8118d83116b17dec960601	apps/desktop/vendor/drawio/mxgraph/src/util/mxEventObject.js
100644 blob 7567d704a4cc32719af9503fe5e804348088a0b1	apps/desktop/vendor/drawio/mxgraph/src/util/mxEventSource.js
100644 blob 8e3f062f182ecdacbae01e8b8a04721047377a58	apps/desktop/vendor/drawio/mxgraph/src/util/mxForm.js
100644 blob 4f2d36a5f77fabb8a45e7ce3ada4ba6fc05a2bdb	apps/desktop/vendor/drawio/mxgraph/src/util/mxGuide.js
100644 blob e25e6947e50c31c4d66f6d36436c369fa505089b	apps/desktop/vendor/drawio/mxgraph/src/util/mxImage.js
100644 blob 3707941d9d88681723f1ee657930fcd4d010367b	apps/desktop/vendor/drawio/mxgraph/src/util/mxImageBundle.js
100644 blob 2ae33034831bba9e58e16f4d70d2149949adc33e	apps/desktop/vendor/drawio/mxgraph/src/util/mxImageExport.js
100644 blob eae0d959da414ee27947d07d8dd8d36af7cdbda3	apps/desktop/vendor/drawio/mxgraph/src/util/mxLog.js
100644 blob 3cffdc0aba19cb217257aaf98810a417e8ee2f66	apps/desktop/vendor/drawio/mxgraph/src/util/mxMorphing.js
100644 blob aef388e0dff15dc2f4a9d927ea326f11b5e58da9	apps/desktop/vendor/drawio/mxgraph/src/util/mxMouseEvent.js
100644 blob e3672e1de5046cc3f821f0fb90752f1a4df8e67f	apps/desktop/vendor/drawio/mxgraph/src/util/mxObjectIdentity.js
100644 blob 520a6db00f2f3a4fc22bf2e7b3232af4b38cbe70	apps/desktop/vendor/drawio/mxgraph/src/util/mxPanningManager.js
100644 blob cda7ecf6bcf8f0c1be343b5989fe334e581b1ed0	apps/desktop/vendor/drawio/mxgraph/src/util/mxPoint.js
100644 blob b64f1a3da7e05b1cc1a0d3c13cf4917f7f4dc743	apps/desktop/vendor/drawio/mxgraph/src/util/mxPopupMenu.js
100644 blob 9b01036f06b9a81de60bd054810fddcf0f1aabbd	apps/desktop/vendor/drawio/mxgraph/src/util/mxRectangle.js
100644 blob 9d850253cb32abaeb809983fae2ceb6d6aa36945	apps/desktop/vendor/drawio/mxgraph/src/util/mxResources.js
100644 blob 8b2ccd5cd1f37fa480a48ce1aea5a4972a515552	apps/desktop/vendor/drawio/mxgraph/src/util/mxSvgCanvas2D.js
100644 blob 47fe97e30cfd35e5c103be2b778f2804b8165c1f	apps/desktop/vendor/drawio/mxgraph/src/util/mxToolbar.js
100644 blob 6c6ebe61da71c7125d90f152afd600a82b65a4c5	apps/desktop/vendor/drawio/mxgraph/src/util/mxUndoManager.js
100644 blob d56b73fea68c1467b653c32bc4e38f779af7d9c4	apps/desktop/vendor/drawio/mxgraph/src/util/mxUndoableEdit.js
100644 blob 6babe77eb522f37b836c977cf6a263e68887b477	apps/desktop/vendor/drawio/mxgraph/src/util/mxUrlConverter.js
100644 blob 0ff25b1fadbffe913a5893b4ce960891217ff36b	apps/desktop/vendor/drawio/mxgraph/src/util/mxUtils.js
100644 blob 748ec69ca5267b28619284c63a6b1b124acc307c	apps/desktop/vendor/drawio/mxgraph/src/util/mxWindow.js
100644 blob dc127177504a8b00d941663e2e3e987630bceaf8	apps/desktop/vendor/drawio/mxgraph/src/util/mxXmlCanvas2D.js
100644 blob ad7597d4f52d3928961572e78576138859f3e260	apps/desktop/vendor/drawio/mxgraph/src/util/mxXmlRequest.js
100644 blob 06eb725a9a389a0fa68583e50e0f60ce463403ca	apps/desktop/vendor/drawio/mxgraph/src/view/mxCellEditor.js
100644 blob 79720e715b07f1524971a24c2bcbe638f0a460f9	apps/desktop/vendor/drawio/mxgraph/src/view/mxCellOverlay.js
100644 blob 8767136c92f94e11265d10f4f2ebfae343749d45	apps/desktop/vendor/drawio/mxgraph/src/view/mxCellRenderer.js
100644 blob 88c0fc3754fcf4733263409dd12e883a55e83b7c	apps/desktop/vendor/drawio/mxgraph/src/view/mxCellState.js
100644 blob f1a53d2df1e9c7afb147962d19e5bd6118986a79	apps/desktop/vendor/drawio/mxgraph/src/view/mxCellStatePreview.js
100644 blob 2809e7858930098f2aa7127b9d388afd9ea3cd02	apps/desktop/vendor/drawio/mxgraph/src/view/mxConnectionConstraint.js
100644 blob b08b8c173f5bdf5d7d513f8b2aad4f901d8ed4d3	apps/desktop/vendor/drawio/mxgraph/src/view/mxEdgeStyle.js
100644 blob ed4dfc61c90ef8c557ae26016fbea9668192ea90	apps/desktop/vendor/drawio/mxgraph/src/view/mxGraph.js
100644 blob cc5820269fae4600d137ce54f68850fe96681e7a	apps/desktop/vendor/drawio/mxgraph/src/view/mxGraphSelectionModel.js
100644 blob 424c39f1c0a0a58b840a427ab446649d5fbbb6f0	apps/desktop/vendor/drawio/mxgraph/src/view/mxGraphView.js
100644 blob 1c7c2b99a6de00d4be8db3f6d2b1b5f985479412	apps/desktop/vendor/drawio/mxgraph/src/view/mxLayoutManager.js
100644 blob 96879b8a9e3251e32b9f9b9cc8f2a9c70e98b6d3	apps/desktop/vendor/drawio/mxgraph/src/view/mxMultiplicity.js
100644 blob 0d04970a5ef5028af2a4328a76ee3742efce78c6	apps/desktop/vendor/drawio/mxgraph/src/view/mxOutline.js
100644 blob a096c506031affc617f627e2a74216e700af3ac0	apps/desktop/vendor/drawio/mxgraph/src/view/mxPerimeter.js
100644 blob 65e735ac5a058f40cd12eab07f14a343c802dc95	apps/desktop/vendor/drawio/mxgraph/src/view/mxPrintPreview.js
100644 blob 16699480119ec8fc7814f1557744b283abd08c7f	apps/desktop/vendor/drawio/mxgraph/src/view/mxStyleRegistry.js
100644 blob b7eb60c68fd4ebf0034bf93535c1b3cc4bc49029	apps/desktop/vendor/drawio/mxgraph/src/view/mxStylesheet.js
100644 blob c58454e9abf951e45546e2a6d75276664f3f829e	apps/desktop/vendor/drawio/mxgraph/src/view/mxSwimlaneManager.js
100644 blob d4f195017d4d727736038d3e3f5ddbfe60dfa1f3	apps/desktop/vendor/drawio/mxgraph/src/view/mxTemporaryCellStates.js
100644 blob 68dc174ad256e236d71c8496028a4b6c319e490e	apps/desktop/vendor/drawio/resources/CONTRIBUTING.md
100644 blob 25e0a001354b3703dbcb458ea31d475375b5df64	apps/desktop/vendor/drawio/resources/README.md
100644 blob 885374ef36d2212764adb59d1899c28dee8d746b	apps/desktop/vendor/drawio/resources/dia.txt
100644 blob 915770e847351aefca91b6e48f53d15398219324	apps/desktop/vendor/drawio/resources/dia_am.txt
100644 blob fb7cd98c3a86cf62cd29b3e62f5a7a34643271b2	apps/desktop/vendor/drawio/resources/dia_ar.txt
100644 blob 04f695bc345622e7797fa5c6dc4fb63d96baf056	apps/desktop/vendor/drawio/resources/dia_bg.txt
100644 blob 7e8afd2818daaf38fa0222f7d85aba21dc2a15cf	apps/desktop/vendor/drawio/resources/dia_bn.txt
100644 blob a35bd3dc3aa90a00c33b2285f4d32a02fbb6f616	apps/desktop/vendor/drawio/resources/dia_bs.txt
100644 blob 6817cc7e457ba123af7e58eee7f039f3aeda7860	apps/desktop/vendor/drawio/resources/dia_ca.txt
100644 blob a671d06f00bdd149d5adf1f42431509ee7cf80ad	apps/desktop/vendor/drawio/resources/dia_cs.txt
100644 blob d79a1ec190f32e8d06305ea4485eaad3a4336403	apps/desktop/vendor/drawio/resources/dia_da.txt
100644 blob e34879540478b35f41ccfda7eace150f7c22f8fd	apps/desktop/vendor/drawio/resources/dia_de.txt
100644 blob f2cadb0776c67212648e348d89a1b85ab2c5c595	apps/desktop/vendor/drawio/resources/dia_el.txt
100644 blob a714db65e9f6005d505baf17d3afd66f196b7ea8	apps/desktop/vendor/drawio/resources/dia_eo.txt
100644 blob fbea0204785b7b9cb9d14dcf6eb717af426d7a90	apps/desktop/vendor/drawio/resources/dia_es.txt
100644 blob fd12adc4a447e766e0c12352ce0c742dd2534b3e	apps/desktop/vendor/drawio/resources/dia_et.txt
100644 blob fcc96e15e0fcf83b5f8de7485ade152ed6820a5e	apps/desktop/vendor/drawio/resources/dia_eu.txt
100644 blob b71775c841ae51e86f52f6263934f9bb664ff572	apps/desktop/vendor/drawio/resources/dia_fa.txt
100644 blob a970b12377a24eeaecdaa58e066567a8bedede6f	apps/desktop/vendor/drawio/resources/dia_fi.txt
100644 blob f680ed1830e9e2a016bdc02752ca182d7be7bb72	apps/desktop/vendor/drawio/resources/dia_fil.txt
100644 blob 12e8549026bd493c5859c79cd208a670dfb13c5b	apps/desktop/vendor/drawio/resources/dia_fr.txt
100644 blob 34a6eefbcb8cfe1ff9543cfea7b9ad1ace9f8d45	apps/desktop/vendor/drawio/resources/dia_gl.txt
100644 blob f4ce2c15e742f735031d077937eb2ac49c29bc70	apps/desktop/vendor/drawio/resources/dia_gu.txt
100644 blob 1b8519780835a20170c1f2b0f4b1435390b6ccda	apps/desktop/vendor/drawio/resources/dia_he.txt
100644 blob bad81b682fff6a8f4be1bca1393e91bfd1f53e3f	apps/desktop/vendor/drawio/resources/dia_hi.txt
100644 blob 493115f946ed8ce6fe365c592b076a0000a46024	apps/desktop/vendor/drawio/resources/dia_hr.txt
100644 blob b8b23b622d91aed8fe16f786385d8351390f12ea	apps/desktop/vendor/drawio/resources/dia_hu.txt
100644 blob 19e99ba1695969c5e403becfb784709e0010d10b	apps/desktop/vendor/drawio/resources/dia_i18n.txt
100644 blob 0a0c8a1d54eb6ea866a0b434b90f188e1fbe5ef3	apps/desktop/vendor/drawio/resources/dia_id.txt
100644 blob 2598cd091769548ba37a525127af157b11179086	apps/desktop/vendor/drawio/resources/dia_it.txt
100644 blob 7c6abd1708dca8f44d32b61eda342ec0becf8ea4	apps/desktop/vendor/drawio/resources/dia_ja.txt
100644 blob 14d34f7c38d3fb586d7d5921613ec609970f5213	apps/desktop/vendor/drawio/resources/dia_kl.txt
100644 blob 39154116fb4ac6085123f3be1d18df752ebf70ef	apps/desktop/vendor/drawio/resources/dia_kn.txt
100644 blob b554c332244d2cd9b79e0fa7ea12dc7f51812af7	apps/desktop/vendor/drawio/resources/dia_ko.txt
100644 blob c65045fe0eee89080d553a9bbd114c085a196949	apps/desktop/vendor/drawio/resources/dia_lt.txt
100644 blob f97353feacf83bd2ff4dec69e18e5472e65f1de4	apps/desktop/vendor/drawio/resources/dia_lv.txt
100644 blob 53cae86f6a0060a9c02b27c152522e25c3f4fe28	apps/desktop/vendor/drawio/resources/dia_ml.txt
100644 blob 7a1271073abc408cb164261c5d7e5f391190dc4f	apps/desktop/vendor/drawio/resources/dia_mr.txt
100644 blob a2625136f29f7567404510374a6d17754a95eb65	apps/desktop/vendor/drawio/resources/dia_ms.txt
100644 blob 17475bc6ea8d678773cd35fcfeac354ffd4d3b45	apps/desktop/vendor/drawio/resources/dia_my.txt
100644 blob 11420a64beb3ebd4a61f3c1f520d5a02ac1d0100	apps/desktop/vendor/drawio/resources/dia_nl.txt
100644 blob bb82953326408850bcaa68607484647dbaa229cf	apps/desktop/vendor/drawio/resources/dia_no.txt
100644 blob eb4baa7117d6124ec472eab7832e0c4e33f79eb1	apps/desktop/vendor/drawio/resources/dia_pl.txt
100644 blob 22f0bb3e75675b2de339883e51300534ef3ea01c	apps/desktop/vendor/drawio/resources/dia_pt-br.txt
100644 blob 83c26088d846451a63675100f88d9422b39f2c67	apps/desktop/vendor/drawio/resources/dia_pt.txt
100644 blob 67f83dfcabee0fb538847d4299cc837ba02e3934	apps/desktop/vendor/drawio/resources/dia_ro.txt
100644 blob fefabb0c76a32bcfc17c5226b84345322aabe986	apps/desktop/vendor/drawio/resources/dia_ru.txt
100644 blob 73548ac2e894d8c0d3a4ad9e96cdc4e9485ad619	apps/desktop/vendor/drawio/resources/dia_si.txt
100644 blob 849264a4e811ba445518f17b12f76f3b73854b63	apps/desktop/vendor/drawio/resources/dia_sk.txt
100644 blob 80cf6f10a43ef4484242739d8a637333737750f9	apps/desktop/vendor/drawio/resources/dia_sl.txt
100644 blob 565c25b9fe5e9fad77a970e85535a930a2185a10	apps/desktop/vendor/drawio/resources/dia_sr.txt
100644 blob e52907a07cc75f35ed5e11133357097640ed3b97	apps/desktop/vendor/drawio/resources/dia_sv.txt
100644 blob b92f6cd5a99d5cd53a1be20f97cc5ba1e732b894	apps/desktop/vendor/drawio/resources/dia_sw.txt
100644 blob 02247e364504e0cd81de1bb755c6a34f741f0189	apps/desktop/vendor/drawio/resources/dia_ta.txt
100644 blob adae106cc7285a6035400a705292c96723193745	apps/desktop/vendor/drawio/resources/dia_te.txt
100644 blob 352bb8d6728a051096564d75241cfd4059a28fa6	apps/desktop/vendor/drawio/resources/dia_th.txt
100644 blob 5a432cffb8936d48bf79b00ca02f47e62f97336a	apps/desktop/vendor/drawio/resources/dia_tr.txt
100644 blob 8d71a8f161364a1d973fd56109189493d0f673e5	apps/desktop/vendor/drawio/resources/dia_uk.txt
100644 blob 7efbe91ca24bf583af18cb72ab355aabcd8a817f	apps/desktop/vendor/drawio/resources/dia_vi.txt
100644 blob ce0ff5e7d4cdd88dd192dc2151226a408061fe2b	apps/desktop/vendor/drawio/resources/dia_zh-tw.txt
100644 blob 02ac52dc87f86eb376a3013a8b1a7cf9721d0867	apps/desktop/vendor/drawio/resources/dia_zh.txt
100644 blob 5359074d543648699e8c66e603149f2d6de3915f	apps/desktop/vendor/drawio/shapes/LICENSE
100644 blob 05780c43f106a649d724e60735743fbe3cd625f2	apps/desktop/vendor/drawio/shapes/bpmn/mxBpmnShape2.js
100644 blob e365e4fa60b8f33aafc019a025fb77c6d10d7595	apps/desktop/vendor/drawio/shapes/emoji/mxEmoji.js
100644 blob 7f3757b0a11865ec833b6bdf769354cd18f1f878	apps/desktop/vendor/drawio/shapes/er/mxER.js
100644 blob 2b11af2d4570901a4e3702367709eb5e6c475cd0	apps/desktop/vendor/drawio/shapes/ios7/mxIOS7Ui.js
100644 blob 3e6902b8212628ac0fdc2763fcf361b627863c8c	apps/desktop/vendor/drawio/shapes/mockup/mxMockupButtons.js
100644 blob dffc448957c56df6992705c62d132b5f49323ba8	apps/desktop/vendor/drawio/shapes/mockup/mxMockupContainers.js
100644 blob 3ce47998fcea65a5ff8f863dd673ed5a2589f2f2	apps/desktop/vendor/drawio/shapes/mockup/mxMockupForms.js
100644 blob 857cc6974cca88dcc0c1884c4d8ca2533cb1cba0	apps/desktop/vendor/drawio/shapes/mockup/mxMockupGraphics.js
100644 blob bc78d72ae7e5f23b62924e948097169b9b5bdba7	apps/desktop/vendor/drawio/shapes/mockup/mxMockupMarkup.js
100644 blob 52431796f9d75872da59c7bc426b252b33c99e7d	apps/desktop/vendor/drawio/shapes/mockup/mxMockupMisc.js
100644 blob 19b284bd52b545bd04d3557fdff0efa89085d0b5	apps/desktop/vendor/drawio/shapes/mockup/mxMockupNavigation.js
100644 blob e2b7dcb6a7389d8e0103fa5a6c9f50cce6bc807a	apps/desktop/vendor/drawio/shapes/mockup/mxMockupText.js
100644 blob 84e28b5c97f0ef31b46398cd7fef3e6b0ce88b53	apps/desktop/vendor/drawio/shapes/mockup/mxMockupiOS.js
100644 blob 98451068c46ac01ee07bf296ac20449f28625e36	apps/desktop/vendor/drawio/shapes/mxAWS3D.js
100644 blob d5e21af64d867852bd2f7b21c622206db219cd61	apps/desktop/vendor/drawio/shapes/mxAWS4.js
100644 blob 1db4a88038b3c824b9166bac19fe0c42103321e3	apps/desktop/vendor/drawio/shapes/mxAndroid.js
100644 blob c0ad6e54b2e465c743a879f53c92ed4d448b7f47	apps/desktop/vendor/drawio/shapes/mxArchiMate.js
100644 blob 62ddbf4498c3e7da663beda4f8f236fc29b6eeb6	apps/desktop/vendor/drawio/shapes/mxArchiMate3.js
100644 blob 197c978d7b8881897c34cb1d02dfc20acb02abb9	apps/desktop/vendor/drawio/shapes/mxArchiMate4.js
100644 blob 50cce08a60195be3b3f117ecb8b62e5a9240733d	apps/desktop/vendor/drawio/shapes/mxArrows.js
100644 blob 03dbd61c808bf29e4cef4251c1e815091d18e162	apps/desktop/vendor/drawio/shapes/mxAtlassian.js
100644 blob 67e6fd653a67ad0fb21ac687968bc701cdffbeda	apps/desktop/vendor/drawio/shapes/mxAtlassian2.js
100644 blob fb18075fe2c5a827e6182e8b972d58087e2591b3	apps/desktop/vendor/drawio/shapes/mxBasic.js
100644 blob edca8edf4dd075b29d158027db5a3abd957cddd0	apps/desktop/vendor/drawio/shapes/mxBootstrap.js
100644 blob cea8ef2ea10242d19465048416c209f6b7450d32	apps/desktop/vendor/drawio/shapes/mxC4.js
100644 blob 952082f420996edaeb1da2740e7653fe5b1836d4	apps/desktop/vendor/drawio/shapes/mxCabinets.js
100644 blob ed1624f7f6201e61936f9a963211ee6102a0580e	apps/desktop/vendor/drawio/shapes/mxCisco19.js
100644 blob edb9c271fe713d1e87a0b09a0d0175bde2e14306	apps/desktop/vendor/drawio/shapes/mxCiscoSafe.js
100644 blob e026a093fab806547f868b8434f22f30f1625b07	apps/desktop/vendor/drawio/shapes/mxDFD.js
100644 blob 7151f075121704c96f28e632cb576789a6b4caa0	apps/desktop/vendor/drawio/shapes/mxEip.js
100644 blob b018406f48f083932964e83f3ef69206131ad318	apps/desktop/vendor/drawio/shapes/mxElectrical.js
100644 blob ab33458c125c17447778ee15ae8868de0f6340ad	apps/desktop/vendor/drawio/shapes/mxFloorplan.js
100644 blob 00ce557cf4534b7775cd6630baf3b9a48bc0ad2f	apps/desktop/vendor/drawio/shapes/mxFlowchart.js
100644 blob d6f1f5349ce0942af7e23d754728ab6dbe64ba09	apps/desktop/vendor/drawio/shapes/mxGCP2.js
100644 blob cdb9ace7bf6e263d066521e5e7223895180154bc	apps/desktop/vendor/drawio/shapes/mxGmdl.js
100644 blob 4157623eda6da9c397da4c34169d0af2e4c88540	apps/desktop/vendor/drawio/shapes/mxIBM.js
100644 blob e015ac3dcd509d78a3862275f3700c2e318531d2	apps/desktop/vendor/drawio/shapes/mxInfographic.js
100644 blob 53079f78f60d10b9c2ca8d3327c1ac0cecce3ae2	apps/desktop/vendor/drawio/shapes/mxKubernetes.js
100644 blob cb019a97ac2c966397cb0d4124c266f206ac675f	apps/desktop/vendor/drawio/shapes/mxLeanMap.js
100644 blob 7299e89bb9a22beb52b65c98f254fa051b003245	apps/desktop/vendor/drawio/shapes/mxNetworks.js
100644 blob e8a56942d5ebba8a9fc0e2197dedfd322b73e493	apps/desktop/vendor/drawio/shapes/mxNetworks2.js
100644 blob 224364f822f46af62d406705d3b0952a2d431b5b	apps/desktop/vendor/drawio/shapes/mxSAP.js
100644 blob 091b78da9f3dad06b77a2c3267bd804de65a65c5	apps/desktop/vendor/drawio/shapes/mxSysML.js
100644 blob 3efee785f1b5d8917b4572642ea3f6e296f158fc	apps/desktop/vendor/drawio/shapes/mxUML25.js
100644 blob 01825c85570b21b0d852136556425dd5e5ea79ea	apps/desktop/vendor/drawio/shapes/pid2/mxPidInstruments.js
100644 blob 1e1e303d2e58bb144e82edcecf7f9892b9927b06	apps/desktop/vendor/drawio/shapes/pid2/mxPidMisc.js
100644 blob 15cff0e915519f6a242161f749298ab7f56cd676	apps/desktop/vendor/drawio/shapes/pid2/mxPidValves.js
100644 blob 181a5e26d01f2a0a3416dcfb4707ddcbdb7cb96a	apps/desktop/vendor/drawio/shapes/rack/mxRack.js
100644 blob 346d459aade14a4ec60ee063991d56068c59f0a3	apps/desktop/vendor/drawio/stencils/LICENSE
100644 blob cf5acf61d50ee69a00b44c455bf89f8a2c248ca7	apps/desktop/vendor/drawio/stencils/alibaba_cloud.xml
100644 blob 22c929d3a3e02128d40352b7164c830dfc72545c	apps/desktop/vendor/drawio/stencils/android/android.xml
100644 blob 57483be2bf3fee46f0319e846fbacef310a31cd0	apps/desktop/vendor/drawio/stencils/arrows.xml
100644 blob 75c6a01a27a630ce0ecdcce6e50bda94bbdd1ecc	apps/desktop/vendor/drawio/stencils/atlassian.xml
100644 blob 62a413cf2125757f4368a021eb27aba9fc46e363	apps/desktop/vendor/drawio/stencils/atlassian2.xml
100644 blob e85c1e5fe6eda2aa5007985fcd05f618fbdd37eb	apps/desktop/vendor/drawio/stencils/aws/compute.xml
100644 blob 93ad07cbfa34b153db8a5566b422cfe0d769ffbe	apps/desktop/vendor/drawio/stencils/aws/content_delivery.xml
100644 blob ab71f9518c11e3e8a731a72afc9ba26ea7a9a9ac	apps/desktop/vendor/drawio/stencils/aws/database.xml
100644 blob 3709e5cf5f248c71bca22036021190f579c47e9f	apps/desktop/vendor/drawio/stencils/aws/deployment_management.xml
100644 blob d0c110406ea86e2e60d385f9c314fa4c3bfad892	apps/desktop/vendor/drawio/stencils/aws/groups.xml
100644 blob 39a7c31e306859daaddc0c3210581609a5bfe30c	apps/desktop/vendor/drawio/stencils/aws/messaging.xml
100644 blob af463eb17ec2b6aa32de5932d12f1d97c0c33f27	apps/desktop/vendor/drawio/stencils/aws/misc.xml
100644 blob 622e6e9cb1d769ad2054a7872cfc95fac1af11cd	apps/desktop/vendor/drawio/stencils/aws/networking.xml
100644 blob 6b34676e3e953881c6e6716e16434a1f83293960	apps/desktop/vendor/drawio/stencils/aws/non_service_specific.xml
100644 blob 87b8722bad83565aaf7c2b73c43b7a5215325ac1	apps/desktop/vendor/drawio/stencils/aws/on_demand_workforce.xml
100644 blob b51465e8082c3f22bc54ba3bd6df3265e099281e	apps/desktop/vendor/drawio/stencils/aws/storage.xml
100644 blob 2f4ca8f640d32065db30b6067bc573fab2de979a	apps/desktop/vendor/drawio/stencils/aws2/administration_and_security.xml
100644 blob 6deb0ce718679014406667c9f12d824cfecef84e	apps/desktop/vendor/drawio/stencils/aws2/analytics.xml
100644 blob 55c87fa0559be830efcd7a4b5a4542be08d53c0a	apps/desktop/vendor/drawio/stencils/aws2/app_services.xml
100644 blob b011ab3d7d2a398381355445aa6ea270818d505c	apps/desktop/vendor/drawio/stencils/aws2/compute_and_networking.xml
100644 blob df1f8bdfc4a0e7afd0cdd3ad7ca5e4c4de88c9b1	apps/desktop/vendor/drawio/stencils/aws2/database.xml
100644 blob 622770ea985e0494467d592659dc775c58af3402	apps/desktop/vendor/drawio/stencils/aws2/deployment_and_management.xml
100644 blob d41b7fdf64abb797557dc07f458173ef9d215990	apps/desktop/vendor/drawio/stencils/aws2/developer_tools.xml
100644 blob 55e64c84e2d191ec8a736f57f8a24592bf969635	apps/desktop/vendor/drawio/stencils/aws2/enterprise_applications.xml
100644 blob 914931fece70786b0b90d03ab9b69ef40638d231	apps/desktop/vendor/drawio/stencils/aws2/game_development.xml
100644 blob 1bf2dc13879e01f2198c9667e4878f5e60b0891d	apps/desktop/vendor/drawio/stencils/aws2/internet_of_things.xml
100644 blob ab0dfdd8f9fd11c07959a87647dc22fe7cac79cd	apps/desktop/vendor/drawio/stencils/aws2/management_tools.xml
100644 blob 0627177ccd91fb1621407e1347a63f85335da4e9	apps/desktop/vendor/drawio/stencils/aws2/mobile_services.xml
100644 blob 1ee2a45737460927bd0f66656627330a0522c7dc	apps/desktop/vendor/drawio/stencils/aws2/networking.xml
100644 blob d67340d5069a08841ef9cbd5a2eee37114c98ff0	apps/desktop/vendor/drawio/stencils/aws2/non-service_specific.xml
100644 blob aebc020f7b3cf3f9d8c0a3208f181c5611e19bbb	apps/desktop/vendor/drawio/stencils/aws2/on-demand_workforce.xml
100644 blob e6435ab8a2eb2af9f1ab7b050c3c536ba5723d1c	apps/desktop/vendor/drawio/stencils/aws2/sdks.xml
100644 blob d55dad44dde17955c2173d60211f8e3404176a70	apps/desktop/vendor/drawio/stencils/aws2/security_and_identity.xml
100644 blob f7b3cb4fa62bcb07dfb8d03180d0bcdb7c5b9956	apps/desktop/vendor/drawio/stencils/aws2/storage_and_content_delivery.xml
100644 blob 4bf8257b0fd42069c536955c5aed79e9e447ff6f	apps/desktop/vendor/drawio/stencils/aws3.xml
100644 blob b4d778c95fa1e4bfb7aaf389248b21fa89f995c6	apps/desktop/vendor/drawio/stencils/aws3d.xml
100644 blob 5e9a2c1eae86a02283117d8aaadff679409d1365	apps/desktop/vendor/drawio/stencils/aws4.xml
100644 blob ec852b5b8e5778614beb2f19439ee0454b63ec78	apps/desktop/vendor/drawio/stencils/azure.xml
100644 blob cd8be3cb33ae42083bc3df4a99aff46792d22fce	apps/desktop/vendor/drawio/stencils/basic.xml
100644 blob b1ae8791c7af69f0f7b78e70bdcb7239314b0e5a	apps/desktop/vendor/drawio/stencils/bootstrap.xml
100644 blob 6d688e79f308a6cd7fbb60e522ea2d4a3a46f96b	apps/desktop/vendor/drawio/stencils/bpmn.xml
100644 blob ded6b4a0dee1039e411c5b65e68807d2ea6d2e15	apps/desktop/vendor/drawio/stencils/cabinets.xml
100644 blob 6db45ee8141f0bfe42e1c377997df4c60ddb28f3	apps/desktop/vendor/drawio/stencils/cisco/buildings.xml
100644 blob b8d469b96559cafc9bddc1faf530152232390b3f	apps/desktop/vendor/drawio/stencils/cisco/computers_and_peripherals.xml
100644 blob 276ddad78f737e10526ea7da70dee63cc3bfbb6e	apps/desktop/vendor/drawio/stencils/cisco/controllers_and_modules.xml
100644 blob 30aa1444cf71078f108addd22784cd4ff5e5d5eb	apps/desktop/vendor/drawio/stencils/cisco/directors.xml
100644 blob 0e37489251c736abe1b2665fb51dc1c40c861ac9	apps/desktop/vendor/drawio/stencils/cisco/hubs_and_gateways.xml
100644 blob 234feb0baaf28b3e3f6b594b9bc238d73fd8f8b9	apps/desktop/vendor/drawio/stencils/cisco/misc.xml
100644 blob a9c0531d0977e969f991239485c6524a4b19adbd	apps/desktop/vendor/drawio/stencils/cisco/modems_and_phones.xml
100644 blob d3b6d668654b79faeef7a46d481cf424ab86de6c	apps/desktop/vendor/drawio/stencils/cisco/people.xml
100644 blob eb329ce7944fde13c7b28206fbadf49b96356555	apps/desktop/vendor/drawio/stencils/cisco/routers.xml
100644 blob a75187ddf8f68cdd36c9ef4454aecb6f2e29d99e	apps/desktop/vendor/drawio/stencils/cisco/security.xml
100644 blob 48bfc8f41734bb8799707b1a98b6e47934b6198f	apps/desktop/vendor/drawio/stencils/cisco/servers.xml
100644 blob 3f047b00276198ce638e4bdc815b0ba47bb578ee	apps/desktop/vendor/drawio/stencils/cisco/storage.xml
100644 blob e2ba4a7cec8df6a07672c2663d4ef451a945832e	apps/desktop/vendor/drawio/stencils/cisco/switches.xml
100644 blob 372881cb0132ea7018183d851dd5ee313916f916	apps/desktop/vendor/drawio/stencils/cisco/wireless.xml
100644 blob 19d43b39bde2f45ab9f711145dfd1130133b14e2	apps/desktop/vendor/drawio/stencils/cisco19.xml
100644 blob fa0cf83bc7cd16da9422b49a5e039175f66b0298	apps/desktop/vendor/drawio/stencils/cisco_safe/architecture.xml
100644 blob c92240c8b9eef42ae7d7fdd38eae421d701df4e2	apps/desktop/vendor/drawio/stencils/cisco_safe/business_icons.xml
100644 blob 91de52d651ab3b03f9a5ecf2dea8bf39eb0cacd4	apps/desktop/vendor/drawio/stencils/cisco_safe/capability.xml
100644 blob 4ff87a7979032d5a8633706175165af834dec326	apps/desktop/vendor/drawio/stencils/cisco_safe/design.xml
100644 blob cfd2b95818d6616dfca253620b1c9412eba6a7f0	apps/desktop/vendor/drawio/stencils/cisco_safe/iot_things_icons.xml
100644 blob f1a4151e693562f134641cf1c5101563e8de3f82	apps/desktop/vendor/drawio/stencils/cisco_safe/people_places_things_icons.xml
100644 blob 04ab09135a97176bfd9c6d0ce1062e9bcc775141	apps/desktop/vendor/drawio/stencils/cisco_safe/security_icons.xml
100644 blob 26777c61858e0e98f8485ac03ae5ac289c02305f	apps/desktop/vendor/drawio/stencils/cisco_safe/technology_icons.xml
100644 blob dbc6fb29e89d45b91d0cf1bf7dac8a09bf1cbe56	apps/desktop/vendor/drawio/stencils/cisco_safe/threat.xml
100644 blob 0f885aa1b91028a4aefd9e8049e15658f002d611	apps/desktop/vendor/drawio/stencils/citrix.xml
100644 blob 05739b2350d5934d064eca5c1d58d7dea28027f4	apps/desktop/vendor/drawio/stencils/citrix2.xml
100644 blob 40d373515a44fdda52bfe414aed8754eada1b72f	apps/desktop/vendor/drawio/stencils/clipart/Gear_128x128.png
100644 blob 8ba777395da2281731360dcd04ad37269cb01803	apps/desktop/vendor/drawio/stencils/eip.xml
100644 blob d29e86178d8bf8e62e9345a224c26f242f842f9e	apps/desktop/vendor/drawio/stencils/electrical/abstract.xml
100644 blob a64da443b50ab365a8d90b9e609775c98c627646	apps/desktop/vendor/drawio/stencils/electrical/capacitors.xml
100644 blob 926ea01841a2ec3d4110de0c2b365d1adbf45ca1	apps/desktop/vendor/drawio/stencils/electrical/diodes.xml
100644 blob a8d1cb6069e7829da276835127b0ae627ea0e07e	apps/desktop/vendor/drawio/stencils/electrical/electro-mechanical.xml
100644 blob 1120c63eb7dc85e041d6fab6e9b32003a3c0cbfd	apps/desktop/vendor/drawio/stencils/electrical/iec417.xml
100644 blob 1cae6715c5e0b41f6da2c5e29ad4e4ec249d9ddf	apps/desktop/vendor/drawio/stencils/electrical/iec_logic_gates.xml
100644 blob 63384057f9c4e2f570a52fdd6d6079ff5ca3379c	apps/desktop/vendor/drawio/stencils/electrical/inductors.xml
100644 blob 0555614cf2401b33d725c6dea29c02f6dc7286ca	apps/desktop/vendor/drawio/stencils/electrical/instruments.xml
100644 blob a912c91b5193cd5d4337ffc68e0a0f555333d85f	apps/desktop/vendor/drawio/stencils/electrical/logic_gates.xml
100644 blob 14710541323edd1d4ef66b398096c23473e913e7	apps/desktop/vendor/drawio/stencils/electrical/miscellaneous.xml
100644 blob a0c37e8589afb4c33bc0a89c0fb4e2389fd08e86	apps/desktop/vendor/drawio/stencils/electrical/mosfets1.xml
100644 blob c2f2cd0214cd9f35b51b37e4164a472f3afc30f0	apps/desktop/vendor/drawio/stencils/electrical/mosfets2.xml
100644 blob 1c84cea7841e3a5ed28cb935c09326d864cfd321	apps/desktop/vendor/drawio/stencils/electrical/op_amps.xml
100644 blob a35ac803f9729ef5bc8b50a2d1e88a3691ffbd35	apps/desktop/vendor/drawio/stencils/electrical/opto_electronics.xml
100644 blob 425c743cf9647cd0ca429c0d07927fe80810461a	apps/desktop/vendor/drawio/stencils/electrical/plc_ladder.xml
100644 blob 2b699208153b1047a02e2a538aab53095faf4d5c	apps/desktop/vendor/drawio/stencils/electrical/power_semiconductors.xml
100644 blob e04856c436a9c45595afa5063fd2e9bff8c40e5d	apps/desktop/vendor/drawio/stencils/electrical/radio.xml
100644 blob d16aeb18b22523659a56ddfa9e6bc6067799bf94	apps/desktop/vendor/drawio/stencils/electrical/resistors.xml
100644 blob 3a3d85d5961a3f25ad40242d1ae272774187a223	apps/desktop/vendor/drawio/stencils/electrical/rot_mech.xml
100644 blob acd0dda359db0a220a00e32e012d91e8bc616ce7	apps/desktop/vendor/drawio/stencils/electrical/signal_sources.xml
100644 blob 19be5b74d4cfc584415bcef58d15683518fef948	apps/desktop/vendor/drawio/stencils/electrical/thermionic_devices.xml
100644 blob a4edf20b147917b459a0b9bc2ee741c445f922a6	apps/desktop/vendor/drawio/stencils/electrical/transistors.xml
100644 blob 94c3cc4abd4d529be2b66fe227f59606da354cb4	apps/desktop/vendor/drawio/stencils/electrical/transmission.xml
100644 blob 9eb9fb9e6efa1527a202ad074e0819393f72193c	apps/desktop/vendor/drawio/stencils/electrical/waveforms.xml
100644 blob 6d8e037c66a0d9dd6f82e1e317c4e5866d167a0f	apps/desktop/vendor/drawio/stencils/floorplan.xml
100644 blob 7471a506f2be07fb5e920047f30f2d51be40b556	apps/desktop/vendor/drawio/stencils/flowchart.xml
100644 blob d677d1305cd280573fefd02797f82d28e5856376	apps/desktop/vendor/drawio/stencils/fluid_power.xml
100644 blob 7d63619ef37832b630dfbed2fce1eb950a27c4ed	apps/desktop/vendor/drawio/stencils/gcp/big_data.xml
100644 blob be5a41d780e6781f5d2d81696eb2467aed8fc425	apps/desktop/vendor/drawio/stencils/gcp/compute.xml
100644 blob d564e0e7f65a4bc01fdf1bc29188bc0960a70b0a	apps/desktop/vendor/drawio/stencils/gcp/developer_tools.xml
100644 blob c20698ffe3c5280c9ef632fa06df7565f4867f8a	apps/desktop/vendor/drawio/stencils/gcp/extras.xml
100644 blob c8b923d28514eb4b6a7978bbb8c6487a91ba4d48	apps/desktop/vendor/drawio/stencils/gcp/identity_and_security.xml
100644 blob e88a6a44d22d7ba012d28b0571563939be1ddbae	apps/desktop/vendor/drawio/stencils/gcp/machine_learning.xml
100644 blob e861f089fecc67b889ab4320278811b417994380	apps/desktop/vendor/drawio/stencils/gcp/management_tools.xml
100644 blob 6d917462f453a47d37479a0b4f0052880c1f9083	apps/desktop/vendor/drawio/stencils/gcp/networking.xml
100644 blob e54f6829f8938a6fb4aeb0165fe95bc312aeb66a	apps/desktop/vendor/drawio/stencils/gcp/product_cards.xml
100644 blob 6b9c69034fce282bc01087f94a961c602b68d748	apps/desktop/vendor/drawio/stencils/gcp/storage_databases.xml
100644 blob eedeaabd96df18191de88a79b778950b18d4db67	apps/desktop/vendor/drawio/stencils/gcp2.xml
100644 blob bd54ab9efd8fc1287db0d751c1e320d6e978e26f	apps/desktop/vendor/drawio/stencils/gcp3.xml
100644 blob ca778b500ff16e5cf1315750d6c1b6bf374b66f7	apps/desktop/vendor/drawio/stencils/gmdl.xml
100644 blob e6ea16c36193e8dc5c4727845214603763edfcbe	apps/desktop/vendor/drawio/stencils/ibm.xml
100644 blob 0e0b6486a57265265b631d06def704d625ae7e18	apps/desktop/vendor/drawio/stencils/ibm_cloud.xml
100644 blob fe2fc3de4dcb91208536a345f3c0e2197d1952dd	apps/desktop/vendor/drawio/stencils/ios7/icons.xml
100644 blob 70ad8b21b28c12d8094b3bda71683320bd3cb2a5	apps/desktop/vendor/drawio/stencils/ios7/misc.xml
100644 blob 83b072f36ca4365d4be17833d5ec81ce007dfd61	apps/desktop/vendor/drawio/stencils/kubernetes.xml
100644 blob 5cf036455263124b925f47a20390cad3694ef19f	apps/desktop/vendor/drawio/stencils/kubernetes2.xml
100644 blob d7fe23f5af662af1d2c2b3a75945eb2b3175c37a	apps/desktop/vendor/drawio/stencils/lean_mapping.xml
100644 blob 08f790cc2fe3afb82eaf5a4990c6356b87cd23ca	apps/desktop/vendor/drawio/stencils/mockup/advertising.xml
100644 blob e63cb1b314933d52e84fa2bfcaa9463123bacab7	apps/desktop/vendor/drawio/stencils/mockup/calendars.xml
100644 blob 7187f3e168e2b8ef91bcafd70f44d3386f801cbe	apps/desktop/vendor/drawio/stencils/mockup/carousel.xml
100644 blob 612b3598d527d3dcb7a4712b958591df1b1df4d0	apps/desktop/vendor/drawio/stencils/mockup/charts_and_tables.xml
100644 blob dfef18c1c6d72d8de86a411339e161e134712209	apps/desktop/vendor/drawio/stencils/mockup/controls.xml
100644 blob 11ee13fffa52ca9b28f90202f65b8cf14910db75	apps/desktop/vendor/drawio/stencils/mockup/form_elements.xml
100644 blob 7b9c786b46db63787b010c7a6f05c834656de35c	apps/desktop/vendor/drawio/stencils/mockup/menus_and_buttons.xml
100644 blob 01b2c0b7c3993e62d4b7bffb87eed6e22a86c35b	apps/desktop/vendor/drawio/stencils/mockup/misc.xml
100644 blob b3d14aadc169ee59fce8ed00db506fa69ecad13c	apps/desktop/vendor/drawio/stencils/mockup/tabs.xml
100644 blob 22fdb3f30fe015e60272bbfe2328f9999f260044	apps/desktop/vendor/drawio/stencils/mscae/cloud.xml
100644 blob 65f07db23659e88b3e078da215540dd945341c06	apps/desktop/vendor/drawio/stencils/mscae/deprecated.xml
100644 blob c306d3d05f1ef32e0e952c0635095afb0e5cffdb	apps/desktop/vendor/drawio/stencils/mscae/enterprise.xml
100644 blob d79a2b12e61889df6e500ad6495c26d5c6db2e27	apps/desktop/vendor/drawio/stencils/mscae/general.xml
100644 blob 69f84c7bc8dbe6869b468c81997ac03b6aabee7c	apps/desktop/vendor/drawio/stencils/mscae/general_symbols.xml
100644 blob bd85a6dfe7ea162c72baf9858c9c8fd927bd28a9	apps/desktop/vendor/drawio/stencils/mscae/intune.xml
100644 blob 562d22cbecd8f358ef9e79a6a0a3a5632d55f59d	apps/desktop/vendor/drawio/stencils/mscae/oms.xml
100644 blob 63cb46eda94348251a9fe1c0fd9ecbb2e389fbe6	apps/desktop/vendor/drawio/stencils/mscae/opsmanager.xml
100644 blob 81131fb0f02d6d94f11dcbf2b31ced38cc0a385e	apps/desktop/vendor/drawio/stencils/mscae/other.xml
100644 blob 44152255042c845956ade4dfb4133ed8320790bf	apps/desktop/vendor/drawio/stencils/mscae/system_center.xml
100644 blob 306e278c34cfe735a733b54934d772d3f7cc184a	apps/desktop/vendor/drawio/stencils/mscae/vm.xml
100644 blob 24191cc4ab46ce2bc2c3896b811f2afd9ade43cf	apps/desktop/vendor/drawio/stencils/networks.xml
100644 blob 23bd0dd5fd16af5fec2ea923e98b360a8219d3a3	apps/desktop/vendor/drawio/stencils/networks2.xml
100644 blob 62356304997c12b3ef557a664e7799993e2f6759	apps/desktop/vendor/drawio/stencils/office/clouds.xml
100644 blob 91bdd28c91c093d052c957ede04a917d75942f89	apps/desktop/vendor/drawio/stencils/office/communications.xml
100644 blob 80f0b0eb0e35133475bae5cb64966fad621bd993	apps/desktop/vendor/drawio/stencils/office/concepts.xml
100644 blob 461889613264aab6c6c4615c65944949c5820a5d	apps/desktop/vendor/drawio/stencils/office/databases.xml
100644 blob 95f2aef9b17632ac239d320e50e9ab215b00dcd1	apps/desktop/vendor/drawio/stencils/office/devices.xml
100644 blob 4e00691bc7f21a8748c9f29e42b8e4a5548acde1	apps/desktop/vendor/drawio/stencils/office/security.xml
100644 blob f2faa02445230eb578ea1a6fe2e0ad786027e435	apps/desktop/vendor/drawio/stencils/office/servers.xml
100644 blob 8051a1d6e3f816e33172e6b9668e55df28f0fb22	apps/desktop/vendor/drawio/stencils/office/services.xml
100644 blob 56f4bd697aea16f2b22ca079b97d89809682a432	apps/desktop/vendor/drawio/stencils/office/sites.xml
100644 blob 559f0907fcb5142549aa36e82c67a93169c5faf1	apps/desktop/vendor/drawio/stencils/office/users.xml
100644 blob c3699f9dbc7ba2712c0ee98834620f768f57e0af	apps/desktop/vendor/drawio/stencils/openstack.xml
100644 blob bb73c5e1a23dc180af19b72a35b508a20abf35de	apps/desktop/vendor/drawio/stencils/pid/agitators.xml
100644 blob 30f1d7fb153615575c21afef4688e4cfbe8667ae	apps/desktop/vendor/drawio/stencils/pid/apparatus_elements.xml
100644 blob 4cc93ac22d9d1152608450fb2b46b1274445427b	apps/desktop/vendor/drawio/stencils/pid/centrifuges.xml
100644 blob 591906ffa3f83a107c2f3bb62bc6ca5d84567632	apps/desktop/vendor/drawio/stencils/pid/compressors.xml
100644 blob a82e9d9ead89cc6cb0167beba5bd86e29828146c	apps/desktop/vendor/drawio/stencils/pid/compressors_iso.xml
100644 blob 9ac033243f3a5b1eefe904cfd0f4a5ad300d20f7	apps/desktop/vendor/drawio/stencils/pid/crushers_grinding.xml
100644 blob af161877c11e556041aeefba55cc2a777b6273f0	apps/desktop/vendor/drawio/stencils/pid/driers.xml
100644 blob eec950f7e0367434e905922aeb3156761d8a3a8c	apps/desktop/vendor/drawio/stencils/pid/engines.xml
100644 blob c8208a00e75530de1dfb263751bdfca365d79108	apps/desktop/vendor/drawio/stencils/pid/feeders.xml
100644 blob 66d1972ebbf8245085e7ae220aaa8bd7f9481aad	apps/desktop/vendor/drawio/stencils/pid/filters.xml
100644 blob db7c58a48305f7984e763e037cfd8ddd1c6f5337	apps/desktop/vendor/drawio/stencils/pid/fittings.xml
100644 blob bdc9b1099261da994c6652fdff9cfb8a3f54fafa	apps/desktop/vendor/drawio/stencils/pid/flow_sensors.xml
100644 blob 6670b3f1af7f9f1db67cccbae36668c1fffe586a	apps/desktop/vendor/drawio/stencils/pid/heat_exchangers.xml
100644 blob 00c47a2e869e71b1461d783007217ca969c55253	apps/desktop/vendor/drawio/stencils/pid/instruments.xml
100644 blob cb17daf7c6aa2a028ec3fbf798801cdeb5a6eef8	apps/desktop/vendor/drawio/stencils/pid/misc.xml
100644 blob a4f451d69154bc7b2cb185c9326ab53cb04ab7ad	apps/desktop/vendor/drawio/stencils/pid/mixers.xml
100644 blob c0e8585dabd936f2fab68ef0dd13043f64acab75	apps/desktop/vendor/drawio/stencils/pid/piping.xml
100644 blob 9dc4b46f914d7e09df56ca296626b4ac8df79e88	apps/desktop/vendor/drawio/stencils/pid/pumps.xml
100644 blob 19df0dd9d67c3e368bdb64bf3aa3604c4993a45b	apps/desktop/vendor/drawio/stencils/pid/pumps_din.xml
100644 blob 54db32bf1b7fbd006b833b9a41207e30e77c6d77	apps/desktop/vendor/drawio/stencils/pid/pumps_iso.xml
100644 blob 32af6ad8b118afc7ded5306b3f0af30f68c0499a	apps/desktop/vendor/drawio/stencils/pid/separators.xml
100644 blob 8d10ff3dfc06e7cfe672b2faf604f98b2a1c3f47	apps/desktop/vendor/drawio/stencils/pid/shaping_machines.xml
100644 blob 5ded108c820da52a4c41a8e16f5983bb7115c065	apps/desktop/vendor/drawio/stencils/pid/valves.xml
100644 blob 064d6b3a7021d0e6d5c9c7c178d2de4a1e88bc9e	apps/desktop/vendor/drawio/stencils/pid/vessels.xml
100644 blob 42a4ee0b8788233e3098d5b5b602a3253f76f192	apps/desktop/vendor/drawio/stencils/rack/apc.xml
100644 blob f01373c9bb6c3385c4382da4e17400070b1b7ed3	apps/desktop/vendor/drawio/stencils/rack/cisco.xml
100644 blob 4375f12bd0fe38ac4dd43bf5be4f9e1236db1868	apps/desktop/vendor/drawio/stencils/rack/dell.xml
100644 blob 0d3af87ba6efbfccb58c1c0601bf397dd042489d	apps/desktop/vendor/drawio/stencils/rack/f5.xml
100644 blob 33f4f919dee4a360798bf514d4a87b1231a38536	apps/desktop/vendor/drawio/stencils/rack/general.xml
100644 blob 8556f7448713395c13768012e1bbb4cbae320f91	apps/desktop/vendor/drawio/stencils/rack/hp.xml
100644 blob db852eb80fbe1a5680d609d15df6ce9d64d397d8	apps/desktop/vendor/drawio/stencils/rack/hpe_aruba/gateways_controllers.xml
100644 blob e06cd08f8acfebaa38aa8a0f8e10299fbff5eb93	apps/desktop/vendor/drawio/stencils/rack/hpe_aruba/security.xml
100644 blob b8589ad59635a5e40ae75691372ade49c8a60a15	apps/desktop/vendor/drawio/stencils/rack/hpe_aruba/switches.xml
100644 blob 6c7406b78a78f067a20022d07da6a2698b68d605	apps/desktop/vendor/drawio/stencils/rack/ibm.xml
100644 blob 1bc69c1fcd78fa07782fefd2bfb2ae03c769ecb6	apps/desktop/vendor/drawio/stencils/rack/oracle.xml
100644 blob 1f7698ec2f13a7f840979e60955f809fbb76e27d	apps/desktop/vendor/drawio/stencils/salesforce.xml
100644 blob 0b91de57a54bb785b732d962859b5a5afd6c1b66	apps/desktop/vendor/drawio/stencils/signs/animals.xml
100644 blob 6e64c8cd3932e410e417a9e866ce37ae1833b1be	apps/desktop/vendor/drawio/stencils/signs/food.xml
100644 blob 6c4e1b89335a4d697dd37c530e31a0e6e5e5e549	apps/desktop/vendor/drawio/stencils/signs/healthcare.xml
100644 blob 32bb252351f0200eff68f32f19059a7938099916	apps/desktop/vendor/drawio/stencils/signs/nature.xml
100644 blob 032afa34a5c947f0f615e2c9362176c968329aea	apps/desktop/vendor/drawio/stencils/signs/people.xml
100644 blob 4fb0a7941821c98c0ec92222f58da4bec69d0757	apps/desktop/vendor/drawio/stencils/signs/safety.xml
100644 blob b2205f0f95dc7b043528249ab732ed8b6c2240c7	apps/desktop/vendor/drawio/stencils/signs/science.xml
100644 blob dc8c5d08d00cc506ef36cb8379fce2db39a396b6	apps/desktop/vendor/drawio/stencils/signs/sports.xml
100644 blob 761c974bb6fbaf4d7cf7738fa4f7eaf45fe64241	apps/desktop/vendor/drawio/stencils/signs/tech.xml
100644 blob 5339c602b7dc381a2a74bd028753e55f59494567	apps/desktop/vendor/drawio/stencils/signs/transportation.xml
100644 blob f2b550f8453fa227e332ef500c7d60e4307e5d76	apps/desktop/vendor/drawio/stencils/signs/travel.xml
100644 blob 30c2450dc104047978c437529fd13ed628a05599	apps/desktop/vendor/drawio/stencils/sitemap.xml
100644 blob 6649dbdec9980acb42ae0a295e48b81f2727125f	apps/desktop/vendor/drawio/stencils/veeam/2d.xml
100644 blob 0397e6acd176dfa5b1e565a97b8aa65eb6099ba7	apps/desktop/vendor/drawio/stencils/veeam/3d.xml
100644 blob e45d6b8069f990834f5ed67a954dbc6694278c6c	apps/desktop/vendor/drawio/stencils/veeam/veeam.xml
100644 blob 1a58634f22edad4d74ffda442e40b434f1d12f6f	apps/desktop/vendor/drawio/stencils/veeam/veeam2.xml
100644 blob 2f69c5ee804f2b19f1681f7b3a04b4378fe8038d	apps/desktop/vendor/drawio/stencils/vvd.xml
100644 blob d75535a7c0bdaf1bef8d0f115cf77a760a08efcc	apps/desktop/vendor/drawio/stencils/webicons.xml
100644 blob 30aac8ae73b8f7217f9ebc1dee4730a2b7ca9126	apps/desktop/vendor/drawio/stencils/weblogos.xml
100644 blob 4c9db53b753338556d29579c1712b234c0c24ea7	apps/desktop/vendor/drawio/styles/dark-default.xml
100644 blob 8e3bf0fce42e9cc78a08b286c4207a85e4bfa01c	apps/desktop/vendor/drawio/styles/default-old.xml
100644 blob 82fb1b23bd898e57c93911e1c2cb47f1dc075613	apps/desktop/vendor/drawio/styles/default.xml
100644 blob 421f247edf1bdb744c73f6dd24155540ec822281	apps/desktop/vendor/drawio/styles/fonts/ArchitectsDaughter-Regular.ttf
100644 blob f34ecf6e682133c6af03ec30ffd1d9e48d11b061	apps/desktop/vendor/drawio/styles/grapheditor.css
100644 blob 88898c2c9e0075b30fd3393b6e5ddd43f59c2574	apps/desktop/vendor/drawio/styles/high-contrast.css
100644 blob f2896f5c0c9ab969a0a9d8592a382294cc7577a0	apps/desktop/vendor/drawio/styles/thumb_horz.png
100644 blob e0a22e029c85ee85d86724ba4ef3cc46c61fe0f5	apps/desktop/vendor/drawio/styles/thumb_vertical.png
100644 blob 042506ccf9ae0acfbcbdb3d4cd440b64160a6dc6	apps/desktop/vite.utility.config.ts
100644 blob ea6ee019fd3aad3c1ebecaaee293b7043643d26c	package.json
100644 blob 2c514450c1428a84847eaf9420386ed8884a8450	packages/adapter-sberea-yaml/package.json
100644 blob 9ff1cb6250261147345d165ee2a70c26be18980b	packages/adapter-sberea-yaml/src/adapter.ts
100644 blob 3fa1f31ead1643e15f484691693f719dbdd6a9b0	packages/adapter-sberea-yaml/src/files.ts
100644 blob 58a15d5a5315f29e9e46f68bca22755efccefd5e	packages/adapter-sberea-yaml/src/index.ts
100644 blob 7d81175d29b286040662715eecda917733d6b014	packages/adapter-sberea-yaml/src/model.ts
100644 blob db8791ad9259ced9691e5a127f1bcc661ea308fe	packages/adapter-sberea-yaml/src/preserve.ts
100644 blob dbeb4f7029b7850fec8511ca4de5e0db9a888d42	packages/adapter-sberea-yaml/src/read.ts
100644 blob 43d184a92156a609ca9bc8b353444f442479503a	packages/adapter-sberea-yaml/src/writer.ts
100644 blob aead842056ae1785eab2aca83ec8a2eb513a66eb	packages/adapter-sberea-yaml/tests/contracts.test.ts
100644 blob 342e0b83a12b38e286710300f83d7e65c5c082af	packages/adapter-sberea-yaml/tests/fixtures/crash-worker.ts
100644 blob f1629e0e020b3c5f5d577e31ef0dd2d0d2207def	packages/adapter-sberea-yaml/tests/fixtures/synthetic.ts
100644 blob 14b693dc5618691c543bd51b56aba62a7b63a2fc	packages/adapter-sberea-yaml/tests/flow-create.test.ts
100644 blob 78e552a5d3d03388578bcad628728cf544dd166b	packages/adapter-sberea-yaml/tests/loading.test.ts
100644 blob 23972f19fe41b1bd355f97e0b3a2d9abb376fc99	packages/adapter-sberea-yaml/tests/preserve.test.ts
100644 blob 3399525a4db17033f815bc07d6c96828c36f1063	packages/adapter-sberea-yaml/tests/real-data.test.ts
100644 blob 978fd4ba714a0c67b91835f0203acdcd3e59b52f	packages/adapter-sberea-yaml/tests/recovery.test.ts
100644 blob 23864eb13d584355d8ebc918d7ccf499a0a67555	packages/adapter-sberea-yaml/tests/watch.test.ts
100644 blob 9c4d427cb1ef44fb0b48192da3968f62f6c7d847	packages/adapter-sberea-yaml/tests/write.test.ts
100644 blob 30606cf021708ccf13bee4ba90dd59a239ee097f	packages/adapter-sberea-yaml/tsconfig.build.json
100644 blob 822a105014b6521178fcae48b4d37fc72490bb41	packages/adapter-sberea-yaml/tsconfig.json
100644 blob 1460d28375f16c9a524e946c9c901981744192cc	packages/adapter-yaml/package.json
100644 blob 841e7b95e6228a1a9ebb65af7916e940149fdae9	packages/adapter-yaml/src/discovery.ts
100644 blob 2e2bf82b43fb8cfc205b0a42954c98bd0127b460	packages/adapter-yaml/src/index.ts
100644 blob e6e0899dca7333d22b294ff87de9ac3c79f08210	packages/adapter-yaml/src/native.ts
100644 blob 2836af44fc789c25fcfdacf3a284799fe47f84ca	packages/adapter-yaml/src/paged.ts
100644 blob a3cf13d3c4674b11ca769bdd5d40fc12e82b4b22	packages/adapter-yaml/src/sample.ts
100644 blob 9fdf44af5da29ca5df8fac2fbeead60e06e5682e	packages/adapter-yaml/tests/adapter.yaml.integration.test.ts
100644 blob 801a8979196ebe952ab4df4d0ac910115efee3f1	packages/adapter-yaml/tests/adapter.yaml.recovery.test.ts
100644 blob ef2162a248b2c85a6bfb73646d24ea2b667b8430	packages/adapter-yaml/tests/adapter.yaml.safety.test.ts
100644 blob 029df0e51099f88d0ec705a607013b4cfdfc7143	packages/adapter-yaml/tests/fixtures/crash-worker.ts
100644 blob 244e2e572657f158fd549e90fab478b8be2ca51e	packages/adapter-yaml/tests/fixtures/v2-crash-worker.ts
100644 blob 43c9b994e0ea5eab6f9e64e8cfe08ebac3e69f97	packages/adapter-yaml/tests/identity.integration.test.ts
100644 blob c8c7a8bb90aa504162214479ecf071aff6a92d87	packages/adapter-yaml/tests/native-v2-recovery.test.ts
100644 blob 4f5691848f1026d009bc9cedb006dbba63cbd1b5	packages/adapter-yaml/tests/native-v2-safety.test.ts
100644 blob 57c846630328fc8048a4da010608c81f44a64975	packages/adapter-yaml/tests/native-v2.feature
100644 blob 0c073a932f45975fcf5ab10f4416ab45cbbb6a9f	packages/adapter-yaml/tests/native-v2.test.ts
100644 blob ed6220815d7c456c33a5388cc3b7aa29bb20791b	packages/adapter-yaml/tests/process-recovery.test.ts
100644 blob 432acc08c2d3d964b5b241d1c192f6c50abb200b	packages/adapter-yaml/tests/recovery.service.test.ts
100644 blob 0c64769000c60daacbd8eade61f903e3bd80705f	packages/adapter-yaml/tests/schema-mapping.test.ts
100644 blob 3cbe381d0b0af67bafa56f733e23183f8d820f64	packages/adapter-yaml/tsconfig.build.json
100644 blob 822a105014b6521178fcae48b4d37fc72490bb41	packages/adapter-yaml/tsconfig.json
100644 blob 39c7ce45a61a33676199255cfb5339a58d526288	packages/draw/.gitignore
100644 blob 23c17db749ebee11a5169e3f651f78d26a16a82e	packages/draw/README.md
100644 blob 7ce1142cc91f3c04d08929de4aa35cbf8b05dc8c	packages/draw/docs/architecture.md
100644 blob 1dac516604b2e87e85e8a40a7c136335e70b5d15	packages/draw/docs/development.md
100644 blob e8eb93acf2ecb072bbe4830e73055ee014ca0ab5	packages/draw/docs/document-format.md
100644 blob 0d42945fb58d5a09354261ca824ff1e6d82a1e3b	packages/draw/docs/evidence.md
100644 blob 2edc18a24d0b7f0284ce9c04af390e8127944fe9	packages/draw/docs/routing.md
100644 blob a90cd620c883708a213cee78ef36d5866266744b	packages/draw/docs/segment-editing.md
100644 blob acd097c2f4300a59dd937f481e3c97586abae176	packages/draw/docs/segment-test-matrix.md
100644 blob aad329d7114e3ebabf2c3ff2ebd3b81e9626286b	packages/draw/docs/testing.md
100644 blob 60f288f9f180bf410618404b2a90426849cac667	packages/draw/docs/traceability.md
100644 blob a18ba63997c20192ff8e153650fee57a942c92f0	packages/draw/docs/verification-report.md
100644 blob 1c45db7757d452f7a04b85940efe9176d31d9b36	packages/draw/docs/x6-segments-spike.md
100644 blob ce5354d22d1e38ad75f0bc383433a3bf19958245	packages/draw/editor-visual.html
100644 blob 5f59212edc1ef372c040b3710c67442249a173f9	packages/draw/index.html
100644 blob e69de29bb2d1d6434b8b29ae775ad8c2e48c5391	packages/draw/openspec/changes/archive/.gitkeep
100644 blob 563fab5abae5ee38e571273cbf9801be296a9cae	packages/draw/openspec/changes/archive/2026-09-22-build-standalone-frade-designer/.openspec.yaml
100644 blob 4c6839200907c171984d7007fce6e5de2de3ef23	packages/draw/openspec/changes/archive/2026-09-22-build-standalone-frade-designer/design.md
100644 blob d946ee53c0d221f3e091bee4e51ee80e93da06e1	packages/draw/openspec/changes/archive/2026-09-22-build-standalone-frade-designer/proposal.md
100644 blob 5f4874db51f984badee1aeae465be5da5ff2a6f2	packages/draw/openspec/changes/archive/2026-09-22-build-standalone-frade-designer/specs/diagram-visual-verification/spec.md
100644 blob ffd20ed8ae29b64ed46dd235b95c21e11e89907a	packages/draw/openspec/changes/archive/2026-09-22-build-standalone-frade-designer/specs/drawio-segment-editing/spec.md
100644 blob c2a4f6dd38d7d5303ee0fa3eccfae7c245193643	packages/draw/openspec/changes/archive/2026-09-22-build-standalone-frade-designer/specs/floating-manhattan-connections/spec.md
100644 blob 8f0ea5d666c2d2a0ffb34378a477e5149a2b064d	packages/draw/openspec/changes/archive/2026-09-22-build-standalone-frade-designer/specs/standalone-diagram-editor/spec.md
100644 blob 2242cc226c808d4e315b5360b342229d3579e865	packages/draw/openspec/changes/archive/2026-09-22-build-standalone-frade-designer/tasks.md
100644 blob c4d34acea98d96d1c53eb71c7544336092d92f80	packages/draw/openspec/config.yaml
100644 blob e69de29bb2d1d6434b8b29ae775ad8c2e48c5391	packages/draw/openspec/specs/.gitkeep
100644 blob 0651d2abaea3ea9269ebeafd5ef2cdc471acd939	packages/draw/openspec/specs/diagram-visual-verification/spec.md
100644 blob 1d12ba2fa5031c92699db9836f357bf9bd9cd6c5	packages/draw/openspec/specs/drawio-segment-editing/spec.md
100644 blob aa2585dde98df29623f67962d4466269fb2c3249	packages/draw/openspec/specs/floating-manhattan-connections/spec.md
100644 blob 4f214188c828abcf193c83fd9657196333e740bd	packages/draw/openspec/specs/standalone-diagram-editor/spec.md
100644 blob e14c4dcdea816fceccdda281c7e2560d26ead7c3	packages/draw/package.json
100644 blob 56b1c2168b75cd5b2304caf8d16d5df7fa5c7e2a	packages/draw/playwright.config.ts
100644 blob f3270a78da65ddb34651793304e118526052d4f5	packages/draw/spike.html
100644 blob 03324d94ccedb3c0a43cfe7fb82a5dd4b49c3a66	packages/draw/src/connections/connectionStateMachine.ts
100644 blob 32d2c129fdc36bf8cd72bb4d92ae589a28a6c4ae	packages/draw/src/connections/connectionTool.ts
100644 blob 7a036256277886593469ca95d818711be1d2249d	packages/draw/src/connections/previewRoute.ts
100644 blob c8b55fac87caf852c97c2f6e650ec8b17267c7b4	packages/draw/src/document/fileAdapter.ts
100644 blob 1e2641b2e8c664fc8abc77e23ad11ddd74a0c1a5	packages/draw/src/document/graphAdapter.ts
100644 blob 424c6122fed09f5e49c7f6b494aeb72852369cc9	packages/draw/src/document/schema.ts
100644 blob 8aca130b01ae5867936467f6f490c714f5e08d32	packages/draw/src/document/serialize.ts
100644 blob 6c0f6c6506baa13aa204fb09b0b66c111571b1b7	packages/draw/src/editor-visual-entry.ts
100644 blob 48c28d84b54e4e8a3818331eeeb1af7569309f5c	packages/draw/src/editor/DiagramEditor.tsx
100644 blob bff54b660821dcf9961cc217dfb424bd2b5f240f	packages/draw/src/editor/createGraph.ts
100644 blob 01e8c8f4f52665bdb9fa916ecef940e219a5288d	packages/draw/src/geometry/normalizeRoute.ts
100644 blob 5f6dae711d147bafd2f1df2930552a505e3fe4f9	packages/draw/src/geometry/routeSnapshot.ts
100644 blob a0954ef5e719d05a1233d3b1b00bead7961e622c	packages/draw/src/geometry/validateManhattanRoute.ts
100644 blob 0f576fbd45ffd1824218e5f0571c4327fd157e2e	packages/draw/src/index.ts
100644 blob 1605c9a4212b6c2d60a473186f31731adba11ad7	packages/draw/src/main.tsx
100644 blob 29544f8cdd0af6f223865691c8bb0637b19bb7a9	packages/draw/src/routing/AGENTS.md
100644 blob c898ce9b4b371d6c795101c9c2680c4b3fd48fff	packages/draw/src/routing/floatingAttachment.ts
100644 blob e9b2c64a15af6cf17be65df41372097c58bd3aad	packages/draw/src/routing/floatingRoute.ts
100644 blob 9836553c8b7cd373ed0406db55266305200f2fb1	packages/draw/src/routing/geometry/index.ts
100644 blob e0078f04e6dd2c31ceddfe6d73f692610e58fefe	packages/draw/src/routing/geometry/normalization.ts
100644 blob 4755ef62add5bf05dacc2fb4e7243d5b2ceec0d5	packages/draw/src/routing/geometry/numbers.ts
100644 blob 2861ad4907062030aec4de632dad05126ee8f748	packages/draw/src/routing/geometry/rectangles.ts
100644 blob 8e51b953b0696685fcc487e9209b6067ac8c3993	packages/draw/src/routing/geometry/segments.ts
100644 blob 2a77d20c509abcda277298620c65c29e5a6a23e0	packages/draw/src/routing/geometry/transforms.ts
100644 blob 28e924e9f283f2615facd12b3002d41645cfd385	packages/draw/src/routing/geometry/validation.ts
100644 blob 11b42c8d1c30adfa86b713a7fb7d3ff2595c3e49	packages/draw/src/routing/manhattanRoute.ts
100644 blob 028949a9c8bea2271c56d59142310ccfcaaeec9f	packages/draw/src/routing/model/index.ts
100644 blob 6bde7766f083a2ba2d3d0248700624372bc6c583	packages/draw/src/routing/model/primitives.ts
100644 blob 9b4a06b426b1118bb295c1c7f33a16f37ccd0405	packages/draw/src/routing/model/spaces.ts
100644 blob c451b08ce83ec129e4583b5368224ccea0e03ffd	packages/draw/src/routing/model/validation.ts
100644 blob 5e88036994cd8c587f107f4b9fd5d9e8af26f5e0	packages/draw/src/routing/model/vocabulary.ts
100644 blob 8e8b5c73aad3a8dce087f8e9c7411a149a8515b9	packages/draw/src/routing/movingRectangleRoute.ts
100644 blob 1e49ac11ed85bc15b4980aa9a38212df1fe62881	packages/draw/src/routing/orthogonal/direction/README.md
100644 blob 697ee1bc955df9c20adbfc004b5a62a7fe1c439b	packages/draw/src/routing/orthogonal/direction/contracts.ts
100644 blob 551f17de6093b2dd9e1763f7d444133d8dfb5c10	packages/draw/src/routing/orthogonal/direction/index.ts
100644 blob b705e6d119821bdb8b85189d154a75af8fc129a0	packages/draw/src/routing/orthogonal/direction/preferences.ts
100644 blob cfb04fae865cbf48baaf6ff0c9b3f777ddd064fb	packages/draw/src/routing/orthogonal/direction/relative.ts
100644 blob 24e68b7ce49483953f11e0e62520f483431b945e	packages/draw/src/routing/orthogonal/direction/resolve.ts
100644 blob 3b3ea4763513e10e32b8553425f7240a850a5081	packages/draw/src/routing/perimeter/contracts.ts
100644 blob dd9102654620e7ab8cbb8cef3e4307be615269bf	packages/draw/src/routing/perimeter/ellipse.ts
100644 blob 2f3695e9269ed302f2ae9db5384d68a501184661	packages/draw/src/routing/perimeter/index.ts
100644 blob b6a1163e4978b5d21c029ce97a6dbcb594e3dc1d	packages/draw/src/routing/perimeter/intersection.ts
100644 blob ec7bc478b471931c9e4bb3b59345042642061949	packages/draw/src/routing/perimeter/rectangle.ts
100644 blob f80a21d18646a870eb6c2b9640d9664f3031df10	packages/draw/src/routing/perimeter/validation.ts
100644 blob d7f1512f52c29b1be765d99f1c7b6188a3d6ffdf	packages/draw/src/routing/roundedConnector.ts
100644 blob e88b0ae538fd273764d1600a34f1ec4b93bcd8e0	packages/draw/src/routing/terminal/README.md
100644 blob c227ff8443d5554f0e65ccb101fef1fbf9daa710	packages/draw/src/routing/terminal/contracts.ts
100644 blob dc88a43ba62506b34aabd4e4a05082ba06f0312b	packages/draw/src/routing/terminal/fixed.ts
100644 blob ffd8e9ddd3e3d13d7e232968430f954e97762850	packages/draw/src/routing/terminal/floating.ts
100644 blob 7eeb1f22ebbdf2b84efeba2e93b063d1e1ac2993	packages/draw/src/routing/terminal/index.ts
100644 blob d968b5a2c5d1cef7fb703ce375374cef98b80620	packages/draw/src/routing/terminalPolicy.ts
100644 blob e236cd6e6f68aa9cc5248dc73990318acfdef089	packages/draw/src/routing/x6RoutingAdapter.ts
100644 blob 845da8aed15b8ae1f283cfe19f79a1fe3efb40f4	packages/draw/src/segment-editing/dragSession.ts
100644 blob e7c4c54ffa7e7fb773e1242281fbe0fdc4092736	packages/draw/src/segment-editing/floatingSegments.ts
100644 blob 8899795fdd12b2ea778afc68c3a23ba6c9663431	packages/draw/src/segment-editing/resolveSegmentDrag.ts
100644 blob 86635712f098f422d1ffeca2916c3b29bbdcd9fb	packages/draw/src/segment-editing/segmentDragController.ts
100644 blob 203b0d0d46063ec6c0241966951c30ac41e24cfa	packages/draw/src/segment-editing/segments.ts
100644 blob 84771e309c0df5688e85fe699afbd73e248867fb	packages/draw/src/segment-editing/x6Adapter.ts
100644 blob b2098983dd71e13edf9435e6c861bbbf3f86f262	packages/draw/src/spike.ts
100644 blob 4977a41640c4db9521b92576021b3bc9216cfcdc	packages/draw/src/style.css
100644 blob 9b6ea604f71caefe4bc9c35767619b352fbb6af0	packages/draw/src/visual-entry.ts
100644 blob eeffb96743bce676af1b9bce040db5c9e2c1d8f5	packages/draw/src/visual/api.ts
100644 blob 1f3c1a26b7f9c30a2008a9d24ac24738698bbe7b	packages/draw/tests/consumer/index.tsx
100644 blob 672c1498caedc888b21124ba9780d187b72691e9	packages/draw/tests/consumer/tsconfig.json
100644 blob 087d1b8a23c6202158759f94f4ee1a8558b2e22f	packages/draw/tests/features/connection-preview.feature
100644 blob c48b5187eec0b1fe21387fa7cd433da2eeae5711	packages/draw/tests/features/diagram-lifecycle.feature
100644 blob 9068f499440a8b7a6c7293f323c959d8c503d495	packages/draw/tests/features/document-roundtrip.feature
100644 blob bee21df46a30c0a0278e6afbd448037c539c24ad	packages/draw/tests/features/floating-attachment.feature
100644 blob 9ff55e57632cf37898705eb3f43d2871af559a49	packages/draw/tests/features/segment-editing.feature
100644 blob 6e80ead1609c4fdcfe99f9ee75faeaf16f4ff3f7	packages/draw/tests/fixtures/legacy-manual-vertices.json
100644 blob e49110c2bbbb496398c0ab910324a0ad824eac92	packages/draw/tests/fixtures/obstacle-between.json
100644 blob a9d1d5eaa37f74cfc1b1ffffafca1065f3c7460a	packages/draw/tests/fixtures/straight-floating.json
100644 blob 159893c75bcd2c8c4c75536a4efc27059b99c45c	packages/draw/tests/routing-v2/direction/README.md
100644 blob ba9bfb9561280b87335fe7517bfe9cea1888dd4a	packages/draw/tests/routing-v2/direction/fixtures/reference-cases.json
100644 blob a86ac01c8ba9e337e85a094e5ddda79709135d79	packages/draw/tests/routing-v2/direction/mutation/audit-reporter.mjs
100644 blob fe4d5d534ce2c323babf21b536c3badc8e6ebe5d	packages/draw/tests/routing-v2/direction/mutation/resolve.d.mts
100644 blob 1fdf4780f614412d55d73fb181ea71c68dd7c7ed	packages/draw/tests/routing-v2/direction/mutation/resolve.mjs
100644 blob 6222781ee7edd12da540f20804e9125e4e32a5e7	packages/draw/tests/routing-v2/direction/mutation/run.mjs
100644 blob 1740cf66bbd3e2f283a5bd85f51074939a620eeb	packages/draw/tests/routing-v2/direction/property/core.property.test.ts
100644 blob e6ea40ec162c45350fbc02103c926f075fe8f5da	packages/draw/tests/routing-v2/direction/reference/generate.mjs
100644 blob ceffca4f5e7d45e96b808f6df310c67dfbf9aadb	packages/draw/tests/routing-v2/direction/types/space.type-test.ts
100644 blob eef97f6b2f127a6de5d81f036825ccffd2f43bec	packages/draw/tests/routing-v2/direction/types/tsconfig.json
100644 blob b57f42096b72880a07ebf5927d031d0bc842f470	packages/draw/tests/routing-v2/direction/unit/contracts.test.ts
100644 blob 56941df7c456157ecf3dc7b39e9169f94c3f78e2	packages/draw/tests/routing-v2/direction/unit/evidence.test.ts
100644 blob e279b5668c3636f2b130fa16ebc26fa1208c7eda	packages/draw/tests/routing-v2/direction/unit/fixed.test.ts
100644 blob 5381ca9764f3ebc7e1668fb8bda2029a3f49e37b	packages/draw/tests/routing-v2/direction/unit/mutation-runner.test.ts
100644 blob a686354ddefcc758fa6625d66df951a5aa90a488	packages/draw/tests/routing-v2/direction/unit/preferences.test.ts
100644 blob 64825d4caeb846bf7884366aa3b494a03e10fb26	packages/draw/tests/routing-v2/direction/unit/property-harness.test.ts
100644 blob 2d1c179f7a694459ea38168cbc79e64bcd02301a	packages/draw/tests/routing-v2/direction/unit/reference.test.ts
100644 blob 508c0977ccffc8907fe859564220ba71dae3194a	packages/draw/tests/routing-v2/direction/unit/relative.test.ts
100644 blob 036cbd5f21ddaefbea66a4c894767dc2d8af2b32	packages/draw/tests/routing-v2/direction/vitest.config.ts
100644 blob 2eb4075ea655ff32e4146adc81382c7837f3d122	packages/draw/tests/routing-v2/geometry/README.md
100644 blob d1dd0a34bb00ca71323ea6d76e997309262fc829	packages/draw/tests/routing-v2/geometry/property/geometry.property.test.ts
100644 blob 44b54ed64d0e4146494c8053a888695e5029af0e	packages/draw/tests/routing-v2/geometry/support/generated.ts
100644 blob a7788afc503dba6dd112f411c6e22a92535d6b5c	packages/draw/tests/routing-v2/geometry/support/regressions.ts
100644 blob 0cf24565f5fbe50e3929463ba28539f499104cce	packages/draw/tests/routing-v2/geometry/types/same-space.type-test.ts
100644 blob f0dc352a2c11ef9eb35058c110bdf7695df9aef1	packages/draw/tests/routing-v2/geometry/types/translation.type-test.ts
100644 blob eef97f6b2f127a6de5d81f036825ccffd2f43bec	packages/draw/tests/routing-v2/geometry/types/tsconfig.json
100644 blob eb2950ccf1e28ac55189b2ff938980367dbd721a	packages/draw/tests/routing-v2/geometry/unit/architecture.test.ts
100644 blob c3ab8c40d346d6421973421491b6a3acf0e1afe7	packages/draw/tests/routing-v2/geometry/unit/normalization.test.ts
100644 blob a1ac5c3af11d4fdb80ee9d411af0301025eab50d	packages/draw/tests/routing-v2/geometry/unit/numbers.test.ts
100644 blob 354c9415f6bfde8565e05b007af3153bc83f5c88	packages/draw/tests/routing-v2/geometry/unit/primitives.test.ts
100644 blob 969644a15be74b638e6d4e6a5280d19ce1b67bcd	packages/draw/tests/routing-v2/geometry/unit/rectangles.test.ts
100644 blob 9513f28a98a529a15c922d5cd2a3d62f2585b942	packages/draw/tests/routing-v2/geometry/unit/segments.test.ts
100644 blob 96703ccf5c9e726159be63f27c06f64af0796607	packages/draw/tests/routing-v2/geometry/unit/transforms.test.ts
100644 blob 193718a96dcca21d3a75fb3d40757b9e8663ba8b	packages/draw/tests/routing-v2/geometry/vitest.config.ts
100644 blob 0c822672f7990c7251f92a8e6c57c2d2899f2b3e	packages/draw/tests/routing-v2/perimeter/property/ellipse.property.test.ts
100644 blob 245d8a50b3fda16d710896414ac475ee7428bc04	packages/draw/tests/routing-v2/perimeter/property/rectangle.property.test.ts
100644 blob 02ac2ce74fa161a0ad463a1878c6c318a5ce237a	packages/draw/tests/routing-v2/perimeter/support/generated.ts
100644 blob 6e703fc6eef7fca62b9c041b355e30f63e2495ba	packages/draw/tests/routing-v2/perimeter/types/ellipse.type-test.ts
100644 blob 16b9321947277eef1fcbb459e46ab7115a4f7761	packages/draw/tests/routing-v2/perimeter/types/rectangle.type-test.ts
100644 blob cddbfcb07f649cd558f253c5088e286756aad9f0	packages/draw/tests/routing-v2/perimeter/unit/ellipse.test.ts
100644 blob 98e61ca5786dc12b26f2753d5048f6fc9978fe42	packages/draw/tests/routing-v2/perimeter/unit/rectangle.test.ts
100644 blob b992584f47bb0722eaa5b582ba928e3a39dcce97	packages/draw/tests/routing-v2/perimeter/unit/validation.test.ts
100644 blob 4fd95e16d05803b0a138682ab1dc6a3b9073c575	packages/draw/tests/routing-v2/terminal/README.md
100644 blob 1045bf39437d8140adc20f078c0a2627d50a5fb4	packages/draw/tests/routing-v2/terminal/property/fixed.property.test.ts
100644 blob 47bd5e106cb98ac644bbb75b7c68df84b041a8d3	packages/draw/tests/routing-v2/terminal/property/floating.property.test.ts
100644 blob a97d6816593d276961de0df332af32e3bb6ded15	packages/draw/tests/routing-v2/terminal/types/contracts.type-test.ts
100644 blob 4034193e3a0570802deddfa5925955db832993ea	packages/draw/tests/routing-v2/terminal/types/discovery.type-test.ts
100644 blob 99dba1b3739d6fa1fe6ff8d101be6c052ac627ab	packages/draw/tests/routing-v2/terminal/types/fixed.type-test.ts
100644 blob 4640958ef9f107b7141dce80f6d1bd0d7ef42253	packages/draw/tests/routing-v2/terminal/types/floating.type-test.ts
100644 blob c5d853b25039f6b2ed6005cadf5874c14a4ac8d0	packages/draw/tests/routing-v2/terminal/types/tsconfig.json
100644 blob 88117b9240a33b49f324cca0b980b60ca7cc7fbc	packages/draw/tests/routing-v2/terminal/unit/architecture.test.ts
100644 blob 6dcb0ef149f63b8840b0b9eaed3d58c1774646fa	packages/draw/tests/routing-v2/terminal/unit/contracts.test.ts
100644 blob 283c3fe994cba9ac83c1b7495d17ee6037d8daf9	packages/draw/tests/routing-v2/terminal/unit/discovery.test.ts
100644 blob 9ae5074ac804f4d5fbd22cdbb8a1040f453748f5	packages/draw/tests/routing-v2/terminal/unit/fixed.test.ts
100644 blob 0ed28f5fda25249210b8f6e8cf77f6f47948f5ce	packages/draw/tests/routing-v2/terminal/unit/floating.test.ts
100644 blob b4081df773e32a5a29b8f9c41675f12d33daaa93	packages/draw/tests/routing-v2/terminal/unit/generated-support.test.ts
100644 blob dbb6daa1383b2a497bc879bd0eb2ebe6c28ce3b2	packages/draw/tests/routing-v2/terminal/vitest.config.ts
100644 blob 740c1eb1babe943eb7fe8efcdfebb8d90a85de1b	packages/draw/tests/setup.ts
100644 blob 0bd8649538c8834c1c464c2dcb88ed19f896d898	packages/draw/tests/spike/document-roundtrip.spec.ts
100644 blob 57de7295bb27a178df05755da45c4ffb4d53f230	packages/draw/tests/spike/floating-cross-terminal.spec.ts
100644 blob 10a764b9d8b5d24e277e1307ea17ad8562555a58	packages/draw/tests/spike/floating-horizontal-entry.spec.ts
100644 blob 4afddcffdb83da7bd2fad69754d4f17d2976574b	packages/draw/tests/spike/floating-magnet-click.spec.ts
100644 blob f23f240b6262c287600c8a12e91960736d047469	packages/draw/tests/spike/floating-orbit.spec.ts
100644 blob 7038c04b5bdbe0e967ab5df6e0595d6fcab15278	packages/draw/tests/spike/floating-placement.spec.ts
100644 blob 9ba01781026b37a81b19f723b439524e8fce5edf	packages/draw/tests/spike/floating-symmetry.spec.ts
100644 blob b298c3b94f9151b2255ab58b40073e8cf92b2f67	packages/draw/tests/spike/floating-top-entry.spec.ts
100644 blob 2f66921ea0af010b8e43fcfd2c398294ae5444d3	packages/draw/tests/spike/palette-placement.spec.ts
100644 blob 5b7ef4cb81c65aa5c3f767807f255189191d2900	packages/draw/tests/spike/production-visual.spec.ts
100644 blob 7962af8349b50a76dca49220c550cb0e837a796e	packages/draw/tests/spike/production-visual.spec.ts-snapshots/SEG-VIS-001-selected-edge-win32.png
100644 blob 7962af8349b50a76dca49220c550cb0e837a796e	packages/draw/tests/spike/production-visual.spec.ts-snapshots/SEG-VIS-002-horizontal-hover-win32.png
100644 blob 9fa3d53f3cf6e042e0d5f857ed733c7c2f1fa1e7	packages/draw/tests/spike/production-visual.spec.ts-snapshots/SEG-VIS-003-vertical-hover-win32.png
100644 blob bd40ce8a2943329c0d28eba69d572b7604a69fb3	packages/draw/tests/spike/production-visual.spec.ts-snapshots/SEG-VIS-004-horizontal-drag-win32.png
100644 blob 751b48616257dd4055e0292ff02c38c603b822cd	packages/draw/tests/spike/production-visual.spec.ts-snapshots/SEG-VIS-005-vertical-drag-win32.png
100644 blob fe0e19646b4f7e41411e042274f972a08fa00d2e	packages/draw/tests/spike/production-visual.spec.ts-snapshots/SEG-VIS-006-straight-to-detour-win32.png
100644 blob be29fad347569f48b65a1e715d194c56161112a9	packages/draw/tests/spike/production-visual.spec.ts-snapshots/SEG-VIS-007-near-source-win32.png
100644 blob c45fdcca6c452103dd0f9219d912b1f8c2f1ad00	packages/draw/tests/spike/production-visual.spec.ts-snapshots/SEG-VIS-008-obstacle-win32.png
100644 blob d5eab210e17a233673785eb365ca1dd6602acda6	packages/draw/tests/spike/production-visual.spec.ts-snapshots/SEG-VIS-009-after-drop-win32.png
100644 blob 32f7645d967b2bdb6024b72b269f4a97a765f2d7	packages/draw/tests/spike/production-visual.spec.ts-snapshots/SEG-VIS-010-legacy-edge-win32.png
100644 blob 3b14964016850c4262c7657e2521d9ff21bea3a6	packages/draw/tests/spike/routing-independence.spec.ts
100644 blob e2f539102d14f7f2c6bc3b507ae7bbddf3a003a5	packages/draw/tests/spike/support/symmetry.ts
100644 blob dde2582d0e0d33f34baf4a2046d09c127ef8360d	packages/draw/tests/spike/x6-segments.spec.ts
100644 blob 2fca511d595d1c44652a5e0eb54bc43a2b9061f9	packages/draw/tests/unit/bdd-contract.test.ts
100644 blob cdbb3572fca31de1745d529d22737bcfa1901a56	packages/draw/tests/unit/bdd-mapping.test.ts
100644 blob 13625302c7ec1575a8496edb35f796f146514191	packages/draw/tests/unit/connection-state-machine.test.ts
100644 blob d7219aee4b1504401ab257e42327acef94f21e01	packages/draw/tests/unit/connection-tool.test.ts
100644 blob ba40070937bb1d302999f0e8189c0182f6355e91	packages/draw/tests/unit/create-graph.test.ts
100644 blob 651ace64f326752a39f016ab865ef2b920ba815f	packages/draw/tests/unit/diagram-editor-lifecycle.test.tsx
100644 blob bd6a0e93b3eda0caa7bfd52357f09edae93a06ef	packages/draw/tests/unit/document-bundle.test.ts
100644 blob 3fd91ccfe1ae7c04e76a7d331ff9e9d7e21fac6e	packages/draw/tests/unit/document-fidelity.test.ts
100644 blob 139c533a089697490ac4eec2b66b179ecfed5b6f	packages/draw/tests/unit/document-loading.test.ts
100644 blob 50b4957c555a2dfb9b1638b22fd6631a54e38296	packages/draw/tests/unit/document-schema.test.ts
100644 blob 5407cbd4a09ee3c2ab905e012ca5dc574395ab14	packages/draw/tests/unit/document-shadow.test.ts
100644 blob 860d2e151d408539c1a9f8f2d8cab531617db419	packages/draw/tests/unit/file-adapter.test.ts
100644 blob c00c8e671f8617f54b78b6f788bfc7321c79ae96	packages/draw/tests/unit/floating-attachment-contract.test.ts
100644 blob 77b86bcaaa9014ee91bdf636530a2a1bde538eed	packages/draw/tests/unit/floating-attachment.test.ts
100644 blob 5acf54963e4b8aeaa9773992daab3498df1c7fe2	packages/draw/tests/unit/floating-route.test.ts
100644 blob c92ed4dfc4fc5dde0be608ec7eea161bb9280b6d	packages/draw/tests/unit/floating-routing-adapter.test.ts
100644 blob 49c34494ff6a3fe198bbfc1fba4c1764aa5a4411	packages/draw/tests/unit/graph-adapter.test.ts
100644 blob 28daf429711ed2bf750ff39ae80af02926762beb	packages/draw/tests/unit/manhattan-route.test.ts
100644 blob 34983ac27b9e5ccf0dec6237114b98f028114d3d	packages/draw/tests/unit/moving-rectangle-route.test.ts
100644 blob 1b257377a04562a73f000127f492585748fc8884	packages/draw/tests/unit/preview-route.test.ts
100644 blob a07cd6b0a1da767b0c5d7fcec258cd5c05efb650	packages/draw/tests/unit/repository-reference.test.ts
100644 blob 8f4faf93de8f6b4d9535e511691f778a1fe60761	packages/draw/tests/unit/route-normalization.test.ts
100644 blob cad6e6956278737f1998da77cd5fa4ff3c1d822f	packages/draw/tests/unit/route-snapshot.test.ts
100644 blob d4b431daf22a34bcc46f1c4635a3f94b2935a27e	packages/draw/tests/unit/route-validation.test.ts
100644 blob ed1f593dba2e1ff635f47e59961be9ed5748d09e	packages/draw/tests/unit/routing-independence.test.ts
100644 blob 6dba2204097b9ff83a7c9b4c8bdd6bdc0b845da9	packages/draw/tests/unit/segment-adapter.test.ts
100644 blob 51d70e7f58db0dac3954f1f10dca22fde3dfae44	packages/draw/tests/unit/segment-drag-controller.test.ts
100644 blob d2f74d7b9dcc1be900d1a50723941db9c2eb6248	packages/draw/tests/unit/segment-drag-session.test.ts
100644 blob 269449cb77270d8d1820402a5aded4c29a54e6fd	packages/draw/tests/unit/segment-extraction.test.ts
100644 blob 05cdd9a3997af35f3848184272c084c2564a1a08	packages/draw/tests/unit/segment-persistence-history.test.ts
100644 blob 358d7d3b4c9e7a9ede2b075952c3dd3cc89d4501	packages/draw/tests/unit/segment-symmetry.test.ts
100644 blob 7263c8205a71d5bd65d858e47142657a9d5d82c1	packages/draw/tests/unit/terminal-policy.test.ts
100644 blob 0e215252f7bed8d83ed42495a65d49c52141c600	packages/draw/tests/visual-baselines/README.md
100644 blob ecb9287e9573bfeff24f446dfbfe7535c1ec9677	packages/draw/tests/visual-baselines/SEG-VIS-004-horizontal-drag.png
100644 blob e6323af39bf7c1004e4addc3fe134cafa438008b	packages/draw/tests/visual-baselines/SEG-VIS-009-after-drop.png
100644 blob 00b3ffe1a5af5a3f7d1b778725a9d587d9963d97	packages/draw/tsconfig.json
100644 blob be4c53376401058a014330ff12b7d4615fd46d58	packages/draw/visual.html
100644 blob 4f1b25a0c3d3483343669c12db89eec577e6365c	packages/draw/vite.config.ts
100644 blob 2a06070750699ae95f045e792441e894fb183598	packages/draw/vitest.config.ts
100644 blob 555722ae05d52d8e163b99aa4ba0062a8d064019	packages/local-index/package.json
100644 blob 54d726abb14709c11b7e5272e607f399c09cd1d6	packages/local-index/src/index.ts
100644 blob 5dabbcfc97947338329d4605676c6851861b3f51	packages/local-index/src/paged.ts
100644 blob 7d9fd11c0d2d0b410396602d2885f4d139173b5c	packages/local-index/tests/index.integration.test.ts
100644 blob 251ba244e254e982f810077d83653c36c72a0fcf	packages/local-index/tsconfig.build.json
100644 blob 822a105014b6521178fcae48b4d37fc72490bb41	packages/local-index/tsconfig.json
100644 blob 1cd9cec93e052724615b67f20a2a9ed1a09681dc	packages/metamodel-compiler/README.md
100644 blob 7cfaa4b816d6be344fce1b5a72ded0a37e1f6a42	packages/metamodel-compiler/package.json
100644 blob 60a6afd2643ea6817be48908dcc00ec0db67323e	packages/metamodel-compiler/src/common.ts
100644 blob 7cae1357c76209bb5ee1ab7d73d648d0672b5104	packages/metamodel-compiler/src/compile.ts
100644 blob e5c9c02cb1d8e26b672782d01c166c8913c3c402	packages/metamodel-compiler/src/compose.ts
100644 blob 14be0deb07f410c506ebafecb35a64ab9a1312c9	packages/metamodel-compiler/src/constraints.ts
100644 blob 2a8c36917029bca99f077e2b49854e613416457b	packages/metamodel-compiler/src/impact.ts
100644 blob d500a862b7c5b13081e60309938bd943ce33a44a	packages/metamodel-compiler/src/index.ts
100644 blob 29086ed145016415349469249f848c4bd7968719	packages/metamodel-compiler/src/source.ts
100644 blob fb37732cbd769541599be9f95f4fe2749e58672a	packages/metamodel-compiler/src/types.ts
100644 blob db0b38756eed59ec9bd9f37e8f621eae967de17d	packages/metamodel-compiler/tests/bdd/compiler.test.ts
100644 blob e9085e7f6d2e289c9224600b00c744c6631400aa	packages/metamodel-compiler/tests/bdd/runner.ts
100644 blob 0b4e5233e841b1a1f3dae92e2443f4cfe0607f6b	packages/metamodel-compiler/tests/bdd/steps.ts
100644 blob 8d5b46269ba231071377f0c2ee43302bbbc84cef	packages/metamodel-compiler/tests/consumer/examples.ts
100644 blob 48f4429c42d011ce81c054c12eef8ad63ec0218c	packages/metamodel-compiler/tests/consumer/index.ts
100644 blob 6b85f92818346bd911f8742d7dfbf8c5d62da7ea	packages/metamodel-compiler/tests/consumer/tsconfig.json
100644 blob a23742a9896649813c0f93f0dcf65d5720f3be56	packages/metamodel-compiler/tests/features/compilation.feature
100644 blob 851a15677d7beff4748b4092a6798dd1b5ac0397	packages/metamodel-compiler/tests/features/projections.feature
100644 blob b7346b338b29d0a5327d4d277a49f966092bcd49	packages/metamodel-compiler/tests/features/publication.feature
100644 blob 505ca688a10a047d3feba4d2e2facf311dd971c3	packages/metamodel-compiler/tests/properties/compiler.test.ts
100644 blob c685f5ad22b512ea62fe5d714184cba6e950b7be	packages/metamodel-compiler/tests/support/fixtures.ts
100644 blob c0c7e8a2772e137e0abc87af529d9a2eef052a7b	packages/metamodel-compiler/tests/support/scenarios.ts
100644 blob 8f4a0e1ac457a64a336a32ec4680ebcc7f883fba	packages/metamodel-compiler/tests/unit/compiler.test.ts
100644 blob 2484b5142255288a083a158bcdc0e2f99a4689d4	packages/metamodel-compiler/tests/unit/determinism.test.ts
100644 blob 81eb2ff39dced6e03a0319fdc38782fc3445535e	packages/metamodel-compiler/tests/unit/robustness.test.ts
100644 blob 26ad2101a90a5c23b0f5b786fda336f6e010cf83	packages/metamodel-compiler/tsconfig.build.json
100644 blob e4a78ad4978f06b6e08e3996b8bcf534692af3df	packages/metamodel-compiler/tsconfig.json
100644 blob f64224aca5d3e9e2bf73b040451890758028a44e	packages/metamodel-config/package.json
100644 blob 89792858a4f326ebbd9656dfc75ad19bea28ba67	packages/metamodel-config/src/documentation.ts
100644 blob 42aa4b60f1c6d1c04562b10c23fe2e89fa501e03	packages/metamodel-config/src/index.ts
100644 blob a2aa6c98749249d3c472bd9f0115038db68ec2e2	packages/metamodel-config/tests/import.test.ts
100644 blob d900d70da83071622526e47e4a1b875c1505c6e7	packages/metamodel-config/tsconfig.build.json
100644 blob 822a105014b6521178fcae48b4d37fc72490bb41	packages/metamodel-config/tsconfig.json
100644 blob 53a4249bd6f30ebb2c1b80232de9c5aaad6c14c1	packages/metamodel-domain/README.md
100644 blob 84d84712c99bf9a1cb819226dccd1ca2634f9f91	packages/metamodel-domain/package.json
100644 blob 18ee70b86b7b26d9cd60d9f5c6ba7e62d14bd414	packages/metamodel-domain/src/attributes.ts
100644 blob 13930b8266ed9a5ec3c843e58380da1d5d44b128	packages/metamodel-domain/src/constraints.ts
100644 blob 39bfdf0602ea5ed09a626947a86330619fff6244	packages/metamodel-domain/src/definitions.ts
100644 blob c2e23f040547b07835b6b387be4b82b0a9841ef3	packages/metamodel-domain/src/diagnostics.ts
100644 blob 38fc069c4a8072ea51ae37abfbd16536d0bc242d	packages/metamodel-domain/src/index.ts
100644 blob 2480d9d54d66c8f46dd9d1d01a4d285b51588b45	packages/metamodel-domain/src/inheritance.ts
100644 blob f4332d54861f75872a36955ee5300ac453b2e093	packages/metamodel-domain/src/matching.ts
100644 blob 83310abd0e37ca82ab0b5e6bc9cfe8ce2c40fe5a	packages/metamodel-domain/src/relations.ts
100644 blob 5736c6d24ef3e3a8bd0fad6e15eda0a15f91c4c8	packages/metamodel-domain/src/types.ts
100644 blob 432b9af64ca0ce4a2e7e2e53e8da8e179897bdd6	packages/metamodel-domain/src/value-engine.ts
100644 blob 0a49b64b413f36bcf87051fc75fcdcbbbe868855	packages/metamodel-domain/tests/bdd/features.test.ts
100644 blob 4d36ef37433c9e10c369dafa0e122940daf8802f	packages/metamodel-domain/tests/bdd/runner.ts
100644 blob 1cffaa081903b76855c9a5f36f20dbe64099cb95	packages/metamodel-domain/tests/bdd/steps.ts
100644 blob 7b7c275b5d80782209afc27df2eb99c44ccea05c	packages/metamodel-domain/tests/consumer/index.ts
100644 blob c5e42b052f23ba8a37bd09f4fb16b84d42c39647	packages/metamodel-domain/tests/consumer/tsconfig.json
100644 blob fcd111a015a8d398a9da7b862d09bb89ee163710	packages/metamodel-domain/tests/features/metamodel/attributes.feature
100644 blob 8bada2cf3039ae9bd8f3d53557d3b1451b9121bf	packages/metamodel-domain/tests/features/metamodel/definitions.feature
100644 blob 6fc4c282a587b6c40c809c2f172c33cc5fbe8fce	packages/metamodel-domain/tests/features/metamodel/relations.feature
100644 blob cd8dc508025560338c5004b3456d1f824a388f68	packages/metamodel-domain/tests/fixtures/models.ts
100644 blob 7440ada565914b6252c0b47e56ad26dda5c1b30e	packages/metamodel-domain/tests/property/invariants.test.ts
100644 blob f5d848864c2487e22cd8b54e526f1cb22a6977b4	packages/metamodel-domain/tests/unit/constraints.test.ts
100644 blob 01aa53ef0ae701afc9b84ef89b553ffd8a9c6a59	packages/metamodel-domain/tests/unit/domain.test.ts
100644 blob 699a42eba107abb3aecae1912de2ce1f937a264b	packages/metamodel-domain/tests/unit/edge-cases.test.ts
100644 blob 44a0241d9010e6ed7b6b58a504159a23e9ff6e0b	packages/metamodel-domain/tests/unit/integration-flows.test.ts
100644 blob 4843fe2071a1e22f6162d03689a5ada89ddb4343	packages/metamodel-domain/tests/unit/robustness.test.ts
100644 blob 459f789d48bd293c6633859f8be86e07f8e00523	packages/metamodel-domain/tsconfig.build.json
100644 blob e4a78ad4978f06b6e08e3996b8bcf534692af3df	packages/metamodel-domain/tsconfig.json
100644 blob ba90517bee4656626bdafbac807d1033a60c4531	packages/repository-api/package.json
100644 blob 7df7fa07d2f5c7d8c458dddd067520c961e99f11	packages/repository-api/src/http.ts
100644 blob 9729aaea8b90b255bfc4b399db0224e1e210b64e	packages/repository-api/src/index.ts
100644 blob f96dd0c5402e78800b36e03aab6f4d5fb35ae198	packages/repository-api/src/protocol.ts
100644 blob f803fe161be88a194cae3431b051dfb0e7b4e4eb	packages/repository-api/src/service.ts
100644 blob d302aa4f5cfdac99fbc81fc494d4f7d55ab9c880	packages/repository-api/src/workbench.ts
100644 blob 780c25e69f850ec0e521791f821464332e6241da	packages/repository-api/tests/api.test.ts
100644 blob 10ae09ebf0b77abe36a4201df5841a5a4581d8fd	packages/repository-api/tests/http.deadlines.test.ts
100644 blob 1847cb65d80f389c31bea1fbc5a8ab181ca16f3c	packages/repository-api/tests/http.integration.test.ts
100644 blob 5a47fa90de5005a162e4db421a9fe724bf222028	packages/repository-api/tests/workbench.test.ts
100644 blob 0c19a5430b890d32316e32bb3bb936b0e68a4b53	packages/repository-api/tsconfig.build.json
100644 blob 822a105014b6521178fcae48b4d37fc72490bb41	packages/repository-api/tsconfig.json
100644 blob a6b9be7d8ee707798525cf8cda80a2d147a9d886	packages/repository-application/benchmarks/native-v2.bench.ts
100644 blob c6fdd88d633e9af8090a02111a3f04eef2dbedd2	packages/repository-application/benchmarks/repository.bench.ts
100644 blob abc8141be6a8691039c453d5fddcf466b768ec7f	packages/repository-application/package.json
100644 blob 52df60bcb0c116d86e1942ca2203b3a3b40312ec	packages/repository-application/src/cancellation.ts
100644 blob 261a0513dd28beaa874ea96835bb1bb450019c17	packages/repository-application/src/commands.ts
100644 blob f2914efadf1981344349bf8dad6cf7abc6c34d9a	packages/repository-application/src/extensions.ts
100644 blob cbe5b3ae7cbcc993203c56e9dbe4f0a634f39e8f	packages/repository-application/src/index.ts
100644 blob a0f11d5c703f178f1a249575431fcc5a060a69eb	packages/repository-application/src/integration-flows.ts
100644 blob a424b1c151f01deb4f8c6381e6bb43804b4b530e	packages/repository-application/src/session.ts
100644 blob bdfdb9c45bfd32d4c99288529af3f90ed7bdc5b3	packages/repository-application/tests/acceptance/repository.test.ts
100644 blob e52aeab1dc7d4637e979a3f1f8c7dbf606250df7	packages/repository-application/tests/adapter-boundary.test.ts
100644 blob 7834523ee394c99f294cd8e7f80d26cf516a1189	packages/repository-application/tests/advanced-contracts.test.ts
100644 blob 9143a20da40130fd10c72e545e837b424a7ba3c6	packages/repository-application/tests/bdd/commands.ts
100644 blob eaae1c20f1ac76bf8d87848f0bfc0418b6cb4d93	packages/repository-application/tests/bdd/entities.ts
100644 blob 0e175f2161a0425faabe797ee97f7e2f13570fd6	packages/repository-application/tests/bdd/features/commands.feature
100644 blob 0caceff12b6af546c2f55f4ac8a1d1c9b146b2cb	packages/repository-application/tests/bdd/features/entities.feature
100644 blob 56068d86e827708d559a98ba771ea165b63ef55b	packages/repository-application/tests/bdd/features/sessions.feature
100644 blob df52d28e298d5946e07767baeb483ead975cfb44	packages/repository-application/tests/bdd/infrastructure.ts
100644 blob 0c301ea3334c0bf763c811906ee311eaadb9a861	packages/repository-application/tests/bdd/repository.bdd.test.ts
100644 blob 2af6fb820e706cd59f4e7ff7304d99d8433c9192	packages/repository-application/tests/bdd/runner.ts
100644 blob 378896be7b5c193c889d461edec91043abb7ebf6	packages/repository-application/tests/bdd/sessions.ts
100644 blob 5c444f2f77017a5c5b81aca5ba4fb5f5dc484ead	packages/repository-application/tests/bdd/steps.ts
100644 blob f16abc4a730a4bbb35a74d05d0fdd2af316967c1	packages/repository-application/tests/bdd/world.ts
100644 blob b081e0e392eb040c6ab9a22742f5805ee63c3f7f	packages/repository-application/tests/commands.conflicts.test.ts
100644 blob 6fd9b0e37b3a8c634fefe1f8344ef9003ea21e51	packages/repository-application/tests/consumer/index.ts
100644 blob 003d01564eff99e2c6dfee01c815b3b57ddff46d	packages/repository-application/tests/consumer/tsconfig.json
100644 blob 384fb3b2d2a824aa33fddc143bb858441aa28985	packages/repository-application/tests/contracts/adapter.contract.test.ts
100644 blob c3d897c9e1db2764823c45457287f81157d28241	packages/repository-application/tests/contracts/adapter.contract.ts
100644 blob 418ae102efd2d3eabb79684a785f462fc322a5fd	packages/repository-application/tests/extensions.test.ts
100644 blob 41969d059dfe203894048cf932e76fb1d1531b4c	packages/repository-application/tests/features/access-control.feature
100644 blob c53b14f57f264a59870726d5f489c1b06812b7f6	packages/repository-application/tests/features/batch-atomicity.feature
100644 blob 377f1bf9359e8150068fc688aebe58702ac1d6dd	packages/repository-application/tests/features/commands-and-revisions.feature
100644 blob 6fcdcf5e2c35de93e7063c1e3d0c2b8c9989e474	packages/repository-application/tests/features/detached-diagrams.feature
100644 blob 7089b8145a70fc5bd13f71b0428c23d490684073	packages/repository-application/tests/features/diagram-bindings.feature
100644 blob cd243bc6bf155d8a0673210ed86cfd6b35c749f6	packages/repository-application/tests/features/external-changes.feature
100644 blob 31862b90449ac0f66b622eb41f21f86bb2fd7462	packages/repository-application/tests/features/git-versioning.feature
100644 blob 98b51e3cce8d6d484f6a6b9837126cc15972a197	packages/repository-application/tests/features/graph-traversal.feature
100644 blob 61836148a7bd62d95710a2f74c779a9e2dfb6dd9	packages/repository-application/tests/features/local-index.feature
100644 blob 34d05d56b2c651760ec59cebd5439f6ed23811ef	packages/repository-application/tests/features/metamodel-validation.feature
100644 blob 043ac3c11c82d0fd5a464866989d41b6512b3f8b	packages/repository-application/tests/features/object-crud.feature
100644 blob ca8ea160aa3d6ffaa4f86b2b320e20a53d0580bb	packages/repository-application/tests/features/object-identity.feature
100644 blob f32d99a46ead7c46aba3fb6f5d59d6c2a28f771a	packages/repository-application/tests/features/query-engine.feature
100644 blob ec22475b6444d4e5d14a59caf5dedb257980902a	packages/repository-application/tests/features/reconnect-and-conflicts.feature
100644 blob 5aff93e0fb060d51f9d53810ed503ee9e258fd45	packages/repository-application/tests/features/reference-resolution.feature
100644 blob 8921e521f4a17eea71b21ddc953e07724f57dad8	packages/repository-application/tests/features/relation-crud.feature
100644 blob 18db9964c6086f418b8c116113ed707aff3029dc	packages/repository-application/tests/features/repository-capabilities.feature
100644 blob dfbb52dcfaf8005dcbf68fd65443c9b2d316f27c	packages/repository-application/tests/features/repository-events.feature
100644 blob c85b2905eae37f26549131aaabcc88441b7ff645	packages/repository-application/tests/features/repository-session.feature
100644 blob 2fdb8a0345c3bf3b620c6f2ecca7262a0f8a721f	packages/repository-application/tests/features/repository-validation.feature
100644 blob c3b66099fbd1488a3139ff472387b414b11de63d	packages/repository-application/tests/features/runtime-and-security.feature
100644 blob f27ec5e04cb0200c832641820808a1a2875c8d7a	packages/repository-application/tests/features/schema-mapping.feature
100644 blob a8f0536e4a4a383cae861a91ab8ef0c8d48d9249	packages/repository-application/tests/features/yaml-adapter.feature
100644 blob f75a352e7fa86d43bfcda3462e8ae844eabf7560	packages/repository-application/tests/fixtures/memory.ts
100644 blob 3d81dcdb350704a7cc64604f641e6766048af45e	packages/repository-application/tests/git-source.integration.test.ts
100644 blob 9d1e904156b61f3515e2a73a31817f7f0cfbe792	packages/repository-application/tests/graph-consistency.test.ts
100644 blob 87db16059e3cfa54c4bcac3f68b221c19cb68a3b	packages/repository-application/tests/hostile-boundaries.test.ts
100644 blob c02303273568aa8f9ee280e64f48d9bea1523fbe	packages/repository-application/tests/index-consistency.test.ts
100644 blob 7d5b5f333abc652d50fd8b01789237088f78b083	packages/repository-application/tests/index-equivalence.property.test.ts
100644 blob b6ab5c972518517cd2cba7e08e77f3bc5a2945da	packages/repository-application/tests/integration-flows.test.ts
100644 blob fcab5176efa219c26420b0ebe788fba552797b8f	packages/repository-application/tests/invariants.property.test.ts
100644 blob cf20e2f83a7055a655624999545a68d196991219	packages/repository-application/tests/memory-adapter.conformance.test.ts
100644 blob c037522f74f42f66c10e5ee5ec5da52f6b6dfb94	packages/repository-application/tests/optional-ports.test.ts
100644 blob bdc1b01e0f8cf128a60e549098f696cf1b395364	packages/repository-application/tests/paged-equivalence.property.test.ts
100644 blob 6edd57db0f7d5190629922ca154145c5aa71c1f7	packages/repository-application/tests/policies.test.ts
100644 blob bc1fec8bae12f27210a0a62f7bfbd3c863783e6a	packages/repository-application/tests/watch.integration.test.ts
100644 blob 16ba73c02166a0914ec10ba29a9ad025fcd54314	packages/repository-application/tsconfig.build.json
100644 blob e4a78ad4978f06b6e08e3996b8bcf534692af3df	packages/repository-application/tsconfig.json
100644 blob f996470d62dfdc625cf468f23af0b9ccd9ddad0e	packages/repository-application/vitest.benchmark.config.ts
100644 blob 8fc20820b06fb2278600287d29f593cb50fe99ec	packages/repository-bridge/package.json
100644 blob 664d1a2e75cb46adc75932fced7b73d8ae05cff5	packages/repository-bridge/src/index.ts
100644 blob 13b035dab321f1edf2ec457a56d5777494369bac	packages/repository-bridge/tests/bridge.test.ts
100644 blob 74700680efafa53413db9201e4c472738003f85b	packages/repository-bridge/tests/controller.test.ts
100644 blob e80adc38e99ddc5d0fc5c56aac28ec016a9d4938	packages/repository-bridge/tests/diagram.integration.test.ts
100644 blob 16ba73c02166a0914ec10ba29a9ad025fcd54314	packages/repository-bridge/tsconfig.build.json
100644 blob 822a105014b6521178fcae48b4d37fc72490bb41	packages/repository-bridge/tsconfig.json
100644 blob 9d758ba2c522d656944e7db8c62f57cb4509113b	packages/repository-domain/package.json
100644 blob 24157579006e4bb7720c3bd4e481dc9573df8dd4	packages/repository-domain/src/codec.ts
100644 blob 23e3a01133f86a810f5bb4708b286a805d27c088	packages/repository-domain/src/flow-labels.ts
100644 blob fbc293e5835a52f6ed927a5d6bd75b3f1c23790f	packages/repository-domain/src/index.ts
100644 blob 87c6dd1c2cb06a2ea9de38ebfbc1b46a239237e0	packages/repository-domain/src/integration-flows.ts
100644 blob 467034096df820e68ff3ccc27c5a92c466365532	packages/repository-domain/src/policies.ts
100644 blob 0eecb5d88d35a7e8217ec7b2745ae7a93dc03d6c	packages/repository-domain/src/query.ts
100644 blob d9ccd9e0100cc87ad82b9ab1d072028e0b9cbc9f	packages/repository-domain/src/repair.ts
100644 blob 9739eae9f3a30e23de4cb93d08cd0d5d98e004a0	packages/repository-domain/src/stream-validation.ts
100644 blob 27cd5a5b1618b8137aea56b574c5898071f025d6	packages/repository-domain/src/types.ts
100644 blob 217c52f63f72d55dbc5fd7531c1562c40dab1d99	packages/repository-domain/tests/bdd/identity.feature
100644 blob ff4bb6e73b82361b259d1f5d3f459ddceb7df999	packages/repository-domain/tests/consumer/index.ts
100644 blob 003d01564eff99e2c6dfee01c815b3b57ddff46d	packages/repository-domain/tests/consumer/tsconfig.json
100644 blob e1d6f355d6cc382434206c13b0b773f3496f1a9e	packages/repository-domain/tests/domain.identity.test.ts
100644 blob 3b2c885cf704eed039e97955c50456c921aad424	packages/repository-domain/tests/flow-labels.test.ts
100644 blob 031a34af4dbf693c62acb72c60513561e478ff71	packages/repository-domain/tests/integration-flows.test.ts
100644 blob a819a5014ded6970e793f797d2f01b1a726ca609	packages/repository-domain/tests/query.engine.test.ts
100644 blob 70ddc6022bc997df3e4166b18cd7184fda569cd8	packages/repository-domain/tests/repair.test.ts
100644 blob 5535796854d0b7d1ae189874d25bc7e0b4ad941d	packages/repository-domain/tests/snapshot.test.ts
100644 blob 1b82afbcb3f91e0197a052b2b0a13c3a050d7917	packages/repository-domain/tsconfig.build.json
100644 blob e4a78ad4978f06b6e08e3996b8bcf534692af3df	packages/repository-domain/tsconfig.json
100644 blob 3a94f4442f33f983550c0bf44b1c27bb13c2d0ec	packages/repository-ports/package.json
100644 blob 7a1987bac72d7fb096d2c681d76d31581ad10329	packages/repository-ports/src/contracts.ts
100644 blob 5bad4394f82ac4c85d0ce02e74750c18c76d277e	packages/repository-ports/src/extensions.ts
100644 blob ca57e4ba3a953054121d5208469e4ae1d6e6d746	packages/repository-ports/src/index.ts
100644 blob 2d640a9ae96f46c63e3cdcb5aaeb6fb0e40f990e	packages/repository-ports/src/profile.ts
100644 blob 17cba1e64d04e3b704bdd0314ec34748431f8799	packages/repository-ports/tests/consumer/index.ts
100644 blob 003d01564eff99e2c6dfee01c815b3b57ddff46d	packages/repository-ports/tests/consumer/tsconfig.json
100644 blob 6f741f1e4c6a93aec53d82d7d7607d65533513b0	packages/repository-ports/tests/contracts.test.ts
100644 blob 241cc529a11910809a228ed41c5b6643333bef38	packages/repository-ports/tests/extensions.test.ts
100644 blob 44831352b444753f3d2f241b01c5ed63911fa017	packages/repository-ports/tsconfig.build.json
100644 blob e4a78ad4978f06b6e08e3996b8bcf534692af3df	packages/repository-ports/tsconfig.json
100644 blob f76b0ae5362e57c9bd3ef494c650c3c03c411d8e	packages/runtime-contracts/package.json
100644 blob 14f26fccdafebd501a6de58fda2bf70e50f8e01c	packages/runtime-contracts/src/index.ts
100644 blob dad81aa6d8d65096f071cd12230fea123b087701	packages/runtime-contracts/src/presentation.ts
100644 blob 9c5412425e7590b9b75e9f84718e7b8cb92a0491	packages/runtime-contracts/tests/contracts.test.ts
100644 blob 629b1c414bb07d43a02cad4d90a38d7aff1fabfa	packages/runtime-contracts/tests/presentation.test.ts
100644 blob 1a7bfde665262a06a955c9e97221d8e8336838a6	packages/runtime-contracts/tsconfig.json
100644 blob 8b8d641564929f1232b89f3adee7d721b5f2cbbf	packages/runtime-electron/package.json
100644 blob 3ba3dc6920bf82f08bc6f58e0912730c8ecf57e7	packages/runtime-electron/src/index.ts
100644 blob a69aa3b169ac55c03d728642adbf295150cb15ed	packages/runtime-electron/tests/supervisor.test.ts
100644 blob 1a7bfde665262a06a955c9e97221d8e8336838a6	packages/runtime-electron/tsconfig.json
100644 blob 09aec5c675a036c71c6d19f7818bd33bfce4d819	packages/runtime-node/package.json
100644 blob 6f2165e9b07faed37c8b3426e15f7a19927cd20f	packages/runtime-node/src/adapters.ts
100644 blob 63db73f9c53ddecebe8dd5418a2b77a698bd99a8	packages/runtime-node/src/diagram-files.ts
100644 blob 1bb32df1edc76e71ab2be4c09809ab6c9fd1550b	packages/runtime-node/src/index.ts
100644 blob a6fef49cad0deaf5e77dbc1d31a912387d618493	packages/runtime-node/src/native-session.ts
100644 blob c152ddd9b91d019e536da9c4dca902d24a637c15	packages/runtime-node/src/repositories.ts
100644 blob 4bcf6fc8b6d81e55da334e57ca2530af4acb22f2	packages/runtime-node/tests/adapters.test.ts
100644 blob 2fa64de8cae946de03e0b53604e8a3f0b909cb90	packages/runtime-node/tests/diagram-files.test.ts
100644 blob 399b00f541b232cb0ff91136b3cd14c9fdfd8c71	packages/runtime-node/tests/native-session.test.ts
100644 blob 452a02b8f65106bf6d848d98455713f7f3fdb7ff	packages/runtime-node/tests/repositories.test.ts
100644 blob 79a263735159f07fa74d440af31669d8f526a886	packages/runtime-node/tests/service.test.ts
100644 blob 1a7bfde665262a06a955c9e97221d8e8336838a6	packages/runtime-node/tsconfig.json
100644 blob 521d54e199f69aa906bd699af74034105e951927	packages/ui-inspector/package.json
100644 blob 42a39d63e2d0d86bc8a32e091025b5c8e47908f6	packages/ui-inspector/src/Inspector.tsx
100644 blob 7f39d7aabc1b0d1133939fb20102b94fc63d9f8a	packages/ui-inspector/src/index.ts
100644 blob ec2701b89e8eb9b39b42cc926028b38a979f2a9e	packages/ui-inspector/tests/inspector.test.tsx
100644 blob 04e6a4be6fe0212374aaed6b92286d1b17bca740	packages/ui-inspector/tsconfig.build.json
100644 blob 585fb455f8aecd679b4bed994c5926ee9dd77878	packages/ui-inspector/tsconfig.json
100644 blob 757fe662aca443c736574a60847035074a595c9f	packages/ui-navigator/package.json
100644 blob a7b9e0152a4c6d513f6e3d8b9bdf0c127405b404	packages/ui-navigator/src/Navigator.tsx
100644 blob 3c5ff2ce5d6316d74c47310e087ca6536ee3a7ab	packages/ui-navigator/src/drag.ts
100644 blob e823a8cced3f587dabeca4bb8819b49f3395ab3c	packages/ui-navigator/src/index.ts
100644 blob 3177737eb9ee66be017a5f12f017b780125eaf2f	packages/ui-navigator/tests/projection.test.ts
100644 blob 183da4369012bb40bee9c2925c4ff2258f2c888f	packages/ui-navigator/tsconfig.build.json
100644 blob 585fb455f8aecd679b4bed994c5926ee9dd77878	packages/ui-navigator/tsconfig.json
100644 blob ec87b7ea66993d5c66966859eb100311e1d932f9	packages/ui-workspace/THIRD-PARTY-NOTICES.md
100644 blob d93a2ac2d283bf95718d32a2ab82e292f20dfabf	packages/ui-workspace/package.json
100644 blob 424a8a6618b3e04afe73968a32153d7b8844048b	packages/ui-workspace/src/DiagramReferences.tsx
100644 blob 632e08229880f711f98c9884eddec83d05fe728c	packages/ui-workspace/src/DiagramView.tsx
100644 blob f36b06c266029c1dd709637c00e4e0a40a0188c8	packages/ui-workspace/src/ElementAppearanceSettings.tsx
100644 blob 70d428f29c47268b572fde842922f3acfec94823	packages/ui-workspace/src/FlowManager.tsx
100644 blob 821f9635514ad29562709c0d9c0e7dd6623486f5	packages/ui-workspace/src/FradeDiagramView.tsx
100644 blob 893b248d158776444a4583fed985c3b1eb2d67a5	packages/ui-workspace/src/Workbench.tsx
100644 blob e4c3b2b960dbc2ba072703870233eb528e3eb5a4	packages/ui-workspace/src/codicon.ttf
100644 blob ee594d7117677023197fb7d675eb2a2e6dbe1645	packages/ui-workspace/src/design/generated/tokens.css
100644 blob 5e83fcc28406215f755880e1d6546e35804ffe5c	packages/ui-workspace/src/design/generated/tokens.ts
100644 blob be3ccf8db315b59112bd4c9f01a6fe6317662243	packages/ui-workspace/src/design/theme/ThemePicker.tsx
100644 blob b3b3866459743313f8beffe0aa36723c9b40db10	packages/ui-workspace/src/design/theme/contrast.ts
100644 blob e9eb67f9f6570aa9ac445ecb4b610460670ccd5c	packages/ui-workspace/src/design/theme/frameParticipant.ts
100644 blob aaffed917dde50480b8f4bf8221577155b270c68	packages/ui-workspace/src/design/theme/index.ts
100644 blob 3331bff4cd0cb6a78401bc7149b154e86f391c9f	packages/ui-workspace/src/design/theme/nativeParticipant.ts
100644 blob adf5b22f4f06e2838bc1761a8a4129a5fb04a2f3	packages/ui-workspace/src/design/theme/overlays.ts
100644 blob 37c593b7cfd6814a07871d9af910b5ab2ef61d12	packages/ui-workspace/src/design/theme/registry.ts
100644 blob 2d7ca31f0ab16f9b45b21b7198d8c36c50274361	packages/ui-workspace/src/design/theme/resolver.ts
100644 blob 4061fc14699f20cb5281b84f70e12279df2cfdaa	packages/ui-workspace/src/design/theme/rootParticipant.ts
100644 blob 275d28eb45e054a1489d50efa739405276f77822	packages/ui-workspace/src/design/theme/service.ts
100644 blob 982831e4f43c0a10bc46c53815cf9ca58e1e81de	packages/ui-workspace/src/design/theme/shortcuts.ts
100644 blob fc76b8cd1faab2dc7e10d7e66c72fe833ef48388	packages/ui-workspace/src/design/theme/theme-consumers.css
100644 blob ad156fbd00c5fb53a45eebe05fac7d8d16b6e954	packages/ui-workspace/src/design/theme/types.ts
100644 blob 00f41dbd7acc697bf429df91988c4a88a4ecd003	packages/ui-workspace/src/diagramContent.ts
100644 blob 8b1644d60de2a37cedb9ae6f5cd79abd70dadbbf	packages/ui-workspace/src/elementAppearance.ts
100644 blob f8a942917031b89608a833520ee85a9c0f8f5d38	packages/ui-workspace/src/flowContracts.ts
100644 blob 4adf39158bcb51250f193619efad786776d45819	packages/ui-workspace/src/index.ts
100644 blob 03027fb2ca40fd9b4bbfe680c378fc481e3d5797	packages/ui-workspace/src/pointerDrag.ts
100644 blob a43d4b58e653608793099f67e80c0729db52a9ad	packages/ui-workspace/src/repositoryBundles.ts
100644 blob a1782383e445d628681aa7216384afc90169bde8	packages/ui-workspace/src/repositoryDrop.ts
100644 blob 4ac05f069ba1b7d6cc31fb9fbc47bff8c657e823	packages/ui-workspace/src/state.ts
100644 blob 90560666701b5d066a3845fd4245a069802c5159	packages/ui-workspace/src/styles.css
100644 blob 188f52e236c880b5ba54ae9c9109253ab94247c6	packages/ui-workspace/src/useBundleManager.tsx
100644 blob 033cd02adc32462cbf3eea49a07d6605eab3fff9	packages/ui-workspace/tests/FlowManager.test.tsx
100644 blob 66ecbc0c11ac9693f9fe0f60ace2f2dc3ffd3726	packages/ui-workspace/tests/bundle-flows.bdd.test.tsx
100644 blob f7e5bd0c6b2fe3aa650ee6eda6cc624017f26bea	packages/ui-workspace/tests/elementAppearance.test.ts
100644 blob 66050ba954d3ac13705f475809b24835d52ee935	packages/ui-workspace/tests/pointerDrag.test.ts
100644 blob e41de40cb525361420e676d06e8fdb2ef24dfa2e	packages/ui-workspace/tests/repositoryDrop.test.ts
100644 blob f871b91726deea850fba6b83e0a920ce9f1b27fa	packages/ui-workspace/tests/state.test.ts
100644 blob aa6d20ac0ddcb348333892912c5845a985024a4d	packages/ui-workspace/tests/ui-contract/overlays.test.tsx
100644 blob f7ba409ed6791db3eaeca458764e2bdcc1427b39	packages/ui-workspace/tests/ui-contract/p01.bdd.test.tsx
100644 blob 806eb1850d392d1f75196aac9f37e3d57486bc79	packages/ui-workspace/tests/ui-contract/participants.test.ts
100644 blob c3b24234c4bc50ed4a5c6648c4dc661d8aa1aace	packages/ui-workspace/tests/ui-contract/picker.test.tsx
100644 blob 5ab82b2773bbbec0117448cd518791ab2f65a310	packages/ui-workspace/tests/ui-contract/resolver.test.ts
100644 blob b6271075b52ce60a39ba346caaa0efb90095cc93	packages/ui-workspace/tests/ui-contract/service.test.ts
100644 blob 7a50e5ea0c69c710915d0819f1495adc4d27f1e4	packages/ui-workspace/tests/ui-contract/shortcuts.test.ts
100644 blob ef3cd467741f4a43fff10520acba7618b16e966e	packages/ui-workspace/tokens/theme.schema.json
100644 blob 9fdd9a785036fecb0152ee57308f73f331c92c1f	packages/ui-workspace/tokens/tokens.json
100644 blob 5f7ee805005297c2932a04e29193ce0cd0adac50	packages/ui-workspace/tsconfig.build.json
100644 blob 585fb455f8aecd679b4bed994c5926ee9dd77878	packages/ui-workspace/tsconfig.json
100644 blob 3b71707cc47c8ea66b4b606619a15c3044afaa97	packages/versioning-git/package.json
100644 blob 57c8c27019fce66f66e6b7b12062e04e4bd5e9dc	packages/versioning-git/src/index.ts
100644 blob bd3b11f8334cd897577d23f2251427ecfebda6bc	packages/versioning-git/tests/git.integration.test.ts
100644 blob 251ba244e254e982f810077d83653c36c72a0fcf	packages/versioning-git/tsconfig.build.json
100644 blob 822a105014b6521178fcae48b4d37fc72490bb41	packages/versioning-git/tsconfig.json
100644 blob 9e401ea9abaa58b0828d635f2e893e16786654b5	pnpm-lock.yaml
100644 blob 2b0a070adce42ff7388ef137fc439762d0674b10	pnpm-workspace.yaml
100644 blob f16998461328cd3a42ee2d0e27fd04bcb3fc3124	scripts/agent-review/AGENTS-common.fragment.md
100644 blob a3022d34a3c54727274934504758af601a138e02	scripts/agent-review/AGENTS-stage-review.fragment.md
100644 blob cf489c94a36b8d8558be81f406834958203c3807	scripts/agent-review/bundle.json
100644 blob e93c6b570df02bbfe179d8ead2e0210c5713ce09	scripts/agent-review/cli.mjs
100644 blob 7af11abe394c101869802113fee7a3737cda581b	scripts/agent-review/core.mjs
100644 blob ba8af6b60bc668df75129cfeb8f410dd3fd19822	scripts/agent-review/make-bundle.mjs
100644 blob 7001cf682c581c914250e4ec61965f72f3180b8b	scripts/agent-review/publish.mjs
100644 blob 5508e797b823ccb3d0987fedcf13ce34858dfec5	scripts/agent-review/transport/integrity.mjs
100644 blob 6f4019c64b56e28aea077d2edf97ecd7d8bc615a	scripts/agent-review/transport/invoke-review.mjs
100644 blob 755cef7960bb24a3ffe15b4fadb4978153abcee0	scripts/agent-review/transport/offline-probe-b.json
100644 blob 65963f10cf3e452fbdec51016a89a40970dba5a6	scripts/agent-review/transport/policy.mjs
100644 blob 5b5710c93e4e953645ed76452d2f703426b82bc6	scripts/agent-review/transport/prepare-review.mjs
100644 blob 26af54ad701dfc3c83a32238ffb3481ae7c01cb7	scripts/agent-review/transport/provenance.json
100644 blob 2a23136af9cdab94cbce91172dcc5cf02d78e4f5	scripts/agent-review/transport/transport.test.mjs
100644 blob 905f8582f07d4065d3f9f1f15c6dd807c608847d	scripts/check-boundaries.mjs
100644 blob 0aad8acb939431972faa5c331b56467afb5021d2	scripts/check-drawio-assets.mjs
100644 blob 647219a0a4d0c3a3631d6ec97929fe558cf48b77	scripts/check-ka-traceability.mjs
100644 blob 5077cffe515992452f21685d42245c1ff51f22a0	scripts/check-repo-traceability.mjs
100644 blob 5f0cf257feb93f58e3f2d4e55b03faf3343bacf2	scripts/check-repository-boundaries.d.mts
100644 blob 81b787457fe4e697f1cecd5316da3a0617084b7f	scripts/check-repository-boundaries.mjs
100644 blob c078ffc5a533b9e761d401b334b13d7932f07549	scripts/check-runtime-boundaries.mjs
100644 blob eb478421dbc1a7d22ef6b751fe5503eb1261733f	scripts/check-workbench-boundaries.mjs
100644 blob b2de44bb0bb0541ceb7f9a50310f01aee808b1a6	scripts/flow-fixtures.d.mts
100644 blob bfb0639e8d5d1a7fc6f80ab65621f17f0cdffd3f	scripts/flow-fixtures.mjs
100644 blob 9bc6bdfd44aaf4d49a49cf193a1ff1ae145fcc9f	scripts/ka-fixtures.d.mts
100644 blob fe2c73687854f8db29ad006aad15576bd4d8300c	scripts/ka-fixtures.mjs
100644 blob 77bff13baf7201a1db1e6fb945d4024962487647	scripts/routing-v2-architecture-gate.mjs
100644 blob b399d7e67fb6209a8489bb9f998a7c7facaf3211	scripts/sync-drawio.ps1
100644 blob 127a3c6290f671086a4abd4de2b31bedd5696912	scripts/ui/checkout.mjs
100644 blob 30f9aab3abaf75894167d5536e0e445dba07eb58	scripts/ui/colors.mjs
100644 blob 33abbc0fe732b993f8908b194b316403c2131b87	scripts/ui/controls.mjs
100644 blob c020552ecbea5f8bfec2b6d7638249d0f98655d2	scripts/ui/tokens.mjs
100644 blob eb6b0ddedddf299edda0d140ec6ca23e7584b697	scripts/ui/traceability.mjs
100644 blob 59ff1145cabdbba4167b85490287391fba699428	tests/agent-review/fixtures/valid-cli.jsonl
100644 blob 8128ac3655a2852721f0fb47e6a07024774bf8c5	tests/agent-review/stage-policy.test.mjs
100644 blob 332aa5586eab7313b7a4eaa4d3b7642a97ef990b	tests/agent-review/workflow.test.mjs
100644 blob c222142c9c65393500e75c3765422f7ec25b9c97	tests/contract/compiler-boundaries.test.mjs
100644 blob 0759133db803e57a005491ddec9dc65bb9fdb74d	tests/contract/draw-boundaries.test.mjs
100644 blob bf47d13bea76dbd1a3436ae2c1e24bd5564a0602	tests/contract/metamodel-boundaries.test.mjs
100644 blob c3ef0058d3e517ecea6fd91f9d3f02c8c8c46151	tests/contract/presentation-boundaries.test.mjs
100644 blob 500fde63165bfed6f4bc11561b5fad97789650da	tests/contract/repository-boundaries.test.mjs
100644 blob 11176c7f6dd4b6697f5ae17709d7ccb34a0c49fa	tests/contract/runtime-boundaries.test.mjs
100644 blob 0e65c1e68cd75a74131042be5262694551e43fd3	tests/contract/workbench-boundaries.test.mjs
100644 blob 1640467bd8f2cbf5e0d24cb5c3b9bd77deeaf4a6	tests/ui-contract/archive.test.mjs
100644 blob a286b546204062f5f657be44d833a03bfb0814bb	tests/ui-contract/checkout.test.mjs
100644 blob 346d68a1276eb33c5f97c17c2700942de1957aff	tests/ui-contract/colors.test.mjs
100644 blob 2ffbc0c7d4b7f19c476a34f9ee8980035ab27bd3	tests/ui-contract/controls.test.mjs
100644 blob 1e6a1ac4bf41672a25aad00f7a2a3335276aa2e8	tests/ui-contract/fixtures/upstream.tokens.css
100644 blob 2ae126137f5f64a439b8c55acffdb1e4db0d4642	tests/ui-contract/tokens.test.mjs
100644 blob 972cd70d994053f674c57fae2d6caa35d634de65	tests/ui-contract/traceability.test.mjs
100644 blob f17ae2386fc42a03b1c3501bad6975440650a753	turbo.json
