
Running 6 tests using 1 worker

(node:46924) Warning: The 'NO_COLOR' env is ignored due to the 'FORCE_COLOR' env being set.
(Use `node --trace-warnings ...` to show where the warning was created)
(node:46924) Warning: The 'NO_COLOR' env is ignored due to the 'FORCE_COLOR' env being set.
(Use `node --trace-warnings ...` to show where the warning was created)
(node:46924) [DEP0190] DeprecationWarning: Passing args to a child process with shell option true can lead to security vulnerabilities, as the arguments are not escaped, only concatenated.
  x  1 tests\e2e\ui-contract-theme.spec.ts:2776:3 › P01-LOWER-matrix light compact actual lower and popup target focus contrast bounds (20.1s)
(node:60136) Warning: The 'NO_COLOR' env is ignored due to the 'FORCE_COLOR' env being set.
(Use `node --trace-warnings ...` to show where the warning was created)
(node:60136) Warning: The 'NO_COLOR' env is ignored due to the 'FORCE_COLOR' env being set.
(Use `node --trace-warnings ...` to show where the warning was created)
(node:60136) [DEP0190] DeprecationWarning: Passing args to a child process with shell option true can lead to security vulnerabilities, as the arguments are not escaped, only concatenated.
  x  2 tests\e2e\ui-contract-theme.spec.ts:2776:3 › P01-LOWER-matrix light comfortable actual lower and popup target focus contrast bounds (21.5s)
(node:61240) Warning: The 'NO_COLOR' env is ignored due to the 'FORCE_COLOR' env being set.
(Use `node --trace-warnings ...` to show where the warning was created)
(node:61240) Warning: The 'NO_COLOR' env is ignored due to the 'FORCE_COLOR' env being set.
(Use `node --trace-warnings ...` to show where the warning was created)
(node:61240) [DEP0190] DeprecationWarning: Passing args to a child process with shell option true can lead to security vulnerabilities, as the arguments are not escaped, only concatenated.
  x  3 tests\e2e\ui-contract-theme.spec.ts:2776:3 › P01-LOWER-matrix dark compact actual lower and popup target focus contrast bounds (20.8s)
(node:63480) Warning: The 'NO_COLOR' env is ignored due to the 'FORCE_COLOR' env being set.
(Use `node --trace-warnings ...` to show where the warning was created)
(node:63480) Warning: The 'NO_COLOR' env is ignored due to the 'FORCE_COLOR' env being set.
(Use `node --trace-warnings ...` to show where the warning was created)
(node:63480) [DEP0190] DeprecationWarning: Passing args to a child process with shell option true can lead to security vulnerabilities, as the arguments are not escaped, only concatenated.
  x  4 tests\e2e\ui-contract-theme.spec.ts:2776:3 › P01-LOWER-matrix dark comfortable actual lower and popup target focus contrast bounds (21.2s)
(node:61048) Warning: The 'NO_COLOR' env is ignored due to the 'FORCE_COLOR' env being set.
(Use `node --trace-warnings ...` to show where the warning was created)
(node:61048) Warning: The 'NO_COLOR' env is ignored due to the 'FORCE_COLOR' env being set.
(Use `node --trace-warnings ...` to show where the warning was created)
(node:61048) [DEP0190] DeprecationWarning: Passing args to a child process with shell option true can lead to security vulnerabilities, as the arguments are not escaped, only concatenated.
  x  5 tests\e2e\ui-contract-theme.spec.ts:2776:3 › P01-LOWER-matrix high-contrast compact actual lower and popup target focus contrast bounds (21.7s)
(node:53656) Warning: The 'NO_COLOR' env is ignored due to the 'FORCE_COLOR' env being set.
(Use `node --trace-warnings ...` to show where the warning was created)
(node:53656) Warning: The 'NO_COLOR' env is ignored due to the 'FORCE_COLOR' env being set.
(Use `node --trace-warnings ...` to show where the warning was created)
(node:53656) [DEP0190] DeprecationWarning: Passing args to a child process with shell option true can lead to security vulnerabilities, as the arguments are not escaped, only concatenated.
  x  6 tests\e2e\ui-contract-theme.spec.ts:2776:3 › P01-LOWER-matrix high-contrast comfortable actual lower and popup target focus contrast bounds (20.3s)


  1) tests\e2e\ui-contract-theme.spec.ts:2776:3 › P01-LOWER-matrix light compact actual lower and popup target focus contrast bounds 

    Error: [2mexpect([22m[31mreceived[39m[2m).[22mtoEqual[2m([22m[32mexpected[39m[2m) // deep equality[22m

    [32m- Expected  -   1[39m
    [31m+ Received  + 512[39m

    [32m- Array [][39m
    [31m+ Array [[39m
    [31m+   Object {[39m
    [31m+     "control": Object {[39m
    [31m+       "adjacentBackground": "rgb(245, 246, 248)",[39m
    [31m+       "background": "rgb(232, 235, 240)",[39m
    [31m+       "box": Object {[39m
    [31m+         "bottom": 363.3125,[39m
    [31m+         "height": 28,[39m
    [31m+         "left": 70,[39m
    [31m+         "right": 316.15625,[39m
    [31m+         "top": 335.3125,[39m
    [31m+         "width": 246.15625,[39m
    [31m+         "x": 70,[39m
    [31m+         "y": 335.3125,[39m
    [31m+       },[39m
    [31m+       "clips": Array [],[39m
    [31m+       "color": "rgb(32, 36, 43)",[39m
    [31m+       "disabled": "false",[39m
    [31m+       "focusBackplate": "none",[39m
    [31m+       "focusVisible": false,[39m
    [31m+       "focused": false,[39m
    [31m+       "hit": false,[39m
    [31m+       "hovered": true,[39m
    [31m+       "label": "Workshop",[39m
    [31m+       "layer": "popup",[39m
    [31m+       "mask": "none",[39m
    [31m+       "outlineColor": "rgb(32, 36, 43)",[39m
    [31m+       "outlineWidth": "3px",[39m
    [31m+       "parentBackground": "rgb(245, 246, 248)",[39m
    [31m+       "role": "menuitemcheckbox",[39m
    [31m+     },[39m
    [31m+     "label": "850x650",[39m
    [31m+     "rule": "VISIBLE_UNOCCLUDED_TARGET",[39m
    [31m+     "state": "pages-root-hover-focus",[39m
    [31m+   },[39m
    [31m+   Object {[39m
    [31m+     "control": Object {[39m
    [31m+       "adjacentBackground": "rgb(245, 246, 248)",[39m
    [31m+       "background": "rgb(245, 246, 248)",[39m
    [31m+       "box": Object {[39m
    [31m+         "bottom": 425.625,[39m
    [31m+         "height": 28,[39m
    [31m+         "left": 70,[39m
    [31m+         "right": 316.15625,[39m
    [31m+         "top": 397.625,[39m
    [31m+         "width": 246.15625,[39m
    [31m+         "x": 70,[39m
    [31m+         "y": 397.625,[39m
    [31m+       },[39m
    [31m+       "clips": Array [],[39m
    [31m+       "color": "rgb(32, 36, 43)",[39m
    [31m+       "disabled": "false",[39m
    [31m+       "focusBackplate": "none",[39m
    [31m+       "focusVisible": false,[39m
    [31m+       "focused": false,[39m
    [31m+       "hit": false,[39m
    [31m+       "hovered": false,[39m
    [31m+       "label": "Удалить всё",[39m
    [31m+       "layer": "popup",[39m
    [31m+       "mask": "none",[39m
    [31m+       "outlineColor": "rgb(32, 36, 43)",[39m
    [31m+       "outlineWidth": "3px",[39m
    [31m+       "parentBackground": "rgb(245, 246, 248)",[39m
    [31m+       "role": "menuitem",[39m
    [31m+     },[39m
    [31m+     "label": "850x650",[39m
    [31m+     "rule": "VISIBLE_UNOCCLUDED_TARGET",[39m
    [31m+     "state": "pages-root-hover-focus",[39m
    [31m+   },[39m
    [31m+   Object {[39m
    [31m+     "control": Object {[39m
    [31m+       "adjacentBackground": "rgb(245, 246, 248)",[39m
    [31m+       "background": "rgb(232, 235, 240)",[39m
    [31m+       "box": Object {[39m
    [31m+         "bottom": 363.3125,[39m
    [31m+         "height": 28,[39m
    [31m+         "left": 70,[39m
    [31m+         "right": 316.15625,[39m
    [31m+         "top": 335.3125,[39m
    [31m+         "width": 246.15625,[39m
    [31m+         "x": 70,[39m
    [31m+         "y": 335.3125,[39m
    [31m+       },[39m
    [31m+       "clips": Array [],[39m
    [31m+       "color": "rgb(32, 36, 43)",[39m
    [31m+       "disabled": "false",[39m
    [31m+       "focusBackplate": "none",[39m
    [31m+       "focusVisible": false,[39m
    [31m+       "focused": false,[39m
    [31m+       "hit": false,[39m
    [31m+       "hovered": true,[39m
    [31m+       "label": "Workshop",[39m
    [31m+       "layer": "popup",[39m
    [31m+       "mask": "none",[39m
    [31m+       "outlineColor": "rgb(32, 36, 43)",[39m
    [31m+       "outlineWidth": "3px",[39m
    [31m+       "parentBackground": "rgb(245, 246, 248)",[39m
    [31m+       "role": "menuitemcheckbox",[39m
    [31m+     },[39m
    [31m+     "label": "850x650",[39m
    [31m+     "rule": "VISIBLE_UNOCCLUDED_TARGET",[39m
    [31m+     "state": "pages-submenu-focus",[39m
    [31m+   },[39m
    [31m+   Object {[39m
    [31m+     "control": Object {[39m
    [31m+       "adjacentBackground": "rgb(245, 246, 248)",[39m
    [31m+       "background": "rgb(245, 246, 248)",[39m
    [31m+       "box": Object {[39m
    [31m+         "bottom": 425.625,[39m
    [31m+         "height": 28,[39m
    [31m+         "left": 70,[39m
    [31m+         "right": 316.15625,[39m
    [31m+         "top": 397.625,[39m
    [31m+         "width": 246.15625,[39m
    [31m+         "x": 70,[39m
    [31m+         "y": 397.625,[39m
    [31m+       },[39m
    [31m+       "clips": Array [],[39m
    [31m+       "color": "rgb(32, 36, 43)",[39m
    [31m+       "disabled": "false",[39m
    [31m+       "focusBackplate": "none",[39m
    [31m+       "focusVisible": false,[39m
    [31m+       "focused": false,[39m
    [31m+       "hit": false,[39m
    [31m+       "hovered": false,[39m
    [31m+       "label": "Удалить всё",[39m
    [31m+       "layer": "popup",[39m
    [31m+       "mask": "none",[39m
    [31m+       "outlineColor": "rgb(32, 36, 43)",[39m
    [31m+       "outlineWidth": "3px",[39m
    [31m+       "parentBackground": "rgb(245, 246, 248)",[39m
    [31m+       "role": "menuitem",[39m
    [31m+     },[39m
    [31m+     "label": "850x650",[39m
    [31m+     "rule": "VISIBLE_UNOCCLUDED_TARGET",[39m
    [31m+     "state": "pages-submenu-focus",[39m
    [31m+   },[39m
    [31m+   Object {[39m
    [31m+     "control": Object {[39m
    [31m+       "adjacentBackground": "rgb(245, 246, 248)",[39m
    [31m+       "background": "rgb(245, 246, 248)",[39m
    [31m+       "box": Object {[39m
    [31m+         "bottom": 363.3125,[39m
    [31m+         "height": 28,[39m
    [31m+         "left": 70,[39m
    [31m+         "right": 316.15625,[39m
    [31m+         "top": 335.3125,[39m
    [31m+         "width": 246.15625,[39m
    [31m+         "x": 70,[39m
    [31m+         "y": 335.3125,[39m
    [31m+       },[39m
    [31m+       "clips": Array [],[39m
    [31m+       "color": "rgb(32, 36, 43)",[39m
    [31m+       "disabled": "false",[39m
    [31m+       "focusBackplate": "none",[39m
    [31m+       "focusVisible": false,[39m
    [31m+       "focused": false,[39m
    [31m+       "hit": false,[39m
    [31m+       "hovered": false,[39m
    [31m+       "label": "Workshop",[39m
    [31m+       "layer": "popup",[39m
    [31m+       "mask": "none",[39m
    [31m+       "outlineColor": "rgb(32, 36, 43)",[39m
    [31m+       "outlineWidth": "3px",[39m
    [31m+       "parentBackground": "rgb(245, 246, 248)",[39m
    [31m+       "role": "menuitemcheckbox",[39m
    [31m+     },[39m
    [31m+     "label": "850x650",[39m
    [31m+     "rule": "VISIBLE_UNOCCLUDED_TARGET",[39m
    [31m+     "state": "pages-submenu-hover-focus",[39m
    [31m+   },[39m
    [31m+   Object {[39m
    [31m+     "control": Object {[39m
    [31m+       "adjacentBackground": "rgb(245, 246, 248)",[39m
    [31m+       "background": "rgb(245, 246, 248)",[39m
    [31m+       "box": Object {[39m
    [31m+         "bottom": 425.625,[39m
    [31m+         "height": 28,[39m
    [31m+         "left": 70,[39m
    [31m+         "right": 316.15625,[39m
    [31m+         "top": 397.625,[39m
    [31m+         "width": 246.15625,[39m
    [31m+         "x": 70,[39m
    [31m+         "y": 397.625,[39m
    [31m+       },[39m
    [31m+       "clips": Array [],[39m
    [31m+       "color": "rgb(32, 36, 43)",[39m
    [31m+       "disabled": "false",[39m
    [31m+       "focusBackplate": "none",[39m
    [31m+       "focusVisible": false,[39m
    [31m+       "focused": false,[39m
    [31m+       "hit": false,[39m
    [31m+       "hovered": false,[39m
    [31m+       "label": "Удалить всё",[39m
    [31m+       "layer": "popup",[39m
    [31m+       "mask": "none",[39m
    [31m+       "outlineColor": "rgb(32, 36, 43)",[39m
    [31m+       "outlineWidth": "3px",[39m
    [31m+       "parentBackground": "rgb(245, 246, 248)",[39m
    [31m+       "role": "menuitem",[39m
    [31m+     },[39m
    [31m+     "label": "850x650",[39m
    [31m+     "rule": "VISIBLE_UNOCCLUDED_TARGET",[39m
    [31m+     "state": "pages-submenu-hover-focus",[39m
    [31m+   },[39m
    [31m+   Object {[39m
    [31m+     "control": Object {[39m
    [31m+       "adjacentBackground": "rgb(255, 255, 255)",[39m
    [31m+       "background": "rgb(255, 255, 255)",[39m
    [31m+       "box": Object {[39m
    [31m+         "bottom": 530,[39m
    [31m+         "height": 44,[39m
    [31m+         "left": 486,[39m
    [31m+         "right": 945.296875,[39m
    [31m+         "top": 486,[39m
    [31m+         "width": 459.296875,[39m
    [31m+         "x": 486,[39m
    [31m+         "y": 486,[39m
    [31m+       },[39m
    [31m+       "clips": Array [],[39m
    [31m+       "color": "rgb(0, 0, 0)",[39m
    [31m+       "disabled": "false",[39m
    [31m+       "focusBackplate": "none",[39m
    [31m+       "focusVisible": false,[39m
    [31m+       "focused": false,[39m
    [31m+       "hit": true,[39m
    [31m+       "hovered": false,[39m
    [31m+       "label": "Переименовать Страница...",[39m
    [31m+       "layer": "popup",[39m
    [31m+       "mask": "none",[39m
    [31m+       "outlineColor": "rgb(0, 0, 0)",[39m
    [31m+       "outlineWidth": "3px",[39m
    [31m+       "parentBackground": "rgb(255, 255, 255)",[39m
    [31m+       "role": "menuitem",[39m
    [31m+     },[39m
    [31m+     "label": "forced-coarse-reduced-text200",[39m
    [31m+     "rule": "VISIBLE_UNOCCLUDED_TARGET",[39m
    [31m+     "state": "pages-root-hover-focus",[39m
    [31m+   },[39m
    [31m+   Object {[39m
    [31m+     "control": Object {[39m
    [31m+       "adjacentBackground": "rgb(255, 255, 255)",[39m
    [31m+       "background": "rgb(255, 255, 255)",[39m
    [31m+       "box": Object {[39m
    [31m+         "bottom": 574,[39m
    [31m+         "height": 44,[39m
    [31m+         "left": 486,[39m
    [31m+         "right": 945.296875,[39m
    [31m+         "top": 530,[39m
    [31m+         "width": 459.296875,[39m
    [31m+         "x": 486,[39m
    [31m+         "y": 530,[39m
    [31m+       },[39m
    [31m+       "clips": Array [],[39m
    [31m+       "color": "rgb(0, 0, 0)",[39m
    [31m+       "disabled": "false",[39m
    [31m+       "focusBackplate": "none",[39m
    [31m+       "focusVisible": false,[39m
    [31m+       "focused": false,[39m
    [31m+       "hit": true,[39m
    [31m+       "hovered": false,[39m
    [31m+       "label": "Удалить Страница",[39m
    [31m+       "layer": "popup",[39m
    [31m+       "mask": "none",[39m
    [31m+       "outlineColor": "rgb(0, 0, 0)",[39m
    [31m+       "outlineWidth": "3px",[39m
    [31m+       "parentBackground": "rgb(255, 255, 255)",[39m
    [31m+       "role": "menuitem",[39m
    [31m+     },[39m
    [31m+     "label": "forced-coarse-reduced-text200",[39m
    [31m+     "rule": "VISIBLE_UNOCCLUDED_TARGET",[39m
    [31m+     "state": "pages-root-hover-focus",[39m
    [31m+   },[39m
    [31m+   Object {[39m
    [31m+     "control": Object {[39m
    [31m+       "adjacentBackground": "rgb(255, 255, 255)",[39m
    [31m+       "background": "rgb(255, 255, 255)",[39m
    [31m+       "box": Object {[39m
    [31m+         "bottom": 647,[39m
    [31m+         "height": 44,[39m
    [31m+         "left": 486,[39m
    [31m+         "right": 945.296875,[39m
    [31m+         "top": 603,[39m
    [31m+         "width": 459.296875,[39m
    [31m+         "x": 486,[39m
    [31m+         "y": 603,[39m
    [31m+       },[39m
    [31m+       "clips": Array [],[39m
    [31m+       "color": "rgb(0, 0, 0)",[39m
    [31m+       "disabled": "false",[39m
    [31m+       "focusBackplate": "none",[39m
    [31m+       "focusVisible": false,[39m
    [31m+       "focused": false,[39m
    [31m+       "hit": true,[39m
    [31m+       "hovered": false,[39m
    [31m+       "label": "Дублировать Страница",[39m
    [31m+       "layer": "popup",[39m
    [31m+       "mask": "none",[39m
    [31m+       "outlineColor": "rgb(0, 0, 0)",[39m
    [31m+       "outlineWidth": "3px",[39m
    [31m+       "parentBackground": "rgb(255, 255, 255)",[39m
    [31m+       "role": "menuitem",[39m
    [31m+     },[39m
    [31m+     "label": "forced-coarse-reduced-text200",[39m
    [31m+     "rule": "VISIBLE_UNOCCLUDED_TARGET",[39m
    [31m+     "state": "pages-root-hover-focus",[39m
    [31m+   },[39m
    [31m+   Object {[39m
    [31m+     "control": Object {[39m
    [31m+       "adjacentBackground": "rgb(255, 255, 255)",[39m
    [31m+       "background": "rgb(255, 255, 255)",[39m
    [31m+       "box": Object {[39m
    [31m+         "bottom": 530,[39m
    [31m+         "height": 44,[39m
    [31m+         "left": 486,[39m
    [31m+         "right": 945.296875,[39m
    [31m+         "top": 486,[39m
    [31m+         "width": 459.296875,[39m
    [31m+         "x": 486,[39m
    [31m+         "y": 486,[39m
    [31m+       },[39m
    [31m+       "clips": Array [],[39m
    [31m+       "color": "rgb(0, 0, 0)",[39m
    [31m+       "disabled": "false",[39m
    [31m+       "focusBackplate": "none",[39m
    [31m+       "focusVisible": true,[39m
    [31m+       "focused": true,[39m
    [31m+       "hit": true,[39m
    [31m+       "hovered": false,[39m
    [31m+       "label": "Переименовать Страница...",[39m
    [31m+       "layer": "popup",[39m
    [31m+       "mask": "none",[39m
    [31m+       "outlineColor": "rgb(55, 0, 110)",[39m
    [31m+       "outlineWidth": "2px",[39m
    [31m+       "parentBackground": "rgb(255, 255, 255)",[39m
    [31m+       "role": "menuitem",[39m
    [31m+     },[39m
    [31m+     "label": "forced-coarse-reduced-text200",[39m
    [31m+     "rule": "VISIBLE_UNOCCLUDED_TARGET",[39m
    [31m+     "state": "pages-submenu-focus",[39m
    [31m+   },[39m
    [31m+   Object {[39m
    [31m+     "control": Object {[39m
    [31m+       "adjacentBackground": "rgb(255, 255, 255)",[39m
    [31m+       "background": "rgb(255, 255, 255)",[39m
    [31m+       "box": Object {[39m
    [31m+         "bottom": 574,[39m
    [31m+         "height": 44,[39m
    [31m+         "left": 486,[39m
    [31m+         "right": 945.296875,[39m
    [31m+         "top": 530,[39m
    [31m+         "width": 459.296875,[39m
    [31m+         "x": 486,[39m
    [31m+         "y": 530,[39m
    [31m+       },[39m
    [31m+       "clips": Array [],[39m
    [31m+       "color": "rgb(0, 0, 0)",[39m
    [31m+       "disabled": "false",[39m
    [31m+       "focusBackplate": "none",[39m
    [31m+       "focusVisible": false,[39m
    [31m+       "focused": false,[39m
    [31m+       "hit": true,[39m
    [31m+       "hovered": false,[39m
    [31m+       "label": "Удалить Страница",[39m
    [31m+       "layer": "popup",[39m
    [31m+       "mask": "none",[39m
    [31m+       "outlineColor": "rgb(0, 0, 0)",[39m
    [31m+       "outlineWidth": "3px",[39m
    [31m+       "parentBackground": "rgb(255, 255, 255)",[39m
    [31m+       "role": "menuitem",[39m
    [31m+     },[39m
    [31m+     "label": "forced-coarse-reduced-text200",[39m
    [31m+     "rule": "VISIBLE_UNOCCLUDED_TARGET",[39m
    [31m+     "state": "pages-submenu-focus",[39m
    [31m+   },[39m
    [31m+   Object {[39m
    [31m+     "control": Object {[39m
    [31m+       "adjacentBackground": "rgb(255, 255, 255)",[39m
    [31m+       "background": "rgb(255, 255, 255)",[39m
    [31m+       "box": Object {[39m
    [31m+         "bottom": 647,[39m
    [31m+         "height": 44,[39m
    [31m+         "left": 486,[39m
    [31m+         "right": 945.296875,[39m
    [31m+         "top": 603,[39m
    [31m+         "width": 459.296875,[39m
    [31m+         "x": 486,[39m
    [31m+         "y": 603,[39m
    [31m+       },[39m
    [31m+       "clips": Array [],[39m
    [31m+       "color": "rgb(0, 0, 0)",[39m
    [31m+       "disabled": "false",[39m
    [31m+       "focusBackplate": "none",[39m
    [31m+       "focusVisible": false,[39m
    [31m+       "focused": false,[39m
    [31m+       "hit": true,[39m
    [31m+       "hovered": false,[39m
    [31m+       "label": "Дублировать Страница",[39m
    [31m+       "layer": "popup",[39m
    [31m+       "mask": "none",[39m
    [31m+       "outlineColor": "rgb(0, 0, 0)",[39m
    [31m+       "outlineWidth": "3px",[39m
    [31m+       "parentBackground": "rgb(255, 255, 255)",[39m
    [31m+       "role": "menuitem",[39m
    [31m+     },[39m
    [31m+     "label": "forced-coarse-reduced-text200",[39m
    [31m+     "rule": "VISIBLE_UNOCCLUDED_TARGET",[39m
    [31m+     "state": "pages-submenu-focus",[39m
    [31m+   },[39m
    [31m+   Object {[39m
    [31m+     "control": Object {[39m
    [31m+       "adjacentBackground": "rgb(255, 255, 255)",[39m
    [31m+       "background": "rgb(255, 255, 255)",[39m
    [31m+       "box": Object {[39m
    [31m+         "bottom": 530,[39m
    [31m+         "height": 44,[39m
    [31m+         "left": 472,[39m
    [31m+         "right": 931.296875,[39m
    [31m+         "top": 486,[39m
    [31m+         "width": 459.296875,[39m
    [31m+         "x": 472,[39m
    [31m+         "y": 486,[39m
    [31m+       },[39m
    [31m+       "clips": Array [],[39m
    [31m+       "color": "rgb(0, 0, 0)",[39m
    [31m+       "disabled": "false",[39m
    [31m+       "focusBackplate": "none",[39m
    [31m+       "focusVisible": true,[39m
    [31m+       "focused": true,[39m
    [31m+       "hit": true,[39m
    [31m+       "hovered": true,[39m
    [31m+       "label": "Переименовать Страница...",[39m
    [31m+       "layer": "popup",[39m
    [31m+       "mask": "none",[39m
    [31m+       "outlineColor": "rgb(55, 0, 110)",[39m
    [31m+       "outlineWidth": "2px",[39m
    [31m+       "parentBackground": "rgb(255, 255, 255)",[39m
    [31m+       "role": "menuitem",[39m
    [31m+     },[39m
    [31m+     "label": "forced-coarse-reduced-text200",[39m
    [31m+     "rule": "VISIBLE_UNOCCLUDED_TARGET",[39m
    [31m+     "state": "pages-submenu-hover-focus",[39m
    [31m+   },[39m
    [31m+   Object {[39m
    [31m+     "control": Object {[39m
    [31m+       "adjacentBackground": "rgb(255, 255, 255)",[39m
    [31m+       "background": "rgb(255, 255, 255)",[39m
    [31m+       "box": Object {[39m
    [31m+         "bottom": 574,[39m
    [31m+         "height": 44,[39m
    [31m+         "left": 472,[39m
    [31m+         "right": 931.296875,[39m
    [31m+         "top": 530,[39m
    [31m+         "width": 459.296875,[39m
    [31m+         "x": 472,[39m
    [31m+         "y": 530,[39m
    [31m+       },[39m
    [31m+       "clips": Array [],[39m
    [31m+       "color": "rgb(0, 0, 0)",[39m
    [31m+       "disabled": "false",[39m
    [31m+       "focusBackplate": "none",[39m
    [31m+       "focusVisible": false,[39m
    [31m+       "focused": false,[39m
    [31m+       "hit": true,[39m
    [31m+       "hovered": false,[39m
    [31m+       "label": "Удалить Страница",[39m
    [31m+       "layer": "popup",[39m
    [31m+       "mask": "none",[39m
    [31m+       "outlineColor": "rgb(0, 0, 0)",[39m
    [31m+       "outlineWidth": "3px",[39m
    [31m+       "parentBackground": "rgb(255, 255, 255)",[39m
    [31m+       "role": "menuitem",[39m
    [31m+     },[39m
    [31m+     "label": "forced-coarse-reduced-text200",[39m
    [31m+     "rule": "VISIBLE_UNOCCLUDED_TARGET",[39m
    [31m+     "state": "pages-submenu-hover-focus",[39m
    [31m+   },[39m
    [31m+   Object {[39m
    [31m+     "control": Object {[39m
    [31m+       "adjacentBackground": "rgb(255, 255, 255)",[39m
    [31m+       "background": "rgb(255, 255, 255)",[39m
    [31m+       "box": Object {[39m
    [31m+         "bottom": 647,[39m
    [31m+         "height": 44,[39m
    [31m+         "left": 472,[39m
    [31m+         "right": 931.296875,[39m
    [31m+         "top": 603,[39m
    [31m+         "width": 459.296875,[39m
    [31m+         "x": 472,[39m
    [31m+         "y": 603,[39m
    [31m+       },[39m
    [31m+       "clips": Array [],[39m
    [31m+       "color": "rgb(0, 0, 0)",[39m
    [31m+       "disabled": "false",[39m
    [31m+       "focusBackplate": "none",[39m
    [31m+       "focusVisible": false,[39m
    [31m+       "focused": false,[39m
    [31m+       "hit": true,[39m
    [31m+       "hovered": false,[39m
    [31m+       "label": "Дублировать Страница",[39m
    [31m+       "layer": "popup",[39m
    [31m+       "mask": "none",[39m
    [31m+       "outlineColor": "rgb(0, 0, 0)",[39m
    [31m+       "outlineWidth": "3px",[39m
    [31m+       "parentBackground": "rgb(255, 255, 255)",[39m
    [31m+       "role": "menuitem",[39m
    [31m+     },[39m
    [31m+     "label": "forced-coarse-reduced-text200",[39m
    [31m+     "rule": "VISIBLE_UNOCCLUDED_TARGET",[39m
    [31m+     "state": "pages-submenu-hover-focus",[39m
    [31m+   },[39m
    [31m+ ][39m

      3105 |           await session.send('Emulation.setTouchEmulationEnabled', { enabled: false })
      3106 |           await session.detach()
    > 3107 |           expect(violations).toEqual([])
           |                              ^
      3108 |         } finally {
      3109 |           await writeFile(
      3110 |             info.outputPath('lower-matrix-observations.json'),
        at C:\Users\NVISEN\.codex\worktrees\ui-design-contract\frade\apps\desktop\tests\e2e\ui-contract-theme.spec.ts:3107:30

    attachment #1: screenshot (image/png) ──────────────────────────────────────────────────────────
    test-results\ui-contract-theme-P01-LOWE-eb501-arget-focus-contrast-bounds\test-failed-1.png
    ────────────────────────────────────────────────────────────────────────────────────────────────

    attachment #2: trace (application/zip) ─────────────────────────────────────────────────────────
    test-results\ui-contract-theme-P01-LOWE-eb501-arget-focus-contrast-bounds\trace.zip
    Usage:

        pnpm exec playwright show-trace test-results\ui-contract-theme-P01-LOWE-eb501-arget-focus-contrast-bounds\trace.zip

    ────────────────────────────────────────────────────────────────────────────────────────────────

  2) tests\e2e\ui-contract-theme.spec.ts:2776:3 › P01-LOWER-matrix light comfortable actual lower and popup target focus contrast bounds 

    Error: [2mexpect([22m[31mreceived[39m[2m).[22mtoEqual[2m([22m[32mexpected[39m[2m) // deep equality[22m

    [32m- Expected  -   1[39m
    [31m+ Received  + 512[39m

    [32m- Array [][39m
    [31m+ Array [[39m
    [31m+   Object {[39m
    [31m+     "control": Object {[39m
    [31m+       "adjacentBackground": "rgb(245, 246, 248)",[39m
    [31m+       "background": "rgb(232, 235, 240)",[39m
    [31m+       "box": Object {[39m
    [31m+         "bottom": 339.3125,[39m
    [31m+         "height": 36,[39m
    [31m+         "left": 70,[39m
    [31m+         "right": 316.15625,[39m
    [31m+         "top": 303.3125,[39m
    [31m+         "width": 246.15625,[39m
    [31m+         "x": 70,[39m
    [31m+         "y": 303.3125,[39m
    [31m+       },[39m
    [31m+       "clips": Array [],[39m
    [31m+       "color": "rgb(32, 36, 43)",[39m
    [31m+       "disabled": "false",[39m
    [31m+       "focusBackplate": "none",[39m
    [31m+       "focusVisible": false,[39m
    [31m+       "focused": false,[39m
    [31m+       "hit": false,[39m
    [31m+       "hovered": true,[39m
    [31m+       "label": "Workshop",[39m
    [31m+       "layer": "popup",[39m
    [31m+       "mask": "none",[39m
    [31m+       "outlineColor": "rgb(32, 36, 43)",[39m
    [31m+       "outlineWidth": "3px",[39m
    [31m+       "parentBackground": "rgb(245, 246, 248)",[39m
    [31m+       "role": "menuitemcheckbox",[39m
    [31m+     },[39m
    [31m+     "label": "850x650",[39m
    [31m+     "rule": "VISIBLE_UNOCCLUDED_TARGET",[39m
    [31m+     "state": "pages-root-hover-focus",[39m
    [31m+   },[39m
    [31m+   Object {[39m
    [31m+     "control": Object {[39m
    [31m+       "adjacentBackground": "rgb(245, 246, 248)",[39m
    [31m+       "background": "rgb(245, 246, 248)",[39m
    [31m+       "box": Object {[39m
    [31m+         "bottom": 417.625,[39m
    [31m+         "height": 36,[39m
    [31m+         "left": 70,[39m
    [31m+         "right": 316.15625,[39m
    [31m+         "top": 381.625,[39m
    [31m+         "width": 246.15625,[39m
    [31m+         "x": 70,[39m
    [31m+         "y": 381.625,[39m
    [31m+       },[39m
    [31m+       "clips": Array [],[39m
    [31m+       "color": "rgb(32, 36, 43)",[39m
    [31m+       "disabled": "false",[39m
    [31m+       "focusBackplate": "none",[39m
    [31m+       "focusVisible": false,[39m
    [31m+       "focused": false,[39m
    [31m+       "hit": false,[39m
    [31m+       "hovered": false,[39m
    [31m+       "label": "Удалить всё",[39m
    [31m+       "layer": "popup",[39m
    [31m+       "mask": "none",[39m
    [31m+       "outlineColor": "rgb(32, 36, 43)",[39m
    [31m+       "outlineWidth": "3px",[39m
    [31m+       "parentBackground": "rgb(245, 246, 248)",[39m
    [31m+       "role": "menuitem",[39m
    [31m+     },[39m
    [31m+     "label": "850x650",[39m
    [31m+     "rule": "VISIBLE_UNOCCLUDED_TARGET",[39m
    [31m+     "state": "pages-root-hover-focus",[39m
    [31m+   },[39m
    [31m+   Object {[39m
    [31m+     "control": Object {[39m
    [31m+       "adjacentBackground": "rgb(245, 246, 248)",[39m
    [31m+       "background": "rgb(232, 235, 240)",[39m
    [31m+       "box": Object {[39m
    [31m+         "bottom": 339.3125,[39m
    [31m+         "height": 36,[39m
    [31m+         "left": 70,[39m
    [31m+         "right": 316.15625,[39m
    [31m+         "top": 303.3125,[39m
    [31m+         "width": 246.15625,[39m
    [31m+         "x": 70,[39m
    [31m+         "y": 303.3125,[39m
    [31m+       },[39m
    [31m+       "clips": Array [],[39m
    [31m+       "color": "rgb(32, 36, 43)",[39m
    [31m+       "disabled": "false",[39m
    [31m+       "focusBackplate": "none",[39m
    [31m+       "focusVisible": false,[39m
    [31m+       "focused": false,[39m
    [31m+       "hit": false,[39m
    [31m+       "hovered": true,[39m
    [31m+       "label": "Workshop",[39m
    [31m+       "layer": "popup",[39m
    [31m+       "mask": "none",[39m
    [31m+       "outlineColor": "rgb(32, 36, 43)",[39m
    [31m+       "outlineWidth": "3px",[39m
    [31m+       "parentBackground": "rgb(245, 246, 248)",[39m
    [31m+       "role": "menuitemcheckbox",[39m
    [31m+     },[39m
    [31m+     "label": "850x650",[39m
    [31m+     "rule": "VISIBLE_UNOCCLUDED_TARGET",[39m
    [31m+     "state": "pages-submenu-focus",[39m
    [31m+   },[39m
    [31m+   Object {[39m
    [31m+     "control": Object {[39m
    [31m+       "adjacentBackground": "rgb(245, 246, 248)",[39m
    [31m+       "background": "rgb(245, 246, 248)",[39m
    [31m+       "box": Object {[39m
    [31m+         "bottom": 417.625,[39m
    [31m+         "height": 36,[39m
    [31m+         "left": 70,[39m
    [31m+         "right": 316.15625,[39m
    [31m+         "top": 381.625,[39m
    [31m+         "width": 246.15625,[39m
    [31m+         "x": 70,[39m
    [31m+         "y": 381.625,[39m
    [31m+       },[39m
    [31m+       "clips": Array [],[39m
    [31m+       "color": "rgb(32, 36, 43)",[39m
    [31m+       "disabled": "false",[39m
    [31m+       "focusBackplate": "none",[39m
    [31m+       "focusVisible": false,[39m
    [31m+       "focused": false,[39m
    [31m+       "hit": false,[39m
    [31m+       "hovered": false,[39m
    [31m+       "label": "Удалить всё",[39m
    [31m+       "layer": "popup",[39m
    [31m+       "mask": "none",[39m
    [31m+       "outlineColor": "rgb(32, 36, 43)",[39m
    [31m+       "outlineWidth": "3px",[39m
    [31m+       "parentBackground": "rgb(245, 246, 248)",[39m
    [31m+       "role": "menuitem",[39m
    [31m+     },[39m
    [31m+     "label": "850x650",[39m
    [31m+     "rule": "VISIBLE_UNOCCLUDED_TARGET",[39m
    [31m+     "state": "pages-submenu-focus",[39m
    [31m+   },[39m
    [31m+   Object {[39m
    [31m+     "control": Object {[39m
    [31m+       "adjacentBackground": "rgb(245, 246, 248)",[39m
    [31m+       "background": "rgb(245, 246, 248)",[39m
    [31m+       "box": Object {[39m
    [31m+         "bottom": 339.3125,[39m
    [31m+         "height": 36,[39m
    [31m+         "left": 70,[39m
    [31m+         "right": 316.15625,[39m
    [31m+         "top": 303.3125,[39m
    [31m+         "width": 246.15625,[39m
    [31m+         "x": 70,[39m
    [31m+         "y": 303.3125,[39m
    [31m+       },[39m
    [31m+       "clips": Array [],[39m
    [31m+       "color": "rgb(32, 36, 43)",[39m
    [31m+       "disabled": "false",[39m
    [31m+       "focusBackplate": "none",[39m
    [31m+       "focusVisible": false,[39m
    [31m+       "focused": false,[39m
    [31m+       "hit": false,[39m
    [31m+       "hovered": false,[39m
    [31m+       "label": "Workshop",[39m
    [31m+       "layer": "popup",[39m
    [31m+       "mask": "none",[39m
    [31m+       "outlineColor": "rgb(32, 36, 43)",[39m
    [31m+       "outlineWidth": "3px",[39m
    [31m+       "parentBackground": "rgb(245, 246, 248)",[39m
    [31m+       "role": "menuitemcheckbox",[39m
    [31m+     },[39m
    [31m+     "label": "850x650",[39m
    [31m+     "rule": "VISIBLE_UNOCCLUDED_TARGET",[39m
    [31m+     "state": "pages-submenu-hover-focus",[39m
    [31m+   },[39m
    [31m+   Object {[39m
    [31m+     "control": Object {[39m
    [31m+       "adjacentBackground": "rgb(245, 246, 248)",[39m
    [31m+       "background": "rgb(245, 246, 248)",[39m
    [31m+       "box": Object {[39m
    [31m+         "bottom": 417.625,[39m
    [31m+         "height": 36,[39m
    [31m+         "left": 70,[39m
    [31m+         "right": 316.15625,[39m
    [31m+         "top": 381.625,[39m
    [31m+         "width": 246.15625,[39m
    [31m+         "x": 70,[39m
    [31m+         "y": 381.625,[39m
    [31m+       },[39m
    [31m+       "clips": Array [],[39m
    [31m+       "color": "rgb(32, 36, 43)",[39m
    [31m+       "disabled": "false",[39m
    [31m+       "focusBackplate": "none",[39m
    [31m+       "focusVisible": false,[39m
    [31m+       "focused": false,[39m
    [31m+       "hit": false,[39m
    [31m+       "hovered": false,[39m
    [31m+       "label": "Удалить всё",[39m
    [31m+       "layer": "popup",[39m
    [31m+       "mask": "none",[39m
    [31m+       "outlineColor": "rgb(32, 36, 43)",[39m
    [31m+       "outlineWidth": "3px",[39m
    [31m+       "parentBackground": "rgb(245, 246, 248)",[39m
    [31m+       "role": "menuitem",[39m
    [31m+     },[39m
    [31m+     "label": "850x650",[39m
    [31m+     "rule": "VISIBLE_UNOCCLUDED_TARGET",[39m
    [31m+     "state": "pages-submenu-hover-focus",[39m
    [31m+   },[39m
    [31m+   Object {[39m
    [31m+     "control": Object {[39m
    [31m+       "adjacentBackground": "rgb(255, 255, 255)",[39m
    [31m+       "background": "rgb(255, 255, 255)",[39m
    [31m+       "box": Object {[39m
    [31m+         "bottom": 523,[39m
    [31m+         "height": 44,[39m
    [31m+         "left": 486,[39m
    [31m+         "right": 945.296875,[39m
    [31m+         "top": 479,[39m
    [31m+         "width": 459.296875,[39m
    [31m+         "x": 486,[39m
    [31m+         "y": 479,[39m
    [31m+       },[39m
    [31m+       "clips": Array [],[39m
    [31m+       "color": "rgb(0, 0, 0)",[39m
    [31m+       "disabled": "false",[39m
    [31m+       "focusBackplate": "none",[39m
    [31m+       "focusVisible": false,[39m
    [31m+       "focused": false,[39m
    [31m+       "hit": true,[39m
    [31m+       "hovered": false,[39m
    [31m+       "label": "Переименовать Страница...",[39m
    [31m+       "layer": "popup",[39m
    [31m+       "mask": "none",[39m
    [31m+       "outlineColor": "rgb(0, 0, 0)",[39m
    [31m+       "outlineWidth": "3px",[39m
    [31m+       "parentBackground": "rgb(255, 255, 255)",[39m
    [31m+       "role": "menuitem",[39m
    [31m+     },[39m
    [31m+     "label": "forced-coarse-reduced-text200",[39m
    [31m+     "rule": "VISIBLE_UNOCCLUDED_TARGET",[39m
    [31m+     "state": "pages-root-hover-focus",[39m
    [31m+   },[39m
    [31m+   Object {[39m
    [31m+     "control": Object {[39m
    [31m+       "adjacentBackground": "rgb(255, 255, 255)",[39m
    [31m+       "background": "rgb(255, 255, 255)",[39m
    [31m+       "box": Object {[39m
    [31m+         "bottom": 567,[39m
    [31m+         "height": 44,[39m
    [31m+         "left": 486,[39m
    [31m+         "right": 945.296875,[39m
    [31m+         "top": 523,[39m
    [31m+         "width": 459.296875,[39m
    [31m+         "x": 486,[39m
    [31m+         "y": 523,[39m
    [31m+       },[39m
    [31m+       "clips": Array [],[39m
    [31m+       "color": "rgb(0, 0, 0)",[39m
    [31m+       "disabled": "false",[39m
    [31m+       "focusBackplate": "none",[39m
    [31m+       "focusVisible": false,[39m
    [31m+       "focused": false,[39m
    [31m+       "hit": true,[39m
    [31m+       "hovered": false,[39m
    [31m+       "label": "Удалить Страница",[39m
    [31m+       "layer": "popup",[39m
    [31m+       "mask": "none",[39m
    [31m+       "outlineColor": "rgb(0, 0, 0)",[39m
    [31m+       "outlineWidth": "3px",[39m
    [31m+       "parentBackground": "rgb(255, 255, 255)",[39m
    [31m+       "role": "menuitem",[39m
    [31m+     },[39m
    [31m+     "label": "forced-coarse-reduced-text200",[39m
    [31m+     "rule": "VISIBLE_UNOCCLUDED_TARGET",[39m
    [31m+     "state": "pages-root-hover-focus",[39m
    [31m+   },[39m
    [31m+   Object {[39m
    [31m+     "control": Object {[39m
    [31m+       "adjacentBackground": "rgb(255, 255, 255)",[39m
    [31m+       "background": "rgb(255, 255, 255)",[39m
    [31m+       "box": Object {[39m
    [31m+         "bottom": 640,[39m
    [31m+         "height": 44,[39m
    [31m+         "left": 486,[39m
    [31m+         "right": 945.296875,[39m
    [31m+         "top": 596,[39m
    [31m+         "width": 459.296875,[39m
    [31m+         "x": 486,[39m
    [31m+         "y": 596,[39m
    [31m+       },[39m
    [31m+       "clips": Array [],[39m
    [31m+       "color": "rgb(0, 0, 0)",[39m
    [31m+       "disabled": "false",[39m
    [31m+       "focusBackplate": "none",[39m
    [31m+       "focusVisible": false,[39m
    [31m+       "focused": false,[39m
    [31m+       "hit": true,[39m
    [31m+       "hovered": false,[39m
    [31m+       "label": "Дублировать Страница",[39m
    [31m+       "layer": "popup",[39m
    [31m+       "mask": "none",[39m
    [31m+       "outlineColor": "rgb(0, 0, 0)",[39m
    [31m+       "outlineWidth": "3px",[39m
    [31m+       "parentBackground": "rgb(255, 255, 255)",[39m
    [31m+       "role": "menuitem",[39m
    [31m+     },[39m
    [31m+     "label": "forced-coarse-reduced-text200",[39m
    [31m+     "rule": "VISIBLE_UNOCCLUDED_TARGET",[39m
    [31m+     "state": "pages-root-hover-focus",[39m
    [31m+   },[39m
    [31m+   Object {[39m
    [31m+     "control": Object {[39m
    [31m+       "adjacentBackground": "rgb(255, 255, 255)",[39m
    [31m+       "background": "rgb(255, 255, 255)",[39m
    [31m+       "box": Object {[39m
    [31m+         "bottom": 523,[39m
    [31m+         "height": 44,[39m
    [31m+         "left": 486,[39m
    [31m+         "right": 945.296875,[39m
    [31m+         "top": 479,[39m
    [31m+         "width": 459.296875,[39m
    [31m+         "x": 486,[39m
    [31m+         "y": 479,[39m
    [31m+       },[39m
    [31m+       "clips": Array [],[39m
    [31m+       "color": "rgb(0, 0, 0)",[39m
    [31m+       "disabled": "false",[39m
    [31m+       "focusBackplate": "none",[39m
    [31m+       "focusVisible": true,[39m
    [31m+       "focused": true,[39m
    [31m+       "hit": true,[39m
    [31m+       "hovered": false,[39m
    [31m+       "label": "Переименовать Страница...",[39m
    [31m+       "layer": "popup",[39m
    [31m+       "mask": "none",[39m
    [31m+       "outlineColor": "rgb(55, 0, 110)",[39m
    [31m+       "outlineWidth": "2px",[39m
    [31m+       "parentBackground": "rgb(255, 255, 255)",[39m
    [31m+       "role": "menuitem",[39m
    [31m+     },[39m
    [31m+     "label": "forced-coarse-reduced-text200",[39m
    [31m+     "rule": "VISIBLE_UNOCCLUDED_TARGET",[39m
    [31m+     "state": "pages-submenu-focus",[39m
    [31m+   },[39m
    [31m+   Object {[39m
    [31m+     "control": Object {[39m
    [31m+       "adjacentBackground": "rgb(255, 255, 255)",[39m
    [31m+       "background": "rgb(255, 255, 255)",[39m
    [31m+       "box": Object {[39m
    [31m+         "bottom": 567,[39m
    [31m+         "height": 44,[39m
    [31m+         "left": 486,[39m
    [31m+         "right": 945.296875,[39m
    [31m+         "top": 523,[39m
    [31m+         "width": 459.296875,[39m
    [31m+         "x": 486,[39m
    [31m+         "y": 523,[39m
    [31m+       },[39m
    [31m+       "clips": Array [],[39m
    [31m+       "color": "rgb(0, 0, 0)",[39m
    [31m+       "disabled": "false",[39m
    [31m+       "focusBackplate": "none",[39m
    [31m+       "focusVisible": false,[39m
    [31m+       "focused": false,[39m
    [31m+       "hit": true,[39m
    [31m+       "hovered": false,[39m
    [31m+       "label": "Удалить Страница",[39m
    [31m+       "layer": "popup",[39m
    [31m+       "mask": "none",[39m
    [31m+       "outlineColor": "rgb(0, 0, 0)",[39m
    [31m+       "outlineWidth": "3px",[39m
    [31m+       "parentBackground": "rgb(255, 255, 255)",[39m
    [31m+       "role": "menuitem",[39m
    [31m+     },[39m
    [31m+     "label": "forced-coarse-reduced-text200",[39m
    [31m+     "rule": "VISIBLE_UNOCCLUDED_TARGET",[39m
    [31m+     "state": "pages-submenu-focus",[39m
    [31m+   },[39m
    [31m+   Object {[39m
    [31m+     "control": Object {[39m
    [31m+       "adjacentBackground": "rgb(255, 255, 255)",[39m
    [31m+       "background": "rgb(255, 255, 255)",[39m
    [31m+       "box": Object {[39m
    [31m+         "bottom": 640,[39m
    [31m+         "height": 44,[39m
    [31m+         "left": 486,[39m
    [31m+         "right": 945.296875,[39m
    [31m+         "top": 596,[39m
    [31m+         "width": 459.296875,[39m
    [31m+         "x": 486,[39m
    [31m+         "y": 596,[39m
    [31m+       },[39m
    [31m+       "clips": Array [],[39m
    [31m+       "color": "rgb(0, 0, 0)",[39m
    [31m+       "disabled": "false",[39m
    [31m+       "focusBackplate": "none",[39m
    [31m+       "focusVisible": false,[39m
    [31m+       "focused": false,[39m
    [31m+       "hit": true,[39m
    [31m+       "hovered": false,[39m
    [31m+       "label": "Дублировать Страница",[39m
    [31m+       "layer": "popup",[39m
    [31m+       "mask": "none",[39m
    [31m+       "outlineColor": "rgb(0, 0, 0)",[39m
    [31m+       "outlineWidth": "3px",[39m
    [31m+       "parentBackground": "rgb(255, 255, 255)",[39m
    [31m+       "role": "menuitem",[39m
    [31m+     },[39m
    [31m+     "label": "forced-coarse-reduced-text200",[39m
    [31m+     "rule": "VISIBLE_UNOCCLUDED_TARGET",[39m
    [31m+     "state": "pages-submenu-focus",[39m
    [31m+   },[39m
    [31m+   Object {[39m
    [31m+     "control": Object {[39m
    [31m+       "adjacentBackground": "rgb(255, 255, 255)",[39m
    [31m+       "background": "rgb(255, 255, 255)",[39m
    [31m+       "box": Object {[39m
    [31m+         "bottom": 523,[39m
    [31m+         "height": 44,[39m
    [31m+         "left": 472,[39m
    [31m+         "right": 931.296875,[39m
    [31m+         "top": 479,[39m
    [31m+         "width": 459.296875,[39m
    [31m+         "x": 472,[39m
    [31m+         "y": 479,[39m
    [31m+       },[39m
    [31m+       "clips": Array [],[39m
    [31m+       "color": "rgb(0, 0, 0)",[39m
    [31m+       "disabled": "false",[39m
    [31m+       "focusBackplate": "none",[39m
    [31m+       "focusVisible": true,[39m
    [31m+       "focused": true,[39m
    [31m+       "hit": true,[39m
    [31m+       "hovered": true,[39m
    [31m+       "label": "Переименовать Страница...",[39m
    [31m+       "layer": "popup",[39m
    [31m+       "mask": "none",[39m
    [31m+       "outlineColor": "rgb(55, 0, 110)",[39m
    [31m+       "outlineWidth": "2px",[39m
    [31m+       "parentBackground": "rgb(255, 255, 255)",[39m
    [31m+       "role": "menuitem",[39m
    [31m+     },[39m
    [31m+     "label": "forced-coarse-reduced-text200",[39m
    [31m+     "rule": "VISIBLE_UNOCCLUDED_TARGET",[39m
    [31m+     "state": "pages-submenu-hover-focus",[39m
    [31m+   },[39m
    [31m+   Object {[39m
    [31m+     "control": Object {[39m
    [31m+       "adjacentBackground": "rgb(255, 255, 255)",[39m
    [31m+       "background": "rgb(255, 255, 255)",[39m
    [31m+       "box": Object {[39m
    [31m+         "bottom": 567,[39m
    [31m+         "height": 44,[39m
    [31m+         "left": 472,[39m
    [31m+         "right": 931.296875,[39m
    [31m+         "top": 523,[39m
    [31m+         "width": 459.296875,[39m
    [31m+         "x": 472,[39m
    [31m+         "y": 523,[39m
    [31m+       },[39m
    [31m+       "clips": Array [],[39m
    [31m+       "color": "rgb(0, 0, 0)",[39m
    [31m+       "disabled": "false",[39m
    [31m+       "focusBackplate": "none",[39m
    [31m+       "focusVisible": false,[39m
    [31m+       "focused": false,[39m
    [31m+       "hit": true,[39m
    [31m+       "hovered": false,[39m
    [31m+       "label": "Удалить Страница",[39m
    [31m+       "layer": "popup",[39m
    [31m+       "mask": "none",[39m
    [31m+       "outlineColor": "rgb(0, 0, 0)",[39m
    [31m+       "outlineWidth": "3px",[39m
    [31m+       "parentBackground": "rgb(255, 255, 255)",[39m
    [31m+       "role": "menuitem",[39m
    [31m+     },[39m
    [31m+     "label": "forced-coarse-reduced-text200",[39m
    [31m+     "rule": "VISIBLE_UNOCCLUDED_TARGET",[39m
    [31m+     "state": "pages-submenu-hover-focus",[39m
    [31m+   },[39m
    [31m+   Object {[39m
    [31m+     "control": Object {[39m
    [31m+       "adjacentBackground": "rgb(255, 255, 255)",[39m
    [31m+       "background": "rgb(255, 255, 255)",[39m
    [31m+       "box": Object {[39m
    [31m+         "bottom": 640,[39m
    [31m+         "height": 44,[39m
    [31m+         "left": 472,[39m
    [31m+         "right": 931.296875,[39m
    [31m+         "top": 596,[39m
    [31m+         "width": 459.296875,[39m
    [31m+         "x": 472,[39m
    [31m+         "y": 596,[39m
    [31m+       },[39m
    [31m+       "clips": Array [],[39m
    [31m+       "color": "rgb(0, 0, 0)",[39m
    [31m+       "disabled": "false",[39m
    [31m+       "focusBackplate": "none",[39m
    [31m+       "focusVisible": false,[39m
    [31m+       "focused": false,[39m
    [31m+       "hit": true,[39m
    [31m+       "hovered": false,[39m
    [31m+       "label": "Дублировать Страница",[39m
    [31m+       "layer": "popup",[39m
    [31m+       "mask": "none",[39m
    [31m+       "outlineColor": "rgb(0, 0, 0)",[39m
    [31m+       "outlineWidth": "3px",[39m
    [31m+       "parentBackground": "rgb(255, 255, 255)",[39m
    [31m+       "role": "menuitem",[39m
    [31m+     },[39m
    [31m+     "label": "forced-coarse-reduced-text200",[39m
    [31m+     "rule": "VISIBLE_UNOCCLUDED_TARGET",[39m
    [31m+     "state": "pages-submenu-hover-focus",[39m
    [31m+   },[39m
    [31m+ ][39m

      3105 |           await session.send('Emulation.setTouchEmulationEnabled', { enabled: false })
      3106 |           await session.detach()
    > 3107 |           expect(violations).toEqual([])
           |                              ^
      3108 |         } finally {
      3109 |           await writeFile(
      3110 |             info.outputPath('lower-matrix-observations.json'),
        at C:\Users\NVISEN\.codex\worktrees\ui-design-contract\frade\apps\desktop\tests\e2e\ui-contract-theme.spec.ts:3107:30

    attachment #1: screenshot (image/png) ──────────────────────────────────────────────────────────
    test-results\ui-contract-theme-P01-LOWE-44eff-arget-focus-contrast-bounds\test-failed-1.png
    ────────────────────────────────────────────────────────────────────────────────────────────────

    attachment #2: trace (application/zip) ─────────────────────────────────────────────────────────
    test-results\ui-contract-theme-P01-LOWE-44eff-arget-focus-contrast-bounds\trace.zip
    Usage:

        pnpm exec playwright show-trace test-results\ui-contract-theme-P01-LOWE-44eff-arget-focus-contrast-bounds\trace.zip

    ────────────────────────────────────────────────────────────────────────────────────────────────

  3) tests\e2e\ui-contract-theme.spec.ts:2776:3 › P01-LOWER-matrix dark compact actual lower and popup target focus contrast bounds 

    Error: [2mexpect([22m[31mreceived[39m[2m).[22mtoEqual[2m([22m[32mexpected[39m[2m) // deep equality[22m

    [32m- Expected  -   1[39m
    [31m+ Received  + 512[39m

    [32m- Array [][39m
    [31m+ Array [[39m
    [31m+   Object {[39m
    [31m+     "control": Object {[39m
    [31m+       "adjacentBackground": "rgb(32, 35, 41)",[39m
    [31m+       "background": "rgb(43, 48, 57)",[39m
    [31m+       "box": Object {[39m
    [31m+         "bottom": 363.3125,[39m
    [31m+         "height": 28,[39m
    [31m+         "left": 70,[39m
    [31m+         "right": 316.15625,[39m
    [31m+         "top": 335.3125,[39m
    [31m+         "width": 246.15625,[39m
    [31m+         "x": 70,[39m
    [31m+         "y": 335.3125,[39m
    [31m+       },[39m
    [31m+       "clips": Array [],[39m
    [31m+       "color": "rgb(230, 233, 239)",[39m
    [31m+       "disabled": "false",[39m
    [31m+       "focusBackplate": "none",[39m
    [31m+       "focusVisible": false,[39m
    [31m+       "focused": false,[39m
    [31m+       "hit": false,[39m
    [31m+       "hovered": true,[39m
    [31m+       "label": "Workshop",[39m
    [31m+       "layer": "popup",[39m
    [31m+       "mask": "none",[39m
    [31m+       "outlineColor": "rgb(230, 233, 239)",[39m
    [31m+       "outlineWidth": "3px",[39m
    [31m+       "parentBackground": "rgb(32, 35, 41)",[39m
    [31m+       "role": "menuitemcheckbox",[39m
    [31m+     },[39m
    [31m+     "label": "850x650",[39m
    [31m+     "rule": "VISIBLE_UNOCCLUDED_TARGET",[39m
    [31m+     "state": "pages-root-hover-focus",[39m
    [31m+   },[39m
    [31m+   Object {[39m
    [31m+     "control": Object {[39m
    [31m+       "adjacentBackground": "rgb(32, 35, 41)",[39m
    [31m+       "background": "rgb(32, 35, 41)",[39m
    [31m+       "box": Object {[39m
    [31m+         "bottom": 425.625,[39m
    [31m+         "height": 28,[39m
    [31m+         "left": 70,[39m
    [31m+         "right": 316.15625,[39m
    [31m+         "top": 397.625,[39m
    [31m+         "width": 246.15625,[39m
    [31m+         "x": 70,[39m
    [31m+         "y": 397.625,[39m
    [31m+       },[39m
    [31m+       "clips": Array [],[39m
    [31m+       "color": "rgb(230, 233, 239)",[39m
    [31m+       "disabled": "false",[39m
    [31m+       "focusBackplate": "none",[39m
    [31m+       "focusVisible": false,[39m
    [31m+       "focused": false,[39m
    [31m+       "hit": false,[39m
    [31m+       "hovered": false,[39m
    [31m+       "label": "Удалить всё",[39m
    [31m+       "layer": "popup",[39m
    [31m+       "mask": "none",[39m
    [31m+       "outlineColor": "rgb(230, 233, 239)",[39m
    [31m+       "outlineWidth": "3px",[39m
    [31m+       "parentBackground": "rgb(32, 35, 41)",[39m
    [31m+       "role": "menuitem",[39m
    [31m+     },[39m
    [31m+     "label": "850x650",[39m
    [31m+     "rule": "VISIBLE_UNOCCLUDED_TARGET",[39m
    [31m+     "state": "pages-root-hover-focus",[39m
    [31m+   },[39m
    [31m+   Object {[39m
    [31m+     "control": Object {[39m
    [31m+       "adjacentBackground": "rgb(32, 35, 41)",[39m
    [31m+       "background": "rgb(43, 48, 57)",[39m
    [31m+       "box": Object {[39m
    [31m+         "bottom": 363.3125,[39m
    [31m+         "height": 28,[39m
    [31m+         "left": 70,[39m
    [31m+         "right": 316.15625,[39m
    [31m+         "top": 335.3125,[39m
    [31m+         "width": 246.15625,[39m
    [31m+         "x": 70,[39m
    [31m+         "y": 335.3125,[39m
    [31m+       },[39m
    [31m+       "clips": Array [],[39m
    [31m+       "color": "rgb(230, 233, 239)",[39m
    [31m+       "disabled": "false",[39m
    [31m+       "focusBackplate": "none",[39m
    [31m+       "focusVisible": false,[39m
    [31m+       "focused": false,[39m
    [31m+       "hit": false,[39m
    [31m+       "hovered": true,[39m
    [31m+       "label": "Workshop",[39m
    [31m+       "layer": "popup",[39m
    [31m+       "mask": "none",[39m
    [31m+       "outlineColor": "rgb(230, 233, 239)",[39m
    [31m+       "outlineWidth": "3px",[39m
    [31m+       "parentBackground": "rgb(32, 35, 41)",[39m
    [31m+       "role": "menuitemcheckbox",[39m
    [31m+     },[39m
    [31m+     "label": "850x650",[39m
    [31m+     "rule": "VISIBLE_UNOCCLUDED_TARGET",[39m
    [31m+     "state": "pages-submenu-focus",[39m
    [31m+   },[39m
    [31m+   Object {[39m
    [31m+     "control": Object {[39m
    [31m+       "adjacentBackground": "rgb(32, 35, 41)",[39m
    [31m+       "background": "rgb(32, 35, 41)",[39m
    [31m+       "box": Object {[39m
    [31m+         "bottom": 425.625,[39m
    [31m+         "height": 28,[39m
    [31m+         "left": 70,[39m
    [31m+         "right": 316.15625,[39m
    [31m+         "top": 397.625,[39m
    [31m+         "width": 246.15625,[39m
    [31m+         "x": 70,[39m
    [31m+         "y": 397.625,[39m
    [31m+       },[39m
    [31m+       "clips": Array [],[39m
    [31m+       "color": "rgb(230, 233, 239)",[39m
    [31m+       "disabled": "false",[39m
    [31m+       "focusBackplate": "none",[39m
    [31m+       "focusVisible": false,[39m
    [31m+       "focused": false,[39m
    [31m+       "hit": false,[39m
    [31m+       "hovered": false,[39m
    [31m+       "label": "Удалить всё",[39m
    [31m+       "layer": "popup",[39m
    [31m+       "mask": "none",[39m
    [31m+       "outlineColor": "rgb(230, 233, 239)",[39m
    [31m+       "outlineWidth": "3px",[39m
    [31m+       "parentBackground": "rgb(32, 35, 41)",[39m
    [31m+       "role": "menuitem",[39m
    [31m+     },[39m
    [31m+     "label": "850x650",[39m
    [31m+     "rule": "VISIBLE_UNOCCLUDED_TARGET",[39m
    [31m+     "state": "pages-submenu-focus",[39m
    [31m+   },[39m
    [31m+   Object {[39m
    [31m+     "control": Object {[39m
    [31m+       "adjacentBackground": "rgb(32, 35, 41)",[39m
    [31m+       "background": "rgb(32, 35, 41)",[39m
    [31m+       "box": Object {[39m
    [31m+         "bottom": 363.3125,[39m
    [31m+         "height": 28,[39m
    [31m+         "left": 70,[39m
    [31m+         "right": 316.15625,[39m
    [31m+         "top": 335.3125,[39m
    [31m+         "width": 246.15625,[39m
    [31m+         "x": 70,[39m
    [31m+         "y": 335.3125,[39m
    [31m+       },[39m
    [31m+       "clips": Array [],[39m
    [31m+       "color": "rgb(230, 233, 239)",[39m
    [31m+       "disabled": "false",[39m
    [31m+       "focusBackplate": "none",[39m
    [31m+       "focusVisible": false,[39m
    [31m+       "focused": false,[39m
    [31m+       "hit": false,[39m
    [31m+       "hovered": false,[39m
    [31m+       "label": "Workshop",[39m
    [31m+       "layer": "popup",[39m
    [31m+       "mask": "none",[39m
    [31m+       "outlineColor": "rgb(230, 233, 239)",[39m
    [31m+       "outlineWidth": "3px",[39m
    [31m+       "parentBackground": "rgb(32, 35, 41)",[39m
    [31m+       "role": "menuitemcheckbox",[39m
    [31m+     },[39m
    [31m+     "label": "850x650",[39m
    [31m+     "rule": "VISIBLE_UNOCCLUDED_TARGET",[39m
    [31m+     "state": "pages-submenu-hover-focus",[39m
    [31m+   },[39m
    [31m+   Object {[39m
    [31m+     "control": Object {[39m
    [31m+       "adjacentBackground": "rgb(32, 35, 41)",[39m
    [31m+       "background": "rgb(32, 35, 41)",[39m
    [31m+       "box": Object {[39m
    [31m+         "bottom": 425.625,[39m
    [31m+         "height": 28,[39m
    [31m+         "left": 70,[39m
    [31m+         "right": 316.15625,[39m
    [31m+         "top": 397.625,[39m
    [31m+         "width": 246.15625,[39m
    [31m+         "x": 70,[39m
    [31m+         "y": 397.625,[39m
    [31m+       },[39m
    [31m+       "clips": Array [],[39m
    [31m+       "color": "rgb(230, 233, 239)",[39m
    [31m+       "disabled": "false",[39m
    [31m+       "focusBackplate": "none",[39m
    [31m+       "focusVisible": false,[39m
    [31m+       "focused": false,[39m
    [31m+       "hit": false,[39m
    [31m+       "hovered": false,[39m
    [31m+       "label": "Удалить всё",[39m
    [31m+       "layer": "popup",[39m
    [31m+       "mask": "none",[39m
    [31m+       "outlineColor": "rgb(230, 233, 239)",[39m
    [31m+       "outlineWidth": "3px",[39m
    [31m+       "parentBackground": "rgb(32, 35, 41)",[39m
    [31m+       "role": "menuitem",[39m
    [31m+     },[39m
    [31m+     "label": "850x650",[39m
    [31m+     "rule": "VISIBLE_UNOCCLUDED_TARGET",[39m
    [31m+     "state": "pages-submenu-hover-focus",[39m
    [31m+   },[39m
    [31m+   Object {[39m
    [31m+     "control": Object {[39m
    [31m+       "adjacentBackground": "rgb(255, 255, 255)",[39m
    [31m+       "background": "rgb(255, 255, 255)",[39m
    [31m+       "box": Object {[39m
    [31m+         "bottom": 530,[39m
    [31m+         "height": 44,[39m
    [31m+         "left": 486,[39m
    [31m+         "right": 945.296875,[39m
    [31m+         "top": 486,[39m
    [31m+         "width": 459.296875,[39m
    [31m+         "x": 486,[39m
    [31m+         "y": 486,[39m
    [31m+       },[39m
    [31m+       "clips": Array [],[39m
    [31m+       "color": "rgb(0, 0, 0)",[39m
    [31m+       "disabled": "false",[39m
    [31m+       "focusBackplate": "none",[39m
    [31m+       "focusVisible": false,[39m
    [31m+       "focused": false,[39m
    [31m+       "hit": true,[39m
    [31m+       "hovered": false,[39m
    [31m+       "label": "Переименовать Страница...",[39m
    [31m+       "layer": "popup",[39m
    [31m+       "mask": "none",[39m
    [31m+       "outlineColor": "rgb(0, 0, 0)",[39m
    [31m+       "outlineWidth": "3px",[39m
    [31m+       "parentBackground": "rgb(255, 255, 255)",[39m
    [31m+       "role": "menuitem",[39m
    [31m+     },[39m
    [31m+     "label": "forced-coarse-reduced-text200",[39m
    [31m+     "rule": "VISIBLE_UNOCCLUDED_TARGET",[39m
    [31m+     "state": "pages-root-hover-focus",[39m
    [31m+   },[39m
    [31m+   Object {[39m
    [31m+     "control": Object {[39m
    [31m+       "adjacentBackground": "rgb(255, 255, 255)",[39m
    [31m+       "background": "rgb(255, 255, 255)",[39m
    [31m+       "box": Object {[39m
    [31m+         "bottom": 574,[39m
    [31m+         "height": 44,[39m
    [31m+         "left": 486,[39m
    [31m+         "right": 945.296875,[39m
    [31m+         "top": 530,[39m
    [31m+         "width": 459.296875,[39m
    [31m+         "x": 486,[39m
    [31m+         "y": 530,[39m
    [31m+       },[39m
    [31m+       "clips": Array [],[39m
    [31m+       "color": "rgb(0, 0, 0)",[39m
    [31m+       "disabled": "false",[39m
    [31m+       "focusBackplate": "none",[39m
    [31m+       "focusVisible": false,[39m
    [31m+       "focused": false,[39m
    [31m+       "hit": true,[39m
    [31m+       "hovered": false,[39m
    [31m+       "label": "Удалить Страница",[39m
    [31m+       "layer": "popup",[39m
    [31m+       "mask": "none",[39m
    [31m+       "outlineColor": "rgb(0, 0, 0)",[39m
    [31m+       "outlineWidth": "3px",[39m
    [31m+       "parentBackground": "rgb(255, 255, 255)",[39m
    [31m+       "role": "menuitem",[39m
    [31m+     },[39m
    [31m+     "label": "forced-coarse-reduced-text200",[39m
    [31m+     "rule": "VISIBLE_UNOCCLUDED_TARGET",[39m
    [31m+     "state": "pages-root-hover-focus",[39m
    [31m+   },[39m
    [31m+   Object {[39m
    [31m+     "control": Object {[39m
    [31m+       "adjacentBackground": "rgb(255, 255, 255)",[39m
    [31m+       "background": "rgb(255, 255, 255)",[39m
    [31m+       "box": Object {[39m
    [31m+         "bottom": 647,[39m
    [31m+         "height": 44,[39m
    [31m+         "left": 486,[39m
    [31m+         "right": 945.296875,[39m
    [31m+         "top": 603,[39m
    [31m+         "width": 459.296875,[39m
    [31m+         "x": 486,[39m
    [31m+         "y": 603,[39m
    [31m+       },[39m
    [31m+       "clips": Array [],[39m
    [31m+       "color": "rgb(0, 0, 0)",[39m
    [31m+       "disabled": "false",[39m
    [31m+       "focusBackplate": "none",[39m
    [31m+       "focusVisible": false,[39m
    [31m+       "focused": false,[39m
    [31m+       "hit": true,[39m
    [31m+       "hovered": false,[39m
    [31m+       "label": "Дублировать Страница",[39m
    [31m+       "layer": "popup",[39m
    [31m+       "mask": "none",[39m
    [31m+       "outlineColor": "rgb(0, 0, 0)",[39m
    [31m+       "outlineWidth": "3px",[39m
    [31m+       "parentBackground": "rgb(255, 255, 255)",[39m
    [31m+       "role": "menuitem",[39m
    [31m+     },[39m
    [31m+     "label": "forced-coarse-reduced-text200",[39m
    [31m+     "rule": "VISIBLE_UNOCCLUDED_TARGET",[39m
    [31m+     "state": "pages-root-hover-focus",[39m
    [31m+   },[39m
    [31m+   Object {[39m
    [31m+     "control": Object {[39m
    [31m+       "adjacentBackground": "rgb(255, 255, 255)",[39m
    [31m+       "background": "rgb(255, 255, 255)",[39m
    [31m+       "box": Object {[39m
    [31m+         "bottom": 530,[39m
    [31m+         "height": 44,[39m
    [31m+         "left": 486,[39m
    [31m+         "right": 945.296875,[39m
    [31m+         "top": 486,[39m
    [31m+         "width": 459.296875,[39m
    [31m+         "x": 486,[39m
    [31m+         "y": 486,[39m
    [31m+       },[39m
    [31m+       "clips": Array [],[39m
    [31m+       "color": "rgb(0, 0, 0)",[39m
    [31m+       "disabled": "false",[39m
    [31m+       "focusBackplate": "none",[39m
    [31m+       "focusVisible": true,[39m
    [31m+       "focused": true,[39m
    [31m+       "hit": true,[39m
    [31m+       "hovered": false,[39m
    [31m+       "label": "Переименовать Страница...",[39m
    [31m+       "layer": "popup",[39m
    [31m+       "mask": "none",[39m
    [31m+       "outlineColor": "rgb(55, 0, 110)",[39m
    [31m+       "outlineWidth": "2px",[39m
    [31m+       "parentBackground": "rgb(255, 255, 255)",[39m
    [31m+       "role": "menuitem",[39m
    [31m+     },[39m
    [31m+     "label": "forced-coarse-reduced-text200",[39m
    [31m+     "rule": "VISIBLE_UNOCCLUDED_TARGET",[39m
    [31m+     "state": "pages-submenu-focus",[39m
    [31m+   },[39m
    [31m+   Object {[39m
    [31m+     "control": Object {[39m
    [31m+       "adjacentBackground": "rgb(255, 255, 255)",[39m
    [31m+       "background": "rgb(255, 255, 255)",[39m
    [31m+       "box": Object {[39m
    [31m+         "bottom": 574,[39m
    [31m+         "height": 44,[39m
    [31m+         "left": 486,[39m
    [31m+         "right": 945.296875,[39m
    [31m+         "top": 530,[39m
    [31m+         "width": 459.296875,[39m
    [31m+         "x": 486,[39m
    [31m+         "y": 530,[39m
    [31m+       },[39m
    [31m+       "clips": Array [],[39m
    [31m+       "color": "rgb(0, 0, 0)",[39m
    [31m+       "disabled": "false",[39m
    [31m+       "focusBackplate": "none",[39m
    [31m+       "focusVisible": false,[39m
    [31m+       "focused": false,[39m
    [31m+       "hit": true,[39m
    [31m+       "hovered": false,[39m
    [31m+       "label": "Удалить Страница",[39m
    [31m+       "layer": "popup",[39m
    [31m+       "mask": "none",[39m
    [31m+       "outlineColor": "rgb(0, 0, 0)",[39m
    [31m+       "outlineWidth": "3px",[39m
    [31m+       "parentBackground": "rgb(255, 255, 255)",[39m
    [31m+       "role": "menuitem",[39m
    [31m+     },[39m
    [31m+     "label": "forced-coarse-reduced-text200",[39m
    [31m+     "rule": "VISIBLE_UNOCCLUDED_TARGET",[39m
    [31m+     "state": "pages-submenu-focus",[39m
    [31m+   },[39m
    [31m+   Object {[39m
    [31m+     "control": Object {[39m
    [31m+       "adjacentBackground": "rgb(255, 255, 255)",[39m
    [31m+       "background": "rgb(255, 255, 255)",[39m
    [31m+       "box": Object {[39m
    [31m+         "bottom": 647,[39m
    [31m+         "height": 44,[39m
    [31m+         "left": 486,[39m
    [31m+         "right": 945.296875,[39m
    [31m+         "top": 603,[39m
    [31m+         "width": 459.296875,[39m
    [31m+         "x": 486,[39m
    [31m+         "y": 603,[39m
    [31m+       },[39m
    [31m+       "clips": Array [],[39m
    [31m+       "color": "rgb(0, 0, 0)",[39m
    [31m+       "disabled": "false",[39m
    [31m+       "focusBackplate": "none",[39m
    [31m+       "focusVisible": false,[39m
    [31m+       "focused": false,[39m
    [31m+       "hit": true,[39m
    [31m+       "hovered": false,[39m
    [31m+       "label": "Дублировать Страница",[39m
    [31m+       "layer": "popup",[39m
    [31m+       "mask": "none",[39m
    [31m+       "outlineColor": "rgb(0, 0, 0)",[39m
    [31m+       "outlineWidth": "3px",[39m
    [31m+       "parentBackground": "rgb(255, 255, 255)",[39m
    [31m+       "role": "menuitem",[39m
    [31m+     },[39m
    [31m+     "label": "forced-coarse-reduced-text200",[39m
    [31m+     "rule": "VISIBLE_UNOCCLUDED_TARGET",[39m
    [31m+     "state": "pages-submenu-focus",[39m
    [31m+   },[39m
    [31m+   Object {[39m
    [31m+     "control": Object {[39m
    [31m+       "adjacentBackground": "rgb(255, 255, 255)",[39m
    [31m+       "background": "rgb(255, 255, 255)",[39m
    [31m+       "box": Object {[39m
    [31m+         "bottom": 530,[39m
    [31m+         "height": 44,[39m
    [31m+         "left": 472,[39m
    [31m+         "right": 931.296875,[39m
    [31m+         "top": 486,[39m
    [31m+         "width": 459.296875,[39m
    [31m+         "x": 472,[39m
    [31m+         "y": 486,[39m
    [31m+       },[39m
    [31m+       "clips": Array [],[39m
    [31m+       "color": "rgb(0, 0, 0)",[39m
    [31m+       "disabled": "false",[39m
    [31m+       "focusBackplate": "none",[39m
    [31m+       "focusVisible": true,[39m
    [31m+       "focused": true,[39m
    [31m+       "hit": true,[39m
    [31m+       "hovered": true,[39m
    [31m+       "label": "Переименовать Страница...",[39m
    [31m+       "layer": "popup",[39m
    [31m+       "mask": "none",[39m
    [31m+       "outlineColor": "rgb(55, 0, 110)",[39m
    [31m+       "outlineWidth": "2px",[39m
    [31m+       "parentBackground": "rgb(255, 255, 255)",[39m
    [31m+       "role": "menuitem",[39m
    [31m+     },[39m
    [31m+     "label": "forced-coarse-reduced-text200",[39m
    [31m+     "rule": "VISIBLE_UNOCCLUDED_TARGET",[39m
    [31m+     "state": "pages-submenu-hover-focus",[39m
    [31m+   },[39m
    [31m+   Object {[39m
    [31m+     "control": Object {[39m
    [31m+       "adjacentBackground": "rgb(255, 255, 255)",[39m
    [31m+       "background": "rgb(255, 255, 255)",[39m
    [31m+       "box": Object {[39m
    [31m+         "bottom": 574,[39m
    [31m+         "height": 44,[39m
    [31m+         "left": 472,[39m
    [31m+         "right": 931.296875,[39m
    [31m+         "top": 530,[39m
    [31m+         "width": 459.296875,[39m
    [31m+         "x": 472,[39m
    [31m+         "y": 530,[39m
    [31m+       },[39m
    [31m+       "clips": Array [],[39m
    [31m+       "color": "rgb(0, 0, 0)",[39m
    [31m+       "disabled": "false",[39m
    [31m+       "focusBackplate": "none",[39m
    [31m+       "focusVisible": false,[39m
    [31m+       "focused": false,[39m
    [31m+       "hit": true,[39m
    [31m+       "hovered": false,[39m
    [31m+       "label": "Удалить Страница",[39m
    [31m+       "layer": "popup",[39m
    [31m+       "mask": "none",[39m
    [31m+       "outlineColor": "rgb(0, 0, 0)",[39m
    [31m+       "outlineWidth": "3px",[39m
    [31m+       "parentBackground": "rgb(255, 255, 255)",[39m
    [31m+       "role": "menuitem",[39m
    [31m+     },[39m
    [31m+     "label": "forced-coarse-reduced-text200",[39m
    [31m+     "rule": "VISIBLE_UNOCCLUDED_TARGET",[39m
    [31m+     "state": "pages-submenu-hover-focus",[39m
    [31m+   },[39m
    [31m+   Object {[39m
    [31m+     "control": Object {[39m
    [31m+       "adjacentBackground": "rgb(255, 255, 255)",[39m
    [31m+       "background": "rgb(255, 255, 255)",[39m
    [31m+       "box": Object {[39m
    [31m+         "bottom": 647,[39m
    [31m+         "height": 44,[39m
    [31m+         "left": 472,[39m
    [31m+         "right": 931.296875,[39m
    [31m+         "top": 603,[39m
    [31m+         "width": 459.296875,[39m
    [31m+         "x": 472,[39m
    [31m+         "y": 603,[39m
    [31m+       },[39m
    [31m+       "clips": Array [],[39m
    [31m+       "color": "rgb(0, 0, 0)",[39m
    [31m+       "disabled": "false",[39m
    [31m+       "focusBackplate": "none",[39m
    [31m+       "focusVisible": false,[39m
    [31m+       "focused": false,[39m
    [31m+       "hit": true,[39m
    [31m+       "hovered": false,[39m
    [31m+       "label": "Дублировать Страница",[39m
    [31m+       "layer": "popup",[39m
    [31m+       "mask": "none",[39m
    [31m+       "outlineColor": "rgb(0, 0, 0)",[39m
    [31m+       "outlineWidth": "3px",[39m
    [31m+       "parentBackground": "rgb(255, 255, 255)",[39m
    [31m+       "role": "menuitem",[39m
    [31m+     },[39m
    [31m+     "label": "forced-coarse-reduced-text200",[39m
    [31m+     "rule": "VISIBLE_UNOCCLUDED_TARGET",[39m
    [31m+     "state": "pages-submenu-hover-focus",[39m
    [31m+   },[39m
    [31m+ ][39m

      3105 |           await session.send('Emulation.setTouchEmulationEnabled', { enabled: false })
      3106 |           await session.detach()
    > 3107 |           expect(violations).toEqual([])
           |                              ^
      3108 |         } finally {
      3109 |           await writeFile(
      3110 |             info.outputPath('lower-matrix-observations.json'),
        at C:\Users\NVISEN\.codex\worktrees\ui-design-contract\frade\apps\desktop\tests\e2e\ui-contract-theme.spec.ts:3107:30

    attachment #1: screenshot (image/png) ──────────────────────────────────────────────────────────
    test-results\ui-contract-theme-P01-LOWE-44191-arget-focus-contrast-bounds\test-failed-1.png
    ────────────────────────────────────────────────────────────────────────────────────────────────

    attachment #2: trace (application/zip) ─────────────────────────────────────────────────────────
    test-results\ui-contract-theme-P01-LOWE-44191-arget-focus-contrast-bounds\trace.zip
    Usage:

        pnpm exec playwright show-trace test-results\ui-contract-theme-P01-LOWE-44191-arget-focus-contrast-bounds\trace.zip

    ────────────────────────────────────────────────────────────────────────────────────────────────

  4) tests\e2e\ui-contract-theme.spec.ts:2776:3 › P01-LOWER-matrix dark comfortable actual lower and popup target focus contrast bounds 

    Error: [2mexpect([22m[31mreceived[39m[2m).[22mtoEqual[2m([22m[32mexpected[39m[2m) // deep equality[22m

    [32m- Expected  -   1[39m
    [31m+ Received  + 512[39m

    [32m- Array [][39m
    [31m+ Array [[39m
    [31m+   Object {[39m
    [31m+     "control": Object {[39m
    [31m+       "adjacentBackground": "rgb(32, 35, 41)",[39m
    [31m+       "background": "rgb(43, 48, 57)",[39m
    [31m+       "box": Object {[39m
    [31m+         "bottom": 339.3125,[39m
    [31m+         "height": 36,[39m
    [31m+         "left": 70,[39m
    [31m+         "right": 316.15625,[39m
    [31m+         "top": 303.3125,[39m
    [31m+         "width": 246.15625,[39m
    [31m+         "x": 70,[39m
    [31m+         "y": 303.3125,[39m
    [31m+       },[39m
    [31m+       "clips": Array [],[39m
    [31m+       "color": "rgb(230, 233, 239)",[39m
    [31m+       "disabled": "false",[39m
    [31m+       "focusBackplate": "none",[39m
    [31m+       "focusVisible": false,[39m
    [31m+       "focused": false,[39m
    [31m+       "hit": false,[39m
    [31m+       "hovered": true,[39m
    [31m+       "label": "Workshop",[39m
    [31m+       "layer": "popup",[39m
    [31m+       "mask": "none",[39m
    [31m+       "outlineColor": "rgb(230, 233, 239)",[39m
    [31m+       "outlineWidth": "3px",[39m
    [31m+       "parentBackground": "rgb(32, 35, 41)",[39m
    [31m+       "role": "menuitemcheckbox",[39m
    [31m+     },[39m
    [31m+     "label": "850x650",[39m
    [31m+     "rule": "VISIBLE_UNOCCLUDED_TARGET",[39m
    [31m+     "state": "pages-root-hover-focus",[39m
    [31m+   },[39m
    [31m+   Object {[39m
    [31m+     "control": Object {[39m
    [31m+       "adjacentBackground": "rgb(32, 35, 41)",[39m
    [31m+       "background": "rgb(32, 35, 41)",[39m
    [31m+       "box": Object {[39m
    [31m+         "bottom": 417.625,[39m
    [31m+         "height": 36,[39m
    [31m+         "left": 70,[39m
    [31m+         "right": 316.15625,[39m
    [31m+         "top": 381.625,[39m
    [31m+         "width": 246.15625,[39m
    [31m+         "x": 70,[39m
    [31m+         "y": 381.625,[39m
    [31m+       },[39m
    [31m+       "clips": Array [],[39m
    [31m+       "color": "rgb(230, 233, 239)",[39m
    [31m+       "disabled": "false",[39m
    [31m+       "focusBackplate": "none",[39m
    [31m+       "focusVisible": false,[39m
    [31m+       "focused": false,[39m
    [31m+       "hit": false,[39m
    [31m+       "hovered": false,[39m
    [31m+       "label": "Удалить всё",[39m
    [31m+       "layer": "popup",[39m
    [31m+       "mask": "none",[39m
    [31m+       "outlineColor": "rgb(230, 233, 239)",[39m
    [31m+       "outlineWidth": "3px",[39m
    [31m+       "parentBackground": "rgb(32, 35, 41)",[39m
    [31m+       "role": "menuitem",[39m
    [31m+     },[39m
    [31m+     "label": "850x650",[39m
    [31m+     "rule": "VISIBLE_UNOCCLUDED_TARGET",[39m
    [31m+     "state": "pages-root-hover-focus",[39m
    [31m+   },[39m
    [31m+   Object {[39m
    [31m+     "control": Object {[39m
    [31m+       "adjacentBackground": "rgb(32, 35, 41)",[39m
    [31m+       "background": "rgb(43, 48, 57)",[39m
    [31m+       "box": Object {[39m
    [31m+         "bottom": 339.3125,[39m
    [31m+         "height": 36,[39m
    [31m+         "left": 70,[39m
    [31m+         "right": 316.15625,[39m
    [31m+         "top": 303.3125,[39m
    [31m+         "width": 246.15625,[39m
    [31m+         "x": 70,[39m
    [31m+         "y": 303.3125,[39m
    [31m+       },[39m
    [31m+       "clips": Array [],[39m
    [31m+       "color": "rgb(230, 233, 239)",[39m
    [31m+       "disabled": "false",[39m
    [31m+       "focusBackplate": "none",[39m
    [31m+       "focusVisible": false,[39m
    [31m+       "focused": false,[39m
    [31m+       "hit": false,[39m
    [31m+       "hovered": true,[39m
    [31m+       "label": "Workshop",[39m
    [31m+       "layer": "popup",[39m
    [31m+       "mask": "none",[39m
    [31m+       "outlineColor": "rgb(230, 233, 239)",[39m
    [31m+       "outlineWidth": "3px",[39m
    [31m+       "parentBackground": "rgb(32, 35, 41)",[39m
    [31m+       "role": "menuitemcheckbox",[39m
    [31m+     },[39m
    [31m+     "label": "850x650",[39m
    [31m+     "rule": "VISIBLE_UNOCCLUDED_TARGET",[39m
    [31m+     "state": "pages-submenu-focus",[39m
    [31m+   },[39m
    [31m+   Object {[39m
    [31m+     "control": Object {[39m
    [31m+       "adjacentBackground": "rgb(32, 35, 41)",[39m
    [31m+       "background": "rgb(32, 35, 41)",[39m
    [31m+       "box": Object {[39m
    [31m+         "bottom": 417.625,[39m
    [31m+         "height": 36,[39m
    [31m+         "left": 70,[39m
    [31m+         "right": 316.15625,[39m
    [31m+         "top": 381.625,[39m
    [31m+         "width": 246.15625,[39m
    [31m+         "x": 70,[39m
    [31m+         "y": 381.625,[39m
    [31m+       },[39m
    [31m+       "clips": Array [],[39m
    [31m+       "color": "rgb(230, 233, 239)",[39m
    [31m+       "disabled": "false",[39m
    [31m+       "focusBackplate": "none",[39m
    [31m+       "focusVisible": false,[39m
    [31m+       "focused": false,[39m
    [31m+       "hit": false,[39m
    [31m+       "hovered": false,[39m
    [31m+       "label": "Удалить всё",[39m
    [31m+       "layer": "popup",[39m
    [31m+       "mask": "none",[39m
    [31m+       "outlineColor": "rgb(230, 233, 239)",[39m
    [31m+       "outlineWidth": "3px",[39m
    [31m+       "parentBackground": "rgb(32, 35, 41)",[39m
    [31m+       "role": "menuitem",[39m
    [31m+     },[39m
    [31m+     "label": "850x650",[39m
    [31m+     "rule": "VISIBLE_UNOCCLUDED_TARGET",[39m
    [31m+     "state": "pages-submenu-focus",[39m
    [31m+   },[39m
    [31m+   Object {[39m
    [31m+     "control": Object {[39m
    [31m+       "adjacentBackground": "rgb(32, 35, 41)",[39m
    [31m+       "background": "rgb(32, 35, 41)",[39m
    [31m+       "box": Object {[39m
    [31m+         "bottom": 339.3125,[39m
    [31m+         "height": 36,[39m
    [31m+         "left": 70,[39m
    [31m+         "right": 316.15625,[39m
    [31m+         "top": 303.3125,[39m
    [31m+         "width": 246.15625,[39m
    [31m+         "x": 70,[39m
    [31m+         "y": 303.3125,[39m
    [31m+       },[39m
    [31m+       "clips": Array [],[39m
    [31m+       "color": "rgb(230, 233, 239)",[39m
    [31m+       "disabled": "false",[39m
    [31m+       "focusBackplate": "none",[39m
    [31m+       "focusVisible": false,[39m
    [31m+       "focused": false,[39m
    [31m+       "hit": false,[39m
    [31m+       "hovered": false,[39m
    [31m+       "label": "Workshop",[39m
    [31m+       "layer": "popup",[39m
    [31m+       "mask": "none",[39m
    [31m+       "outlineColor": "rgb(230, 233, 239)",[39m
    [31m+       "outlineWidth": "3px",[39m
    [31m+       "parentBackground": "rgb(32, 35, 41)",[39m
    [31m+       "role": "menuitemcheckbox",[39m
    [31m+     },[39m
    [31m+     "label": "850x650",[39m
    [31m+     "rule": "VISIBLE_UNOCCLUDED_TARGET",[39m
    [31m+     "state": "pages-submenu-hover-focus",[39m
    [31m+   },[39m
    [31m+   Object {[39m
    [31m+     "control": Object {[39m
    [31m+       "adjacentBackground": "rgb(32, 35, 41)",[39m
    [31m+       "background": "rgb(32, 35, 41)",[39m
    [31m+       "box": Object {[39m
    [31m+         "bottom": 417.625,[39m
    [31m+         "height": 36,[39m
    [31m+         "left": 70,[39m
    [31m+         "right": 316.15625,[39m
    [31m+         "top": 381.625,[39m
    [31m+         "width": 246.15625,[39m
    [31m+         "x": 70,[39m
    [31m+         "y": 381.625,[39m
    [31m+       },[39m
    [31m+       "clips": Array [],[39m
    [31m+       "color": "rgb(230, 233, 239)",[39m
    [31m+       "disabled": "false",[39m
    [31m+       "focusBackplate": "none",[39m
    [31m+       "focusVisible": false,[39m
    [31m+       "focused": false,[39m
    [31m+       "hit": false,[39m
    [31m+       "hovered": false,[39m
    [31m+       "label": "Удалить всё",[39m
    [31m+       "layer": "popup",[39m
    [31m+       "mask": "none",[39m
    [31m+       "outlineColor": "rgb(230, 233, 239)",[39m
    [31m+       "outlineWidth": "3px",[39m
    [31m+       "parentBackground": "rgb(32, 35, 41)",[39m
    [31m+       "role": "menuitem",[39m
    [31m+     },[39m
    [31m+     "label": "850x650",[39m
    [31m+     "rule": "VISIBLE_UNOCCLUDED_TARGET",[39m
    [31m+     "state": "pages-submenu-hover-focus",[39m
    [31m+   },[39m
    [31m+   Object {[39m
    [31m+     "control": Object {[39m
    [31m+       "adjacentBackground": "rgb(255, 255, 255)",[39m
    [31m+       "background": "rgb(255, 255, 255)",[39m
    [31m+       "box": Object {[39m
    [31m+         "bottom": 523,[39m
    [31m+         "height": 44,[39m
    [31m+         "left": 486,[39m
    [31m+         "right": 945.296875,[39m
    [31m+         "top": 479,[39m
    [31m+         "width": 459.296875,[39m
    [31m+         "x": 486,[39m
    [31m+         "y": 479,[39m
    [31m+       },[39m
    [31m+       "clips": Array [],[39m
    [31m+       "color": "rgb(0, 0, 0)",[39m
    [31m+       "disabled": "false",[39m
    [31m+       "focusBackplate": "none",[39m
    [31m+       "focusVisible": false,[39m
    [31m+       "focused": false,[39m
    [31m+       "hit": true,[39m
    [31m+       "hovered": false,[39m
    [31m+       "label": "Переименовать Страница...",[39m
    [31m+       "layer": "popup",[39m
    [31m+       "mask": "none",[39m
    [31m+       "outlineColor": "rgb(0, 0, 0)",[39m
    [31m+       "outlineWidth": "3px",[39m
    [31m+       "parentBackground": "rgb(255, 255, 255)",[39m
    [31m+       "role": "menuitem",[39m
    [31m+     },[39m
    [31m+     "label": "forced-coarse-reduced-text200",[39m
    [31m+     "rule": "VISIBLE_UNOCCLUDED_TARGET",[39m
    [31m+     "state": "pages-root-hover-focus",[39m
    [31m+   },[39m
    [31m+   Object {[39m
    [31m+     "control": Object {[39m
    [31m+       "adjacentBackground": "rgb(255, 255, 255)",[39m
    [31m+       "background": "rgb(255, 255, 255)",[39m
    [31m+       "box": Object {[39m
    [31m+         "bottom": 567,[39m
    [31m+         "height": 44,[39m
    [31m+         "left": 486,[39m
    [31m+         "right": 945.296875,[39m
    [31m+         "top": 523,[39m
    [31m+         "width": 459.296875,[39m
    [31m+         "x": 486,[39m
    [31m+         "y": 523,[39m
    [31m+       },[39m
    [31m+       "clips": Array [],[39m
    [31m+       "color": "rgb(0, 0, 0)",[39m
    [31m+       "disabled": "false",[39m
    [31m+       "focusBackplate": "none",[39m
    [31m+       "focusVisible": false,[39m
    [31m+       "focused": false,[39m
    [31m+       "hit": true,[39m
    [31m+       "hovered": false,[39m
    [31m+       "label": "Удалить Страница",[39m
    [31m+       "layer": "popup",[39m
    [31m+       "mask": "none",[39m
    [31m+       "outlineColor": "rgb(0, 0, 0)",[39m
    [31m+       "outlineWidth": "3px",[39m
    [31m+       "parentBackground": "rgb(255, 255, 255)",[39m
    [31m+       "role": "menuitem",[39m
    [31m+     },[39m
    [31m+     "label": "forced-coarse-reduced-text200",[39m
    [31m+     "rule": "VISIBLE_UNOCCLUDED_TARGET",[39m
    [31m+     "state": "pages-root-hover-focus",[39m
    [31m+   },[39m
    [31m+   Object {[39m
    [31m+     "control": Object {[39m
    [31m+       "adjacentBackground": "rgb(255, 255, 255)",[39m
    [31m+       "background": "rgb(255, 255, 255)",[39m
    [31m+       "box": Object {[39m
    [31m+         "bottom": 640,[39m
    [31m+         "height": 44,[39m
    [31m+         "left": 486,[39m
    [31m+         "right": 945.296875,[39m
    [31m+         "top": 596,[39m
    [31m+         "width": 459.296875,[39m
    [31m+         "x": 486,[39m
    [31m+         "y": 596,[39m
    [31m+       },[39m
    [31m+       "clips": Array [],[39m
    [31m+       "color": "rgb(0, 0, 0)",[39m
    [31m+       "disabled": "false",[39m
    [31m+       "focusBackplate": "none",[39m
    [31m+       "focusVisible": false,[39m
    [31m+       "focused": false,[39m
    [31m+       "hit": true,[39m
    [31m+       "hovered": false,[39m
    [31m+       "label": "Дублировать Страница",[39m
    [31m+       "layer": "popup",[39m
    [31m+       "mask": "none",[39m
    [31m+       "outlineColor": "rgb(0, 0, 0)",[39m
    [31m+       "outlineWidth": "3px",[39m
    [31m+       "parentBackground": "rgb(255, 255, 255)",[39m
    [31m+       "role": "menuitem",[39m
    [31m+     },[39m
    [31m+     "label": "forced-coarse-reduced-text200",[39m
    [31m+     "rule": "VISIBLE_UNOCCLUDED_TARGET",[39m
    [31m+     "state": "pages-root-hover-focus",[39m
    [31m+   },[39m
    [31m+   Object {[39m
    [31m+     "control": Object {[39m
    [31m+       "adjacentBackground": "rgb(255, 255, 255)",[39m
    [31m+       "background": "rgb(255, 255, 255)",[39m
    [31m+       "box": Object {[39m
    [31m+         "bottom": 523,[39m
    [31m+         "height": 44,[39m
    [31m+         "left": 486,[39m
    [31m+         "right": 945.296875,[39m
    [31m+         "top": 479,[39m
    [31m+         "width": 459.296875,[39m
    [31m+         "x": 486,[39m
    [31m+         "y": 479,[39m
    [31m+       },[39m
    [31m+       "clips": Array [],[39m
    [31m+       "color": "rgb(0, 0, 0)",[39m
    [31m+       "disabled": "false",[39m
    [31m+       "focusBackplate": "none",[39m
    [31m+       "focusVisible": true,[39m
    [31m+       "focused": true,[39m
    [31m+       "hit": true,[39m
    [31m+       "hovered": false,[39m
    [31m+       "label": "Переименовать Страница...",[39m
    [31m+       "layer": "popup",[39m
    [31m+       "mask": "none",[39m
    [31m+       "outlineColor": "rgb(55, 0, 110)",[39m
    [31m+       "outlineWidth": "2px",[39m
    [31m+       "parentBackground": "rgb(255, 255, 255)",[39m
    [31m+       "role": "menuitem",[39m
    [31m+     },[39m
    [31m+     "label": "forced-coarse-reduced-text200",[39m
    [31m+     "rule": "VISIBLE_UNOCCLUDED_TARGET",[39m
    [31m+     "state": "pages-submenu-focus",[39m
    [31m+   },[39m
    [31m+   Object {[39m
    [31m+     "control": Object {[39m
    [31m+       "adjacentBackground": "rgb(255, 255, 255)",[39m
    [31m+       "background": "rgb(255, 255, 255)",[39m
    [31m+       "box": Object {[39m
    [31m+         "bottom": 567,[39m
    [31m+         "height": 44,[39m
    [31m+         "left": 486,[39m
    [31m+         "right": 945.296875,[39m
    [31m+         "top": 523,[39m
    [31m+         "width": 459.296875,[39m
    [31m+         "x": 486,[39m
    [31m+         "y": 523,[39m
    [31m+       },[39m
    [31m+       "clips": Array [],[39m
    [31m+       "color": "rgb(0, 0, 0)",[39m
    [31m+       "disabled": "false",[39m
    [31m+       "focusBackplate": "none",[39m
    [31m+       "focusVisible": false,[39m
    [31m+       "focused": false,[39m
    [31m+       "hit": true,[39m
    [31m+       "hovered": false,[39m
    [31m+       "label": "Удалить Страница",[39m
    [31m+       "layer": "popup",[39m
    [31m+       "mask": "none",[39m
    [31m+       "outlineColor": "rgb(0, 0, 0)",[39m
    [31m+       "outlineWidth": "3px",[39m
    [31m+       "parentBackground": "rgb(255, 255, 255)",[39m
    [31m+       "role": "menuitem",[39m
    [31m+     },[39m
    [31m+     "label": "forced-coarse-reduced-text200",[39m
    [31m+     "rule": "VISIBLE_UNOCCLUDED_TARGET",[39m
    [31m+     "state": "pages-submenu-focus",[39m
    [31m+   },[39m
    [31m+   Object {[39m
    [31m+     "control": Object {[39m
    [31m+       "adjacentBackground": "rgb(255, 255, 255)",[39m
    [31m+       "background": "rgb(255, 255, 255)",[39m
    [31m+       "box": Object {[39m
    [31m+         "bottom": 640,[39m
    [31m+         "height": 44,[39m
    [31m+         "left": 486,[39m
    [31m+         "right": 945.296875,[39m
    [31m+         "top": 596,[39m
    [31m+         "width": 459.296875,[39m
    [31m+         "x": 486,[39m
    [31m+         "y": 596,[39m
    [31m+       },[39m
    [31m+       "clips": Array [],[39m
    [31m+       "color": "rgb(0, 0, 0)",[39m
    [31m+       "disabled": "false",[39m
    [31m+       "focusBackplate": "none",[39m
    [31m+       "focusVisible": false,[39m
    [31m+       "focused": false,[39m
    [31m+       "hit": true,[39m
    [31m+       "hovered": false,[39m
    [31m+       "label": "Дублировать Страница",[39m
    [31m+       "layer": "popup",[39m
    [31m+       "mask": "none",[39m
    [31m+       "outlineColor": "rgb(0, 0, 0)",[39m
    [31m+       "outlineWidth": "3px",[39m
    [31m+       "parentBackground": "rgb(255, 255, 255)",[39m
    [31m+       "role": "menuitem",[39m
    [31m+     },[39m
    [31m+     "label": "forced-coarse-reduced-text200",[39m
    [31m+     "rule": "VISIBLE_UNOCCLUDED_TARGET",[39m
    [31m+     "state": "pages-submenu-focus",[39m
    [31m+   },[39m
    [31m+   Object {[39m
    [31m+     "control": Object {[39m
    [31m+       "adjacentBackground": "rgb(255, 255, 255)",[39m
    [31m+       "background": "rgb(255, 255, 255)",[39m
    [31m+       "box": Object {[39m
    [31m+         "bottom": 523,[39m
    [31m+         "height": 44,[39m
    [31m+         "left": 472,[39m
    [31m+         "right": 931.296875,[39m
    [31m+         "top": 479,[39m
    [31m+         "width": 459.296875,[39m
    [31m+         "x": 472,[39m
    [31m+         "y": 479,[39m
    [31m+       },[39m
    [31m+       "clips": Array [],[39m
    [31m+       "color": "rgb(0, 0, 0)",[39m
    [31m+       "disabled": "false",[39m
    [31m+       "focusBackplate": "none",[39m
    [31m+       "focusVisible": true,[39m
    [31m+       "focused": true,[39m
    [31m+       "hit": true,[39m
    [31m+       "hovered": true,[39m
    [31m+       "label": "Переименовать Страница...",[39m
    [31m+       "layer": "popup",[39m
    [31m+       "mask": "none",[39m
    [31m+       "outlineColor": "rgb(55, 0, 110)",[39m
    [31m+       "outlineWidth": "2px",[39m
    [31m+       "parentBackground": "rgb(255, 255, 255)",[39m
    [31m+       "role": "menuitem",[39m
    [31m+     },[39m
    [31m+     "label": "forced-coarse-reduced-text200",[39m
    [31m+     "rule": "VISIBLE_UNOCCLUDED_TARGET",[39m
    [31m+     "state": "pages-submenu-hover-focus",[39m
    [31m+   },[39m
    [31m+   Object {[39m
    [31m+     "control": Object {[39m
    [31m+       "adjacentBackground": "rgb(255, 255, 255)",[39m
    [31m+       "background": "rgb(255, 255, 255)",[39m
    [31m+       "box": Object {[39m
    [31m+         "bottom": 567,[39m
    [31m+         "height": 44,[39m
    [31m+         "left": 472,[39m
    [31m+         "right": 931.296875,[39m
    [31m+         "top": 523,[39m
    [31m+         "width": 459.296875,[39m
    [31m+         "x": 472,[39m
    [31m+         "y": 523,[39m
    [31m+       },[39m
    [31m+       "clips": Array [],[39m
    [31m+       "color": "rgb(0, 0, 0)",[39m
    [31m+       "disabled": "false",[39m
    [31m+       "focusBackplate": "none",[39m
    [31m+       "focusVisible": false,[39m
    [31m+       "focused": false,[39m
    [31m+       "hit": true,[39m
    [31m+       "hovered": false,[39m
    [31m+       "label": "Удалить Страница",[39m
    [31m+       "layer": "popup",[39m
    [31m+       "mask": "none",[39m
    [31m+       "outlineColor": "rgb(0, 0, 0)",[39m
    [31m+       "outlineWidth": "3px",[39m
    [31m+       "parentBackground": "rgb(255, 255, 255)",[39m
    [31m+       "role": "menuitem",[39m
    [31m+     },[39m
    [31m+     "label": "forced-coarse-reduced-text200",[39m
    [31m+     "rule": "VISIBLE_UNOCCLUDED_TARGET",[39m
    [31m+     "state": "pages-submenu-hover-focus",[39m
    [31m+   },[39m
    [31m+   Object {[39m
    [31m+     "control": Object {[39m
    [31m+       "adjacentBackground": "rgb(255, 255, 255)",[39m
    [31m+       "background": "rgb(255, 255, 255)",[39m
    [31m+       "box": Object {[39m
    [31m+         "bottom": 640,[39m
    [31m+         "height": 44,[39m
    [31m+         "left": 472,[39m
    [31m+         "right": 931.296875,[39m
    [31m+         "top": 596,[39m
    [31m+         "width": 459.296875,[39m
    [31m+         "x": 472,[39m
    [31m+         "y": 596,[39m
    [31m+       },[39m
    [31m+       "clips": Array [],[39m
    [31m+       "color": "rgb(0, 0, 0)",[39m
    [31m+       "disabled": "false",[39m
    [31m+       "focusBackplate": "none",[39m
    [31m+       "focusVisible": false,[39m
    [31m+       "focused": false,[39m
    [31m+       "hit": true,[39m
    [31m+       "hovered": false,[39m
    [31m+       "label": "Дублировать Страница",[39m
    [31m+       "layer": "popup",[39m
    [31m+       "mask": "none",[39m
    [31m+       "outlineColor": "rgb(0, 0, 0)",[39m
    [31m+       "outlineWidth": "3px",[39m
    [31m+       "parentBackground": "rgb(255, 255, 255)",[39m
    [31m+       "role": "menuitem",[39m
    [31m+     },[39m
    [31m+     "label": "forced-coarse-reduced-text200",[39m
    [31m+     "rule": "VISIBLE_UNOCCLUDED_TARGET",[39m
    [31m+     "state": "pages-submenu-hover-focus",[39m
    [31m+   },[39m
    [31m+ ][39m

      3105 |           await session.send('Emulation.setTouchEmulationEnabled', { enabled: false })
      3106 |           await session.detach()
    > 3107 |           expect(violations).toEqual([])
           |                              ^
      3108 |         } finally {
      3109 |           await writeFile(
      3110 |             info.outputPath('lower-matrix-observations.json'),
        at C:\Users\NVISEN\.codex\worktrees\ui-design-contract\frade\apps\desktop\tests\e2e\ui-contract-theme.spec.ts:3107:30

    attachment #1: screenshot (image/png) ──────────────────────────────────────────────────────────
    test-results\ui-contract-theme-P01-LOWE-ad07c-arget-focus-contrast-bounds\test-failed-1.png
    ────────────────────────────────────────────────────────────────────────────────────────────────

    attachment #2: trace (application/zip) ─────────────────────────────────────────────────────────
    test-results\ui-contract-theme-P01-LOWE-ad07c-arget-focus-contrast-bounds\trace.zip
    Usage:

        pnpm exec playwright show-trace test-results\ui-contract-theme-P01-LOWE-ad07c-arget-focus-contrast-bounds\trace.zip

    ────────────────────────────────────────────────────────────────────────────────────────────────

  5) tests\e2e\ui-contract-theme.spec.ts:2776:3 › P01-LOWER-matrix high-contrast compact actual lower and popup target focus contrast bounds 

    Error: [2mexpect([22m[31mreceived[39m[2m).[22mtoEqual[2m([22m[32mexpected[39m[2m) // deep equality[22m

    [32m- Expected  -   1[39m
    [31m+ Received  + 512[39m

    [32m- Array [][39m
    [31m+ Array [[39m
    [31m+   Object {[39m
    [31m+     "control": Object {[39m
    [31m+       "adjacentBackground": "rgb(0, 0, 0)",[39m
    [31m+       "background": "rgb(0, 0, 0)",[39m
    [31m+       "box": Object {[39m
    [31m+         "bottom": 363.3125,[39m
    [31m+         "height": 28,[39m
    [31m+         "left": 70,[39m
    [31m+         "right": 316.15625,[39m
    [31m+         "top": 335.3125,[39m
    [31m+         "width": 246.15625,[39m
    [31m+         "x": 70,[39m
    [31m+         "y": 335.3125,[39m
    [31m+       },[39m
    [31m+       "clips": Array [],[39m
    [31m+       "color": "rgb(255, 255, 255)",[39m
    [31m+       "disabled": "false",[39m
    [31m+       "focusBackplate": "none",[39m
    [31m+       "focusVisible": false,[39m
    [31m+       "focused": false,[39m
    [31m+       "hit": false,[39m
    [31m+       "hovered": true,[39m
    [31m+       "label": "Workshop",[39m
    [31m+       "layer": "popup",[39m
    [31m+       "mask": "none",[39m
    [31m+       "outlineColor": "rgb(255, 255, 255)",[39m
    [31m+       "outlineWidth": "3px",[39m
    [31m+       "parentBackground": "rgb(0, 0, 0)",[39m
    [31m+       "role": "menuitemcheckbox",[39m
    [31m+     },[39m
    [31m+     "label": "850x650",[39m
    [31m+     "rule": "VISIBLE_UNOCCLUDED_TARGET",[39m
    [31m+     "state": "pages-root-hover-focus",[39m
    [31m+   },[39m
    [31m+   Object {[39m
    [31m+     "control": Object {[39m
    [31m+       "adjacentBackground": "rgb(0, 0, 0)",[39m
    [31m+       "background": "rgb(0, 0, 0)",[39m
    [31m+       "box": Object {[39m
    [31m+         "bottom": 425.625,[39m
    [31m+         "height": 28,[39m
    [31m+         "left": 70,[39m
    [31m+         "right": 316.15625,[39m
    [31m+         "top": 397.625,[39m
    [31m+         "width": 246.15625,[39m
    [31m+         "x": 70,[39m
    [31m+         "y": 397.625,[39m
    [31m+       },[39m
    [31m+       "clips": Array [],[39m
    [31m+       "color": "rgb(255, 255, 255)",[39m
    [31m+       "disabled": "false",[39m
    [31m+       "focusBackplate": "none",[39m
    [31m+       "focusVisible": false,[39m
    [31m+       "focused": false,[39m
    [31m+       "hit": false,[39m
    [31m+       "hovered": false,[39m
    [31m+       "label": "Удалить всё",[39m
    [31m+       "layer": "popup",[39m
    [31m+       "mask": "none",[39m
    [31m+       "outlineColor": "rgb(255, 255, 255)",[39m
    [31m+       "outlineWidth": "3px",[39m
    [31m+       "parentBackground": "rgb(0, 0, 0)",[39m
    [31m+       "role": "menuitem",[39m
    [31m+     },[39m
    [31m+     "label": "850x650",[39m
    [31m+     "rule": "VISIBLE_UNOCCLUDED_TARGET",[39m
    [31m+     "state": "pages-root-hover-focus",[39m
    [31m+   },[39m
    [31m+   Object {[39m
    [31m+     "control": Object {[39m
    [31m+       "adjacentBackground": "rgb(0, 0, 0)",[39m
    [31m+       "background": "rgb(0, 0, 0)",[39m
    [31m+       "box": Object {[39m
    [31m+         "bottom": 363.3125,[39m
    [31m+         "height": 28,[39m
    [31m+         "left": 70,[39m
    [31m+         "right": 316.15625,[39m
    [31m+         "top": 335.3125,[39m
    [31m+         "width": 246.15625,[39m
    [31m+         "x": 70,[39m
    [31m+         "y": 335.3125,[39m
    [31m+       },[39m
    [31m+       "clips": Array [],[39m
    [31m+       "color": "rgb(255, 255, 255)",[39m
    [31m+       "disabled": "false",[39m
    [31m+       "focusBackplate": "none",[39m
    [31m+       "focusVisible": false,[39m
    [31m+       "focused": false,[39m
    [31m+       "hit": false,[39m
    [31m+       "hovered": true,[39m
    [31m+       "label": "Workshop",[39m
    [31m+       "layer": "popup",[39m
    [31m+       "mask": "none",[39m
    [31m+       "outlineColor": "rgb(255, 255, 255)",[39m
    [31m+       "outlineWidth": "3px",[39m
    [31m+       "parentBackground": "rgb(0, 0, 0)",[39m
    [31m+       "role": "menuitemcheckbox",[39m
    [31m+     },[39m
    [31m+     "label": "850x650",[39m
    [31m+     "rule": "VISIBLE_UNOCCLUDED_TARGET",[39m
    [31m+     "state": "pages-submenu-focus",[39m
    [31m+   },[39m
    [31m+   Object {[39m
    [31m+     "control": Object {[39m
    [31m+       "adjacentBackground": "rgb(0, 0, 0)",[39m
    [31m+       "background": "rgb(0, 0, 0)",[39m
    [31m+       "box": Object {[39m
    [31m+         "bottom": 425.625,[39m
    [31m+         "height": 28,[39m
    [31m+         "left": 70,[39m
    [31m+         "right": 316.15625,[39m
    [31m+         "top": 397.625,[39m
    [31m+         "width": 246.15625,[39m
    [31m+         "x": 70,[39m
    [31m+         "y": 397.625,[39m
    [31m+       },[39m
    [31m+       "clips": Array [],[39m
    [31m+       "color": "rgb(255, 255, 255)",[39m
    [31m+       "disabled": "false",[39m
    [31m+       "focusBackplate": "none",[39m
    [31m+       "focusVisible": false,[39m
    [31m+       "focused": false,[39m
    [31m+       "hit": false,[39m
    [31m+       "hovered": false,[39m
    [31m+       "label": "Удалить всё",[39m
    [31m+       "layer": "popup",[39m
    [31m+       "mask": "none",[39m
    [31m+       "outlineColor": "rgb(255, 255, 255)",[39m
    [31m+       "outlineWidth": "3px",[39m
    [31m+       "parentBackground": "rgb(0, 0, 0)",[39m
    [31m+       "role": "menuitem",[39m
    [31m+     },[39m
    [31m+     "label": "850x650",[39m
    [31m+     "rule": "VISIBLE_UNOCCLUDED_TARGET",[39m
    [31m+     "state": "pages-submenu-focus",[39m
    [31m+   },[39m
    [31m+   Object {[39m
    [31m+     "control": Object {[39m
    [31m+       "adjacentBackground": "rgb(0, 0, 0)",[39m
    [31m+       "background": "rgb(0, 0, 0)",[39m
    [31m+       "box": Object {[39m
    [31m+         "bottom": 363.3125,[39m
    [31m+         "height": 28,[39m
    [31m+         "left": 70,[39m
    [31m+         "right": 316.15625,[39m
    [31m+         "top": 335.3125,[39m
    [31m+         "width": 246.15625,[39m
    [31m+         "x": 70,[39m
    [31m+         "y": 335.3125,[39m
    [31m+       },[39m
    [31m+       "clips": Array [],[39m
    [31m+       "color": "rgb(255, 255, 255)",[39m
    [31m+       "disabled": "false",[39m
    [31m+       "focusBackplate": "none",[39m
    [31m+       "focusVisible": false,[39m
    [31m+       "focused": false,[39m
    [31m+       "hit": false,[39m
    [31m+       "hovered": false,[39m
    [31m+       "label": "Workshop",[39m
    [31m+       "layer": "popup",[39m
    [31m+       "mask": "none",[39m
    [31m+       "outlineColor": "rgb(255, 255, 255)",[39m
    [31m+       "outlineWidth": "3px",[39m
    [31m+       "parentBackground": "rgb(0, 0, 0)",[39m
    [31m+       "role": "menuitemcheckbox",[39m
    [31m+     },[39m
    [31m+     "label": "850x650",[39m
    [31m+     "rule": "VISIBLE_UNOCCLUDED_TARGET",[39m
    [31m+     "state": "pages-submenu-hover-focus",[39m
    [31m+   },[39m
    [31m+   Object {[39m
    [31m+     "control": Object {[39m
    [31m+       "adjacentBackground": "rgb(0, 0, 0)",[39m
    [31m+       "background": "rgb(0, 0, 0)",[39m
    [31m+       "box": Object {[39m
    [31m+         "bottom": 425.625,[39m
    [31m+         "height": 28,[39m
    [31m+         "left": 70,[39m
    [31m+         "right": 316.15625,[39m
    [31m+         "top": 397.625,[39m
    [31m+         "width": 246.15625,[39m
    [31m+         "x": 70,[39m
    [31m+         "y": 397.625,[39m
    [31m+       },[39m
    [31m+       "clips": Array [],[39m
    [31m+       "color": "rgb(255, 255, 255)",[39m
    [31m+       "disabled": "false",[39m
    [31m+       "focusBackplate": "none",[39m
    [31m+       "focusVisible": false,[39m
    [31m+       "focused": false,[39m
    [31m+       "hit": false,[39m
    [31m+       "hovered": false,[39m
    [31m+       "label": "Удалить всё",[39m
    [31m+       "layer": "popup",[39m
    [31m+       "mask": "none",[39m
    [31m+       "outlineColor": "rgb(255, 255, 255)",[39m
    [31m+       "outlineWidth": "3px",[39m
    [31m+       "parentBackground": "rgb(0, 0, 0)",[39m
    [31m+       "role": "menuitem",[39m
    [31m+     },[39m
    [31m+     "label": "850x650",[39m
    [31m+     "rule": "VISIBLE_UNOCCLUDED_TARGET",[39m
    [31m+     "state": "pages-submenu-hover-focus",[39m
    [31m+   },[39m
    [31m+   Object {[39m
    [31m+     "control": Object {[39m
    [31m+       "adjacentBackground": "rgb(255, 255, 255)",[39m
    [31m+       "background": "rgb(255, 255, 255)",[39m
    [31m+       "box": Object {[39m
    [31m+         "bottom": 530,[39m
    [31m+         "height": 44,[39m
    [31m+         "left": 486,[39m
    [31m+         "right": 945.296875,[39m
    [31m+         "top": 486,[39m
    [31m+         "width": 459.296875,[39m
    [31m+         "x": 486,[39m
    [31m+         "y": 486,[39m
    [31m+       },[39m
    [31m+       "clips": Array [],[39m
    [31m+       "color": "rgb(0, 0, 0)",[39m
    [31m+       "disabled": "false",[39m
    [31m+       "focusBackplate": "none",[39m
    [31m+       "focusVisible": false,[39m
    [31m+       "focused": false,[39m
    [31m+       "hit": true,[39m
    [31m+       "hovered": false,[39m
    [31m+       "label": "Переименовать Страница...",[39m
    [31m+       "layer": "popup",[39m
    [31m+       "mask": "none",[39m
    [31m+       "outlineColor": "rgb(0, 0, 0)",[39m
    [31m+       "outlineWidth": "3px",[39m
    [31m+       "parentBackground": "rgb(255, 255, 255)",[39m
    [31m+       "role": "menuitem",[39m
    [31m+     },[39m
    [31m+     "label": "forced-coarse-reduced-text200",[39m
    [31m+     "rule": "VISIBLE_UNOCCLUDED_TARGET",[39m
    [31m+     "state": "pages-root-hover-focus",[39m
    [31m+   },[39m
    [31m+   Object {[39m
    [31m+     "control": Object {[39m
    [31m+       "adjacentBackground": "rgb(255, 255, 255)",[39m
    [31m+       "background": "rgb(255, 255, 255)",[39m
    [31m+       "box": Object {[39m
    [31m+         "bottom": 574,[39m
    [31m+         "height": 44,[39m
    [31m+         "left": 486,[39m
    [31m+         "right": 945.296875,[39m
    [31m+         "top": 530,[39m
    [31m+         "width": 459.296875,[39m
    [31m+         "x": 486,[39m
    [31m+         "y": 530,[39m
    [31m+       },[39m
    [31m+       "clips": Array [],[39m
    [31m+       "color": "rgb(0, 0, 0)",[39m
    [31m+       "disabled": "false",[39m
    [31m+       "focusBackplate": "none",[39m
    [31m+       "focusVisible": false,[39m
    [31m+       "focused": false,[39m
    [31m+       "hit": true,[39m
    [31m+       "hovered": false,[39m
    [31m+       "label": "Удалить Страница",[39m
    [31m+       "layer": "popup",[39m
    [31m+       "mask": "none",[39m
    [31m+       "outlineColor": "rgb(0, 0, 0)",[39m
    [31m+       "outlineWidth": "3px",[39m
    [31m+       "parentBackground": "rgb(255, 255, 255)",[39m
    [31m+       "role": "menuitem",[39m
    [31m+     },[39m
    [31m+     "label": "forced-coarse-reduced-text200",[39m
    [31m+     "rule": "VISIBLE_UNOCCLUDED_TARGET",[39m
    [31m+     "state": "pages-root-hover-focus",[39m
    [31m+   },[39m
    [31m+   Object {[39m
    [31m+     "control": Object {[39m
    [31m+       "adjacentBackground": "rgb(255, 255, 255)",[39m
    [31m+       "background": "rgb(255, 255, 255)",[39m
    [31m+       "box": Object {[39m
    [31m+         "bottom": 647,[39m
    [31m+         "height": 44,[39m
    [31m+         "left": 486,[39m
    [31m+         "right": 945.296875,[39m
    [31m+         "top": 603,[39m
    [31m+         "width": 459.296875,[39m
    [31m+         "x": 486,[39m
    [31m+         "y": 603,[39m
    [31m+       },[39m
    [31m+       "clips": Array [],[39m
    [31m+       "color": "rgb(0, 0, 0)",[39m
    [31m+       "disabled": "false",[39m
    [31m+       "focusBackplate": "none",[39m
    [31m+       "focusVisible": false,[39m
    [31m+       "focused": false,[39m
    [31m+       "hit": true,[39m
    [31m+       "hovered": false,[39m
    [31m+       "label": "Дублировать Страница",[39m
    [31m+       "layer": "popup",[39m
    [31m+       "mask": "none",[39m
    [31m+       "outlineColor": "rgb(0, 0, 0)",[39m
    [31m+       "outlineWidth": "3px",[39m
    [31m+       "parentBackground": "rgb(255, 255, 255)",[39m
    [31m+       "role": "menuitem",[39m
    [31m+     },[39m
    [31m+     "label": "forced-coarse-reduced-text200",[39m
    [31m+     "rule": "VISIBLE_UNOCCLUDED_TARGET",[39m
    [31m+     "state": "pages-root-hover-focus",[39m
    [31m+   },[39m
    [31m+   Object {[39m
    [31m+     "control": Object {[39m
    [31m+       "adjacentBackground": "rgb(255, 255, 255)",[39m
    [31m+       "background": "rgb(255, 255, 255)",[39m
    [31m+       "box": Object {[39m
    [31m+         "bottom": 530,[39m
    [31m+         "height": 44,[39m
    [31m+         "left": 486,[39m
    [31m+         "right": 945.296875,[39m
    [31m+         "top": 486,[39m
    [31m+         "width": 459.296875,[39m
    [31m+         "x": 486,[39m
    [31m+         "y": 486,[39m
    [31m+       },[39m
    [31m+       "clips": Array [],[39m
    [31m+       "color": "rgb(0, 0, 0)",[39m
    [31m+       "disabled": "false",[39m
    [31m+       "focusBackplate": "none",[39m
    [31m+       "focusVisible": true,[39m
    [31m+       "focused": true,[39m
    [31m+       "hit": true,[39m
    [31m+       "hovered": false,[39m
    [31m+       "label": "Переименовать Страница...",[39m
    [31m+       "layer": "popup",[39m
    [31m+       "mask": "none",[39m
    [31m+       "outlineColor": "rgb(55, 0, 110)",[39m
    [31m+       "outlineWidth": "2px",[39m
    [31m+       "parentBackground": "rgb(255, 255, 255)",[39m
    [31m+       "role": "menuitem",[39m
    [31m+     },[39m
    [31m+     "label": "forced-coarse-reduced-text200",[39m
    [31m+     "rule": "VISIBLE_UNOCCLUDED_TARGET",[39m
    [31m+     "state": "pages-submenu-focus",[39m
    [31m+   },[39m
    [31m+   Object {[39m
    [31m+     "control": Object {[39m
    [31m+       "adjacentBackground": "rgb(255, 255, 255)",[39m
    [31m+       "background": "rgb(255, 255, 255)",[39m
    [31m+       "box": Object {[39m
    [31m+         "bottom": 574,[39m
    [31m+         "height": 44,[39m
    [31m+         "left": 486,[39m
    [31m+         "right": 945.296875,[39m
    [31m+         "top": 530,[39m
    [31m+         "width": 459.296875,[39m
    [31m+         "x": 486,[39m
    [31m+         "y": 530,[39m
    [31m+       },[39m
    [31m+       "clips": Array [],[39m
    [31m+       "color": "rgb(0, 0, 0)",[39m
    [31m+       "disabled": "false",[39m
    [31m+       "focusBackplate": "none",[39m
    [31m+       "focusVisible": false,[39m
    [31m+       "focused": false,[39m
    [31m+       "hit": true,[39m
    [31m+       "hovered": false,[39m
    [31m+       "label": "Удалить Страница",[39m
    [31m+       "layer": "popup",[39m
    [31m+       "mask": "none",[39m
    [31m+       "outlineColor": "rgb(0, 0, 0)",[39m
    [31m+       "outlineWidth": "3px",[39m
    [31m+       "parentBackground": "rgb(255, 255, 255)",[39m
    [31m+       "role": "menuitem",[39m
    [31m+     },[39m
    [31m+     "label": "forced-coarse-reduced-text200",[39m
    [31m+     "rule": "VISIBLE_UNOCCLUDED_TARGET",[39m
    [31m+     "state": "pages-submenu-focus",[39m
    [31m+   },[39m
    [31m+   Object {[39m
    [31m+     "control": Object {[39m
    [31m+       "adjacentBackground": "rgb(255, 255, 255)",[39m
    [31m+       "background": "rgb(255, 255, 255)",[39m
    [31m+       "box": Object {[39m
    [31m+         "bottom": 647,[39m
    [31m+         "height": 44,[39m
    [31m+         "left": 486,[39m
    [31m+         "right": 945.296875,[39m
    [31m+         "top": 603,[39m
    [31m+         "width": 459.296875,[39m
    [31m+         "x": 486,[39m
    [31m+         "y": 603,[39m
    [31m+       },[39m
    [31m+       "clips": Array [],[39m
    [31m+       "color": "rgb(0, 0, 0)",[39m
    [31m+       "disabled": "false",[39m
    [31m+       "focusBackplate": "none",[39m
    [31m+       "focusVisible": false,[39m
    [31m+       "focused": false,[39m
    [31m+       "hit": true,[39m
    [31m+       "hovered": false,[39m
    [31m+       "label": "Дублировать Страница",[39m
    [31m+       "layer": "popup",[39m
    [31m+       "mask": "none",[39m
    [31m+       "outlineColor": "rgb(0, 0, 0)",[39m
    [31m+       "outlineWidth": "3px",[39m
    [31m+       "parentBackground": "rgb(255, 255, 255)",[39m
    [31m+       "role": "menuitem",[39m
    [31m+     },[39m
    [31m+     "label": "forced-coarse-reduced-text200",[39m
    [31m+     "rule": "VISIBLE_UNOCCLUDED_TARGET",[39m
    [31m+     "state": "pages-submenu-focus",[39m
    [31m+   },[39m
    [31m+   Object {[39m
    [31m+     "control": Object {[39m
    [31m+       "adjacentBackground": "rgb(255, 255, 255)",[39m
    [31m+       "background": "rgb(255, 255, 255)",[39m
    [31m+       "box": Object {[39m
    [31m+         "bottom": 530,[39m
    [31m+         "height": 44,[39m
    [31m+         "left": 472,[39m
    [31m+         "right": 931.296875,[39m
    [31m+         "top": 486,[39m
    [31m+         "width": 459.296875,[39m
    [31m+         "x": 472,[39m
    [31m+         "y": 486,[39m
    [31m+       },[39m
    [31m+       "clips": Array [],[39m
    [31m+       "color": "rgb(0, 0, 0)",[39m
    [31m+       "disabled": "false",[39m
    [31m+       "focusBackplate": "none",[39m
    [31m+       "focusVisible": true,[39m
    [31m+       "focused": true,[39m
    [31m+       "hit": true,[39m
    [31m+       "hovered": true,[39m
    [31m+       "label": "Переименовать Страница...",[39m
    [31m+       "layer": "popup",[39m
    [31m+       "mask": "none",[39m
    [31m+       "outlineColor": "rgb(55, 0, 110)",[39m
    [31m+       "outlineWidth": "2px",[39m
    [31m+       "parentBackground": "rgb(255, 255, 255)",[39m
    [31m+       "role": "menuitem",[39m
    [31m+     },[39m
    [31m+     "label": "forced-coarse-reduced-text200",[39m
    [31m+     "rule": "VISIBLE_UNOCCLUDED_TARGET",[39m
    [31m+     "state": "pages-submenu-hover-focus",[39m
    [31m+   },[39m
    [31m+   Object {[39m
    [31m+     "control": Object {[39m
    [31m+       "adjacentBackground": "rgb(255, 255, 255)",[39m
    [31m+       "background": "rgb(255, 255, 255)",[39m
    [31m+       "box": Object {[39m
    [31m+         "bottom": 574,[39m
    [31m+         "height": 44,[39m
    [31m+         "left": 472,[39m
    [31m+         "right": 931.296875,[39m
    [31m+         "top": 530,[39m
    [31m+         "width": 459.296875,[39m
    [31m+         "x": 472,[39m
    [31m+         "y": 530,[39m
    [31m+       },[39m
    [31m+       "clips": Array [],[39m
    [31m+       "color": "rgb(0, 0, 0)",[39m
    [31m+       "disabled": "false",[39m
    [31m+       "focusBackplate": "none",[39m
    [31m+       "focusVisible": false,[39m
    [31m+       "focused": false,[39m
    [31m+       "hit": true,[39m
    [31m+       "hovered": false,[39m
    [31m+       "label": "Удалить Страница",[39m
    [31m+       "layer": "popup",[39m
    [31m+       "mask": "none",[39m
    [31m+       "outlineColor": "rgb(0, 0, 0)",[39m
    [31m+       "outlineWidth": "3px",[39m
    [31m+       "parentBackground": "rgb(255, 255, 255)",[39m
    [31m+       "role": "menuitem",[39m
    [31m+     },[39m
    [31m+     "label": "forced-coarse-reduced-text200",[39m
    [31m+     "rule": "VISIBLE_UNOCCLUDED_TARGET",[39m
    [31m+     "state": "pages-submenu-hover-focus",[39m
    [31m+   },[39m
    [31m+   Object {[39m
    [31m+     "control": Object {[39m
    [31m+       "adjacentBackground": "rgb(255, 255, 255)",[39m
    [31m+       "background": "rgb(255, 255, 255)",[39m
    [31m+       "box": Object {[39m
    [31m+         "bottom": 647,[39m
    [31m+         "height": 44,[39m
    [31m+         "left": 472,[39m
    [31m+         "right": 931.296875,[39m
    [31m+         "top": 603,[39m
    [31m+         "width": 459.296875,[39m
    [31m+         "x": 472,[39m
    [31m+         "y": 603,[39m
    [31m+       },[39m
    [31m+       "clips": Array [],[39m
    [31m+       "color": "rgb(0, 0, 0)",[39m
    [31m+       "disabled": "false",[39m
    [31m+       "focusBackplate": "none",[39m
    [31m+       "focusVisible": false,[39m
    [31m+       "focused": false,[39m
    [31m+       "hit": true,[39m
    [31m+       "hovered": false,[39m
    [31m+       "label": "Дублировать Страница",[39m
    [31m+       "layer": "popup",[39m
    [31m+       "mask": "none",[39m
    [31m+       "outlineColor": "rgb(0, 0, 0)",[39m
    [31m+       "outlineWidth": "3px",[39m
    [31m+       "parentBackground": "rgb(255, 255, 255)",[39m
    [31m+       "role": "menuitem",[39m
    [31m+     },[39m
    [31m+     "label": "forced-coarse-reduced-text200",[39m
    [31m+     "rule": "VISIBLE_UNOCCLUDED_TARGET",[39m
    [31m+     "state": "pages-submenu-hover-focus",[39m
    [31m+   },[39m
    [31m+ ][39m

      3105 |           await session.send('Emulation.setTouchEmulationEnabled', { enabled: false })
      3106 |           await session.detach()
    > 3107 |           expect(violations).toEqual([])
           |                              ^
      3108 |         } finally {
      3109 |           await writeFile(
      3110 |             info.outputPath('lower-matrix-observations.json'),
        at C:\Users\NVISEN\.codex\worktrees\ui-design-contract\frade\apps\desktop\tests\e2e\ui-contract-theme.spec.ts:3107:30

    attachment #1: screenshot (image/png) ──────────────────────────────────────────────────────────
    test-results\ui-contract-theme-P01-LOWE-e6bc0-arget-focus-contrast-bounds\test-failed-1.png
    ────────────────────────────────────────────────────────────────────────────────────────────────

    attachment #2: trace (application/zip) ─────────────────────────────────────────────────────────
    test-results\ui-contract-theme-P01-LOWE-e6bc0-arget-focus-contrast-bounds\trace.zip
    Usage:

        pnpm exec playwright show-trace test-results\ui-contract-theme-P01-LOWE-e6bc0-arget-focus-contrast-bounds\trace.zip

    ────────────────────────────────────────────────────────────────────────────────────────────────

  6) tests\e2e\ui-contract-theme.spec.ts:2776:3 › P01-LOWER-matrix high-contrast comfortable actual lower and popup target focus contrast bounds 

    Error: [2mexpect([22m[31mreceived[39m[2m).[22mtoEqual[2m([22m[32mexpected[39m[2m) // deep equality[22m

    [32m- Expected  -   1[39m
    [31m+ Received  + 512[39m

    [32m- Array [][39m
    [31m+ Array [[39m
    [31m+   Object {[39m
    [31m+     "control": Object {[39m
    [31m+       "adjacentBackground": "rgb(0, 0, 0)",[39m
    [31m+       "background": "rgb(0, 0, 0)",[39m
    [31m+       "box": Object {[39m
    [31m+         "bottom": 339.3125,[39m
    [31m+         "height": 36,[39m
    [31m+         "left": 70,[39m
    [31m+         "right": 316.15625,[39m
    [31m+         "top": 303.3125,[39m
    [31m+         "width": 246.15625,[39m
    [31m+         "x": 70,[39m
    [31m+         "y": 303.3125,[39m
    [31m+       },[39m
    [31m+       "clips": Array [],[39m
    [31m+       "color": "rgb(255, 255, 255)",[39m
    [31m+       "disabled": "false",[39m
    [31m+       "focusBackplate": "none",[39m
    [31m+       "focusVisible": false,[39m
    [31m+       "focused": false,[39m
    [31m+       "hit": false,[39m
    [31m+       "hovered": true,[39m
    [31m+       "label": "Workshop",[39m
    [31m+       "layer": "popup",[39m
    [31m+       "mask": "none",[39m
    [31m+       "outlineColor": "rgb(255, 255, 255)",[39m
    [31m+       "outlineWidth": "3px",[39m
    [31m+       "parentBackground": "rgb(0, 0, 0)",[39m
    [31m+       "role": "menuitemcheckbox",[39m
    [31m+     },[39m
    [31m+     "label": "850x650",[39m
    [31m+     "rule": "VISIBLE_UNOCCLUDED_TARGET",[39m
    [31m+     "state": "pages-root-hover-focus",[39m
    [31m+   },[39m
    [31m+   Object {[39m
    [31m+     "control": Object {[39m
    [31m+       "adjacentBackground": "rgb(0, 0, 0)",[39m
    [31m+       "background": "rgb(0, 0, 0)",[39m
    [31m+       "box": Object {[39m
    [31m+         "bottom": 417.625,[39m
    [31m+         "height": 36,[39m
    [31m+         "left": 70,[39m
    [31m+         "right": 316.15625,[39m
    [31m+         "top": 381.625,[39m
    [31m+         "width": 246.15625,[39m
    [31m+         "x": 70,[39m
    [31m+         "y": 381.625,[39m
    [31m+       },[39m
    [31m+       "clips": Array [],[39m
    [31m+       "color": "rgb(255, 255, 255)",[39m
    [31m+       "disabled": "false",[39m
    [31m+       "focusBackplate": "none",[39m
    [31m+       "focusVisible": false,[39m
    [31m+       "focused": false,[39m
    [31m+       "hit": false,[39m
    [31m+       "hovered": false,[39m
    [31m+       "label": "Удалить всё",[39m
    [31m+       "layer": "popup",[39m
    [31m+       "mask": "none",[39m
    [31m+       "outlineColor": "rgb(255, 255, 255)",[39m
    [31m+       "outlineWidth": "3px",[39m
    [31m+       "parentBackground": "rgb(0, 0, 0)",[39m
    [31m+       "role": "menuitem",[39m
    [31m+     },[39m
    [31m+     "label": "850x650",[39m
    [31m+     "rule": "VISIBLE_UNOCCLUDED_TARGET",[39m
    [31m+     "state": "pages-root-hover-focus",[39m
    [31m+   },[39m
    [31m+   Object {[39m
    [31m+     "control": Object {[39m
    [31m+       "adjacentBackground": "rgb(0, 0, 0)",[39m
    [31m+       "background": "rgb(0, 0, 0)",[39m
    [31m+       "box": Object {[39m
    [31m+         "bottom": 339.3125,[39m
    [31m+         "height": 36,[39m
    [31m+         "left": 70,[39m
    [31m+         "right": 316.15625,[39m
    [31m+         "top": 303.3125,[39m
    [31m+         "width": 246.15625,[39m
    [31m+         "x": 70,[39m
    [31m+         "y": 303.3125,[39m
    [31m+       },[39m
    [31m+       "clips": Array [],[39m
    [31m+       "color": "rgb(255, 255, 255)",[39m
    [31m+       "disabled": "false",[39m
    [31m+       "focusBackplate": "none",[39m
    [31m+       "focusVisible": false,[39m
    [31m+       "focused": false,[39m
    [31m+       "hit": false,[39m
    [31m+       "hovered": true,[39m
    [31m+       "label": "Workshop",[39m
    [31m+       "layer": "popup",[39m
    [31m+       "mask": "none",[39m
    [31m+       "outlineColor": "rgb(255, 255, 255)",[39m
    [31m+       "outlineWidth": "3px",[39m
    [31m+       "parentBackground": "rgb(0, 0, 0)",[39m
    [31m+       "role": "menuitemcheckbox",[39m
    [31m+     },[39m
    [31m+     "label": "850x650",[39m
    [31m+     "rule": "VISIBLE_UNOCCLUDED_TARGET",[39m
    [31m+     "state": "pages-submenu-focus",[39m
    [31m+   },[39m
    [31m+   Object {[39m
    [31m+     "control": Object {[39m
    [31m+       "adjacentBackground": "rgb(0, 0, 0)",[39m
    [31m+       "background": "rgb(0, 0, 0)",[39m
    [31m+       "box": Object {[39m
    [31m+         "bottom": 417.625,[39m
    [31m+         "height": 36,[39m
    [31m+         "left": 70,[39m
    [31m+         "right": 316.15625,[39m
    [31m+         "top": 381.625,[39m
    [31m+         "width": 246.15625,[39m
    [31m+         "x": 70,[39m
    [31m+         "y": 381.625,[39m
    [31m+       },[39m
    [31m+       "clips": Array [],[39m
    [31m+       "color": "rgb(255, 255, 255)",[39m
    [31m+       "disabled": "false",[39m
    [31m+       "focusBackplate": "none",[39m
    [31m+       "focusVisible": false,[39m
    [31m+       "focused": false,[39m
    [31m+       "hit": false,[39m
    [31m+       "hovered": false,[39m
    [31m+       "label": "Удалить всё",[39m
    [31m+       "layer": "popup",[39m
    [31m+       "mask": "none",[39m
    [31m+       "outlineColor": "rgb(255, 255, 255)",[39m
    [31m+       "outlineWidth": "3px",[39m
    [31m+       "parentBackground": "rgb(0, 0, 0)",[39m
    [31m+       "role": "menuitem",[39m
    [31m+     },[39m
    [31m+     "label": "850x650",[39m
    [31m+     "rule": "VISIBLE_UNOCCLUDED_TARGET",[39m
    [31m+     "state": "pages-submenu-focus",[39m
    [31m+   },[39m
    [31m+   Object {[39m
    [31m+     "control": Object {[39m
    [31m+       "adjacentBackground": "rgb(0, 0, 0)",[39m
    [31m+       "background": "rgb(0, 0, 0)",[39m
    [31m+       "box": Object {[39m
    [31m+         "bottom": 339.3125,[39m
    [31m+         "height": 36,[39m
    [31m+         "left": 70,[39m
    [31m+         "right": 316.15625,[39m
    [31m+         "top": 303.3125,[39m
    [31m+         "width": 246.15625,[39m
    [31m+         "x": 70,[39m
    [31m+         "y": 303.3125,[39m
    [31m+       },[39m
    [31m+       "clips": Array [],[39m
    [31m+       "color": "rgb(255, 255, 255)",[39m
    [31m+       "disabled": "false",[39m
    [31m+       "focusBackplate": "none",[39m
    [31m+       "focusVisible": false,[39m
    [31m+       "focused": false,[39m
    [31m+       "hit": false,[39m
    [31m+       "hovered": false,[39m
    [31m+       "label": "Workshop",[39m
    [31m+       "layer": "popup",[39m
    [31m+       "mask": "none",[39m
    [31m+       "outlineColor": "rgb(255, 255, 255)",[39m
    [31m+       "outlineWidth": "3px",[39m
    [31m+       "parentBackground": "rgb(0, 0, 0)",[39m
    [31m+       "role": "menuitemcheckbox",[39m
    [31m+     },[39m
    [31m+     "label": "850x650",[39m
    [31m+     "rule": "VISIBLE_UNOCCLUDED_TARGET",[39m
    [31m+     "state": "pages-submenu-hover-focus",[39m
    [31m+   },[39m
    [31m+   Object {[39m
    [31m+     "control": Object {[39m
    [31m+       "adjacentBackground": "rgb(0, 0, 0)",[39m
    [31m+       "background": "rgb(0, 0, 0)",[39m
    [31m+       "box": Object {[39m
    [31m+         "bottom": 417.625,[39m
    [31m+         "height": 36,[39m
    [31m+         "left": 70,[39m
    [31m+         "right": 316.15625,[39m
    [31m+         "top": 381.625,[39m
    [31m+         "width": 246.15625,[39m
    [31m+         "x": 70,[39m
    [31m+         "y": 381.625,[39m
    [31m+       },[39m
    [31m+       "clips": Array [],[39m
    [31m+       "color": "rgb(255, 255, 255)",[39m
    [31m+       "disabled": "false",[39m
    [31m+       "focusBackplate": "none",[39m
    [31m+       "focusVisible": false,[39m
    [31m+       "focused": false,[39m
    [31m+       "hit": false,[39m
    [31m+       "hovered": false,[39m
    [31m+       "label": "Удалить всё",[39m
    [31m+       "layer": "popup",[39m
    [31m+       "mask": "none",[39m
    [31m+       "outlineColor": "rgb(255, 255, 255)",[39m
    [31m+       "outlineWidth": "3px",[39m
    [31m+       "parentBackground": "rgb(0, 0, 0)",[39m
    [31m+       "role": "menuitem",[39m
    [31m+     },[39m
    [31m+     "label": "850x650",[39m
    [31m+     "rule": "VISIBLE_UNOCCLUDED_TARGET",[39m
    [31m+     "state": "pages-submenu-hover-focus",[39m
    [31m+   },[39m
    [31m+   Object {[39m
    [31m+     "control": Object {[39m
    [31m+       "adjacentBackground": "rgb(255, 255, 255)",[39m
    [31m+       "background": "rgb(255, 255, 255)",[39m
    [31m+       "box": Object {[39m
    [31m+         "bottom": 523,[39m
    [31m+         "height": 44,[39m
    [31m+         "left": 486,[39m
    [31m+         "right": 945.296875,[39m
    [31m+         "top": 479,[39m
    [31m+         "width": 459.296875,[39m
    [31m+         "x": 486,[39m
    [31m+         "y": 479,[39m
    [31m+       },[39m
    [31m+       "clips": Array [],[39m
    [31m+       "color": "rgb(0, 0, 0)",[39m
    [31m+       "disabled": "false",[39m
    [31m+       "focusBackplate": "none",[39m
    [31m+       "focusVisible": false,[39m
    [31m+       "focused": false,[39m
    [31m+       "hit": true,[39m
    [31m+       "hovered": false,[39m
    [31m+       "label": "Переименовать Страница...",[39m
    [31m+       "layer": "popup",[39m
    [31m+       "mask": "none",[39m
    [31m+       "outlineColor": "rgb(0, 0, 0)",[39m
    [31m+       "outlineWidth": "3px",[39m
    [31m+       "parentBackground": "rgb(255, 255, 255)",[39m
    [31m+       "role": "menuitem",[39m
    [31m+     },[39m
    [31m+     "label": "forced-coarse-reduced-text200",[39m
    [31m+     "rule": "VISIBLE_UNOCCLUDED_TARGET",[39m
    [31m+     "state": "pages-root-hover-focus",[39m
    [31m+   },[39m
    [31m+   Object {[39m
    [31m+     "control": Object {[39m
    [31m+       "adjacentBackground": "rgb(255, 255, 255)",[39m
    [31m+       "background": "rgb(255, 255, 255)",[39m
    [31m+       "box": Object {[39m
    [31m+         "bottom": 567,[39m
    [31m+         "height": 44,[39m
    [31m+         "left": 486,[39m
    [31m+         "right": 945.296875,[39m
    [31m+         "top": 523,[39m
    [31m+         "width": 459.296875,[39m
    [31m+         "x": 486,[39m
    [31m+         "y": 523,[39m
    [31m+       },[39m
    [31m+       "clips": Array [],[39m
    [31m+       "color": "rgb(0, 0, 0)",[39m
    [31m+       "disabled": "false",[39m
    [31m+       "focusBackplate": "none",[39m
    [31m+       "focusVisible": false,[39m
    [31m+       "focused": false,[39m
    [31m+       "hit": true,[39m
    [31m+       "hovered": false,[39m
    [31m+       "label": "Удалить Страница",[39m
    [31m+       "layer": "popup",[39m
    [31m+       "mask": "none",[39m
    [31m+       "outlineColor": "rgb(0, 0, 0)",[39m
    [31m+       "outlineWidth": "3px",[39m
    [31m+       "parentBackground": "rgb(255, 255, 255)",[39m
    [31m+       "role": "menuitem",[39m
    [31m+     },[39m
    [31m+     "label": "forced-coarse-reduced-text200",[39m
    [31m+     "rule": "VISIBLE_UNOCCLUDED_TARGET",[39m
    [31m+     "state": "pages-root-hover-focus",[39m
    [31m+   },[39m
    [31m+   Object {[39m
    [31m+     "control": Object {[39m
    [31m+       "adjacentBackground": "rgb(255, 255, 255)",[39m
    [31m+       "background": "rgb(255, 255, 255)",[39m
    [31m+       "box": Object {[39m
    [31m+         "bottom": 640,[39m
    [31m+         "height": 44,[39m
    [31m+         "left": 486,[39m
    [31m+         "right": 945.296875,[39m
    [31m+         "top": 596,[39m
    [31m+         "width": 459.296875,[39m
    [31m+         "x": 486,[39m
    [31m+         "y": 596,[39m
    [31m+       },[39m
    [31m+       "clips": Array [],[39m
    [31m+       "color": "rgb(0, 0, 0)",[39m
    [31m+       "disabled": "false",[39m
    [31m+       "focusBackplate": "none",[39m
    [31m+       "focusVisible": false,[39m
    [31m+       "focused": false,[39m
    [31m+       "hit": true,[39m
    [31m+       "hovered": false,[39m
    [31m+       "label": "Дублировать Страница",[39m
    [31m+       "layer": "popup",[39m
    [31m+       "mask": "none",[39m
    [31m+       "outlineColor": "rgb(0, 0, 0)",[39m
    [31m+       "outlineWidth": "3px",[39m
    [31m+       "parentBackground": "rgb(255, 255, 255)",[39m
    [31m+       "role": "menuitem",[39m
    [31m+     },[39m
    [31m+     "label": "forced-coarse-reduced-text200",[39m
    [31m+     "rule": "VISIBLE_UNOCCLUDED_TARGET",[39m
    [31m+     "state": "pages-root-hover-focus",[39m
    [31m+   },[39m
    [31m+   Object {[39m
    [31m+     "control": Object {[39m
    [31m+       "adjacentBackground": "rgb(255, 255, 255)",[39m
    [31m+       "background": "rgb(255, 255, 255)",[39m
    [31m+       "box": Object {[39m
    [31m+         "bottom": 523,[39m
    [31m+         "height": 44,[39m
    [31m+         "left": 486,[39m
    [31m+         "right": 945.296875,[39m
    [31m+         "top": 479,[39m
    [31m+         "width": 459.296875,[39m
    [31m+         "x": 486,[39m
    [31m+         "y": 479,[39m
    [31m+       },[39m
    [31m+       "clips": Array [],[39m
    [31m+       "color": "rgb(0, 0, 0)",[39m
    [31m+       "disabled": "false",[39m
    [31m+       "focusBackplate": "none",[39m
    [31m+       "focusVisible": true,[39m
    [31m+       "focused": true,[39m
    [31m+       "hit": true,[39m
    [31m+       "hovered": false,[39m
    [31m+       "label": "Переименовать Страница...",[39m
    [31m+       "layer": "popup",[39m
    [31m+       "mask": "none",[39m
    [31m+       "outlineColor": "rgb(55, 0, 110)",[39m
    [31m+       "outlineWidth": "2px",[39m
    [31m+       "parentBackground": "rgb(255, 255, 255)",[39m
    [31m+       "role": "menuitem",[39m
    [31m+     },[39m
    [31m+     "label": "forced-coarse-reduced-text200",[39m
    [31m+     "rule": "VISIBLE_UNOCCLUDED_TARGET",[39m
    [31m+     "state": "pages-submenu-focus",[39m
    [31m+   },[39m
    [31m+   Object {[39m
    [31m+     "control": Object {[39m
    [31m+       "adjacentBackground": "rgb(255, 255, 255)",[39m
    [31m+       "background": "rgb(255, 255, 255)",[39m
    [31m+       "box": Object {[39m
    [31m+         "bottom": 567,[39m
    [31m+         "height": 44,[39m
    [31m+         "left": 486,[39m
    [31m+         "right": 945.296875,[39m
    [31m+         "top": 523,[39m
    [31m+         "width": 459.296875,[39m
    [31m+         "x": 486,[39m
    [31m+         "y": 523,[39m
    [31m+       },[39m
    [31m+       "clips": Array [],[39m
    [31m+       "color": "rgb(0, 0, 0)",[39m
    [31m+       "disabled": "false",[39m
    [31m+       "focusBackplate": "none",[39m
    [31m+       "focusVisible": false,[39m
    [31m+       "focused": false,[39m
    [31m+       "hit": true,[39m
    [31m+       "hovered": false,[39m
    [31m+       "label": "Удалить Страница",[39m
    [31m+       "layer": "popup",[39m
    [31m+       "mask": "none",[39m
    [31m+       "outlineColor": "rgb(0, 0, 0)",[39m
    [31m+       "outlineWidth": "3px",[39m
    [31m+       "parentBackground": "rgb(255, 255, 255)",[39m
    [31m+       "role": "menuitem",[39m
    [31m+     },[39m
    [31m+     "label": "forced-coarse-reduced-text200",[39m
    [31m+     "rule": "VISIBLE_UNOCCLUDED_TARGET",[39m
    [31m+     "state": "pages-submenu-focus",[39m
    [31m+   },[39m
    [31m+   Object {[39m
    [31m+     "control": Object {[39m
    [31m+       "adjacentBackground": "rgb(255, 255, 255)",[39m
    [31m+       "background": "rgb(255, 255, 255)",[39m
    [31m+       "box": Object {[39m
    [31m+         "bottom": 640,[39m
    [31m+         "height": 44,[39m
    [31m+         "left": 486,[39m
    [31m+         "right": 945.296875,[39m
    [31m+         "top": 596,[39m
    [31m+         "width": 459.296875,[39m
    [31m+         "x": 486,[39m
    [31m+         "y": 596,[39m
    [31m+       },[39m
    [31m+       "clips": Array [],[39m
    [31m+       "color": "rgb(0, 0, 0)",[39m
    [31m+       "disabled": "false",[39m
    [31m+       "focusBackplate": "none",[39m
    [31m+       "focusVisible": false,[39m
    [31m+       "focused": false,[39m
    [31m+       "hit": true,[39m
    [31m+       "hovered": false,[39m
    [31m+       "label": "Дублировать Страница",[39m
    [31m+       "layer": "popup",[39m
    [31m+       "mask": "none",[39m
    [31m+       "outlineColor": "rgb(0, 0, 0)",[39m
    [31m+       "outlineWidth": "3px",[39m
    [31m+       "parentBackground": "rgb(255, 255, 255)",[39m
    [31m+       "role": "menuitem",[39m
    [31m+     },[39m
    [31m+     "label": "forced-coarse-reduced-text200",[39m
    [31m+     "rule": "VISIBLE_UNOCCLUDED_TARGET",[39m
    [31m+     "state": "pages-submenu-focus",[39m
    [31m+   },[39m
    [31m+   Object {[39m
    [31m+     "control": Object {[39m
    [31m+       "adjacentBackground": "rgb(255, 255, 255)",[39m
    [31m+       "background": "rgb(255, 255, 255)",[39m
    [31m+       "box": Object {[39m
    [31m+         "bottom": 523,[39m
    [31m+         "height": 44,[39m
    [31m+         "left": 472,[39m
    [31m+         "right": 931.296875,[39m
    [31m+         "top": 479,[39m
    [31m+         "width": 459.296875,[39m
    [31m+         "x": 472,[39m
    [31m+         "y": 479,[39m
    [31m+       },[39m
    [31m+       "clips": Array [],[39m
    [31m+       "color": "rgb(0, 0, 0)",[39m
    [31m+       "disabled": "false",[39m
    [31m+       "focusBackplate": "none",[39m
    [31m+       "focusVisible": true,[39m
    [31m+       "focused": true,[39m
    [31m+       "hit": true,[39m
    [31m+       "hovered": true,[39m
    [31m+       "label": "Переименовать Страница...",[39m
    [31m+       "layer": "popup",[39m
    [31m+       "mask": "none",[39m
    [31m+       "outlineColor": "rgb(55, 0, 110)",[39m
    [31m+       "outlineWidth": "2px",[39m
    [31m+       "parentBackground": "rgb(255, 255, 255)",[39m
    [31m+       "role": "menuitem",[39m
    [31m+     },[39m
    [31m+     "label": "forced-coarse-reduced-text200",[39m
    [31m+     "rule": "VISIBLE_UNOCCLUDED_TARGET",[39m
    [31m+     "state": "pages-submenu-hover-focus",[39m
    [31m+   },[39m
    [31m+   Object {[39m
    [31m+     "control": Object {[39m
    [31m+       "adjacentBackground": "rgb(255, 255, 255)",[39m
    [31m+       "background": "rgb(255, 255, 255)",[39m
    [31m+       "box": Object {[39m
    [31m+         "bottom": 567,[39m
    [31m+         "height": 44,[39m
    [31m+         "left": 472,[39m
    [31m+         "right": 931.296875,[39m
    [31m+         "top": 523,[39m
    [31m+         "width": 459.296875,[39m
    [31m+         "x": 472,[39m
    [31m+         "y": 523,[39m
    [31m+       },[39m
    [31m+       "clips": Array [],[39m
    [31m+       "color": "rgb(0, 0, 0)",[39m
    [31m+       "disabled": "false",[39m
    [31m+       "focusBackplate": "none",[39m
    [31m+       "focusVisible": false,[39m
    [31m+       "focused": false,[39m
    [31m+       "hit": true,[39m
    [31m+       "hovered": false,[39m
    [31m+       "label": "Удалить Страница",[39m
    [31m+       "layer": "popup",[39m
    [31m+       "mask": "none",[39m
    [31m+       "outlineColor": "rgb(0, 0, 0)",[39m
    [31m+       "outlineWidth": "3px",[39m
    [31m+       "parentBackground": "rgb(255, 255, 255)",[39m
    [31m+       "role": "menuitem",[39m
    [31m+     },[39m
    [31m+     "label": "forced-coarse-reduced-text200",[39m
    [31m+     "rule": "VISIBLE_UNOCCLUDED_TARGET",[39m
    [31m+     "state": "pages-submenu-hover-focus",[39m
    [31m+   },[39m
    [31m+   Object {[39m
    [31m+     "control": Object {[39m
    [31m+       "adjacentBackground": "rgb(255, 255, 255)",[39m
    [31m+       "background": "rgb(255, 255, 255)",[39m
    [31m+       "box": Object {[39m
    [31m+         "bottom": 640,[39m
    [31m+         "height": 44,[39m
    [31m+         "left": 472,[39m
    [31m+         "right": 931.296875,[39m
    [31m+         "top": 596,[39m
    [31m+         "width": 459.296875,[39m
    [31m+         "x": 472,[39m
    [31m+         "y": 596,[39m
    [31m+       },[39m
    [31m+       "clips": Array [],[39m
    [31m+       "color": "rgb(0, 0, 0)",[39m
    [31m+       "disabled": "false",[39m
    [31m+       "focusBackplate": "none",[39m
    [31m+       "focusVisible": false,[39m
    [31m+       "focused": false,[39m
    [31m+       "hit": true,[39m
    [31m+       "hovered": false,[39m
    [31m+       "label": "Дублировать Страница",[39m
    [31m+       "layer": "popup",[39m
    [31m+       "mask": "none",[39m
    [31m+       "outlineColor": "rgb(0, 0, 0)",[39m
    [31m+       "outlineWidth": "3px",[39m
    [31m+       "parentBackground": "rgb(255, 255, 255)",[39m
    [31m+       "role": "menuitem",[39m
    [31m+     },[39m
    [31m+     "label": "forced-coarse-reduced-text200",[39m
    [31m+     "rule": "VISIBLE_UNOCCLUDED_TARGET",[39m
    [31m+     "state": "pages-submenu-hover-focus",[39m
    [31m+   },[39m
    [31m+ ][39m

      3105 |           await session.send('Emulation.setTouchEmulationEnabled', { enabled: false })
      3106 |           await session.detach()
    > 3107 |           expect(violations).toEqual([])
           |                              ^
      3108 |         } finally {
      3109 |           await writeFile(
      3110 |             info.outputPath('lower-matrix-observations.json'),
        at C:\Users\NVISEN\.codex\worktrees\ui-design-contract\frade\apps\desktop\tests\e2e\ui-contract-theme.spec.ts:3107:30

    attachment #1: screenshot (image/png) ──────────────────────────────────────────────────────────
    test-results\ui-contract-theme-P01-LOWE-af9c5-arget-focus-contrast-bounds\test-failed-1.png
    ────────────────────────────────────────────────────────────────────────────────────────────────

    attachment #2: trace (application/zip) ─────────────────────────────────────────────────────────
    test-results\ui-contract-theme-P01-LOWE-af9c5-arget-focus-contrast-bounds\trace.zip
    Usage:

        pnpm exec playwright show-trace test-results\ui-contract-theme-P01-LOWE-af9c5-arget-focus-contrast-bounds\trace.zip

    ────────────────────────────────────────────────────────────────────────────────────────────────

  6 failed
    tests\e2e\ui-contract-theme.spec.ts:2776:3 › P01-LOWER-matrix light compact actual lower and popup target focus contrast bounds 
    tests\e2e\ui-contract-theme.spec.ts:2776:3 › P01-LOWER-matrix light comfortable actual lower and popup target focus contrast bounds 
    tests\e2e\ui-contract-theme.spec.ts:2776:3 › P01-LOWER-matrix dark compact actual lower and popup target focus contrast bounds 
    tests\e2e\ui-contract-theme.spec.ts:2776:3 › P01-LOWER-matrix dark comfortable actual lower and popup target focus contrast bounds 
    tests\e2e\ui-contract-theme.spec.ts:2776:3 › P01-LOWER-matrix high-contrast compact actual lower and popup target focus contrast bounds 
    tests\e2e\ui-contract-theme.spec.ts:2776:3 › P01-LOWER-matrix high-contrast comfortable actual lower and popup target focus contrast bounds 
Error: ERR_PNPM_RECURSIVE_EXEC_FIRST_FAIL

  × "pnpm recursive exec" failed in C:\Users\NVISEN\.codex\worktrees\ui-
  │ design-contract\frade\apps\desktop

